Year	TeamID	Team	AwardTitle	AwardType	AwardSubType	AwardDecision	AwardGroup	AwardIcon
2004	489	BU						
2004	490	Caltech						
2004	493	MIT						
2004	491	Princeton						
2004	492	UTAustin						
2005	475	Berkeley						
2005	476	Caltech						
2005	477	Cambridge						
2005	478	Davidson						
2005	487	ETHZ						
2005	479	Harvard						
2005	480	MIT						
2005	485	Oklahoma						
2005	488	Penn_State						
2005	481	Princeton						
2005	486	Registry_Example						
2005	483	Toronto						
2005	484	UCSF						
2005	482	UTAustin						
2006	470	Africa						
2006	438	Arizona						
2006	439	BU						
2006	452	Bangalore						
2006	435	Berkeley						
2006	441	Brown						
2006	459	Calgary						
2006	436	Caltech						
2006	440	Cambridge						
2006	442	Chiba						
2006	471	Chungbuk						
2006	443	ColdSpringHarbor						
2006	444	Davidson						
2006	433	Duke						
2006	445	ETHZ						
2006	446	Edinburgh						
2006	447	Freiburg						
2006	448	Harvard						
2006	472	IPN_UNAM_Mexico						
2006	449	Imperial						
2006	434	Instructors						
2006	460	Irvine						
2006	450	LatinAmerica						
2006	466	MIT						
2006	468	McGill						
2006	463	Michigan						
2006	451	Mississippi						
2006	453	Missouri						
2006	469	Oklahoma						
2006	454	PennState						
2006	455	PrairieView						
2006	456	Princeton						
2006	437	Purdue						
2006	457	Rice						
2006	462	Slovenia						
2006	458	Tokyo_Alliance						
2006	464	Toronto						
2006	473	Turkey						
2006	461	UCSF						
2006	467	UTAustin						
2006	465	Valencia						
2007	25	Alberta						
2007	26	Bangalore						
2007	56	Bay_Area_RSI						
2007	49	Berkeley_LBL						
2007	16	Berkeley_UC						
2007	63	Bologna						
2007	53	Boston_University						
2007	21	Brown						
2007	47	CSHL						
2007	37	Calgary						
2007	59	Caltech						
2007	46	Cambridge						
2007	55	Cape_Peninsula						
2007	29	Chiba						
2007	65	Colombia_Israel						
2007	15	Davidson_Missouri_W						
2007	58	Duke						
2007	68	Dundee						
2007	39	ETHZ						
2007	42	Edinburgh						
2007	57	Freiburg						
2007	23	Glasgow						
2007	31	Harvard						
2007	19	Imperial						
2007	52	Lethbridge						
2007	12	Ljubljana						
2007	24	McGill						
2007	50	Melbourne						
2007	62	Mexico						
2007	20	Michigan						
2007	36	Minnesota						
2007	40	Mississippi_State						
2007	64	Missouri_Miners						
2007	35	Naples						
2007	18	Paris						
2007	14	Peking						
2007	41	Penn_State						
2007	43	Prairie_View						
2007	45	Princeton						
2007	38	Purdue						
2007	44	Rice						
2007	60	Saint_Petersburg						
2007	48	Southern_Utah						
2007	61	Taipei						
2007	22	Tianjin						
2007	51	Tokyo_Tech						
2007	33	Toronto						
2007	13	Tsinghua						
2007	54	Turkey						
2007	66	UCSF						
2007	32	USTC						
2007	30	Valencia						
2007	11	Virginia						
2007	17	Virginia_Tech						
2007	27	Waterloo						
2007	67	Wisconsin						
2008	102	Alberta_NINT	Silver	medal	silver	winner		https://static.igem.org/websites/common/2023/icons/medal-silver-flat.svg
2008	135	BCCS-Bristol	Bronze	medal	bronze	winner		https://static.igem.org/websites/common/2023/icons/medal-bronze-flat.svg
2008	80	Bay_Area_RSI						
2008	78	Beijing_Normal						
2008	79	Bologna	Bronze	medal	bronze	winner		https://static.igem.org/websites/common/2023/icons/medal-bronze-flat.svg
2008	124	Brown	Bronze	medal	bronze	winner		https://static.igem.org/websites/common/2023/icons/medal-bronze-flat.svg
2008	165	BrownTwo	Silver	medal	silver	winner		https://static.igem.org/websites/common/2023/icons/medal-silver-flat.svg
2008	88	CPU-NanJing	Bronze	medal	bronze	winner		https://static.igem.org/websites/common/2023/icons/medal-bronze-flat.svg
2008	107	Calgary_Ethics	Bronze	medal	bronze	winner		https://static.igem.org/websites/common/2023/icons/medal-bronze-flat.svg
2008	148	Calgary_Software	Silver	medal	silver	winner		https://static.igem.org/websites/common/2023/icons/medal-silver-flat.svg
2008	131	Calgary_Wetware	Silver	medal	silver	winner		https://static.igem.org/websites/common/2023/icons/medal-silver-flat.svg
2008	137	Caltech	Gold	medal	gold	winner		https://static.igem.org/websites/common/2023/icons/medal-flat.svg
2008	90	Cambridge	Bronze	medal	bronze	winner		https://static.igem.org/websites/common/2023/icons/medal-bronze-flat.svg
2008	84	Chiba	Silver	medal	silver	winner		https://static.igem.org/websites/common/2023/icons/medal-silver-flat.svg
2008	159	Colombia						
2008	91	Davidson-Missouri_Western	Gold	medal	gold	winner		https://static.igem.org/websites/common/2023/icons/medal-flat.svg
2008	158	Duke						
2008	92	EPF-Lausanne	Bronze	medal	bronze	winner		https://static.igem.org/websites/common/2023/icons/medal-bronze-flat.svg
2008	105	ESBS-Strasbourg	Bronze	medal	bronze	winner		https://static.igem.org/websites/common/2023/icons/medal-bronze-flat.svg
2008	142	ETH_Zurich	Silver	medal	silver	winner		https://static.igem.org/websites/common/2023/icons/medal-silver-flat.svg
2008	118	Edinburgh	Gold	medal	gold	winner		https://static.igem.org/websites/common/2023/icons/medal-flat.svg
2008	75	Example						
2008	157	Freiburg	Gold	medal	gold	winner		https://static.igem.org/websites/common/2023/icons/medal-flat.svg
2008	77	Groningen	Gold	medal	gold	winner		https://static.igem.org/websites/common/2023/icons/medal-flat.svg
2008	152	Guelph	Bronze	medal	bronze	winner		https://static.igem.org/websites/common/2023/icons/medal-bronze-flat.svg
2008	113	HKUSTers	Bronze	medal	bronze	winner		https://static.igem.org/websites/common/2023/icons/medal-bronze-flat.svg
2008	98	Harvard	Gold	medal	gold	winner		https://static.igem.org/websites/common/2023/icons/medal-flat.svg
2008	125	Hawaii	Bronze	medal	bronze	winner		https://static.igem.org/websites/common/2023/icons/medal-bronze-flat.svg
2008	150	Heidelberg	Gold	medal	gold	winner		https://static.igem.org/websites/common/2023/icons/medal-flat.svg
2008	86	IIT_Madras	Silver	medal	silver	winner		https://static.igem.org/websites/common/2023/icons/medal-silver-flat.svg
2008	126	Illinois	Bronze	medal	bronze	winner		https://static.igem.org/websites/common/2023/icons/medal-bronze-flat.svg
2008	143	Imperial_College	Gold	medal	gold	winner		https://static.igem.org/websites/common/2023/icons/medal-flat.svg
2008	83	Istanbul						
2008	110	Johns_Hopkins	Bronze	medal	bronze	winner		https://static.igem.org/websites/common/2023/icons/medal-bronze-flat.svg
2008	145	KULeuven	Gold	medal	gold	winner		https://static.igem.org/websites/common/2023/icons/medal-flat.svg
2008	127	Kyoto						
2008	119	LCG-UNAM-Mexico	Bronze	medal	bronze	winner		https://static.igem.org/websites/common/2023/icons/medal-bronze-flat.svg
2008	155	Lethbridge_CCS	Bronze	medal	bronze	winner		https://static.igem.org/websites/common/2023/icons/medal-bronze-flat.svg
2008	129	METU_Turkey	Bronze	medal	bronze	winner		https://static.igem.org/websites/common/2023/icons/medal-bronze-flat.svg
2008	128	MIT	Gold	medal	gold	winner		https://static.igem.org/websites/common/2023/icons/medal-flat.svg
2008	85	Melbourne	Bronze	medal	bronze	winner		https://static.igem.org/websites/common/2023/icons/medal-bronze-flat.svg
2008	134	Mexico-UNAM-IPN						
2008	138	Michigan	Bronze	medal	bronze	winner		https://static.igem.org/websites/common/2023/icons/medal-bronze-flat.svg
2008	101	Minnesota	Silver	medal	silver	winner		https://static.igem.org/websites/common/2023/icons/medal-silver-flat.svg
2008	144	Mississippi_State	Bronze	medal	bronze	winner		https://static.igem.org/websites/common/2023/icons/medal-bronze-flat.svg
2008	146	Missouri_Miners	Bronze	medal	bronze	winner		https://static.igem.org/websites/common/2023/icons/medal-bronze-flat.svg
2008	139	Montreal						
2008	117	NTU-Singapore	Silver	medal	silver	winner		https://static.igem.org/websites/common/2023/icons/medal-silver-flat.svg
2008	116	NYMU-Taipei	Silver	medal	silver	winner		https://static.igem.org/websites/common/2023/icons/medal-silver-flat.svg
2008	104	Newcastle_University	Gold	medal	gold	winner		https://static.igem.org/websites/common/2023/icons/medal-flat.svg
2008	136	Paris	Bronze	medal	bronze	winner		https://static.igem.org/websites/common/2023/icons/medal-bronze-flat.svg
2008	120	Peking_University						
2008	100	PennState	Silver	medal	silver	winner		https://static.igem.org/websites/common/2023/icons/medal-silver-flat.svg
2008	87	Peru						
2008	97	Polytech						
2008	160	Prairie_View	Bronze	medal	bronze	winner		https://static.igem.org/websites/common/2023/icons/medal-bronze-flat.svg
2008	76	Princeton						
2008	154	Purdue	Bronze	medal	bronze	winner		https://static.igem.org/websites/common/2023/icons/medal-bronze-flat.svg
2008	96	Rensselaer						
2008	122	Rice_University	Gold	medal	gold	winner		https://static.igem.org/websites/common/2023/icons/medal-flat.svg
2008	133	Slovenia	Gold	medal	gold	winner		https://static.igem.org/websites/common/2023/icons/medal-flat.svg
2008	162	Sofia_BG						
2008	115	TUDelft	Gold	medal	gold	winner		https://static.igem.org/websites/common/2023/icons/medal-flat.svg
2008	151	TU_Munchen						
2008	132	Tianjin	Bronze	medal	bronze	winner		https://static.igem.org/websites/common/2023/icons/medal-bronze-flat.svg
2008	121	Tokyo_Tech	Gold	medal	gold	winner		https://static.igem.org/websites/common/2023/icons/medal-flat.svg
2008	161	Toronto_Bluegenes						
2008	108	Tsinghua	Bronze	medal	bronze	winner		https://static.igem.org/websites/common/2023/icons/medal-bronze-flat.svg
2008	106	UCSF	Bronze	medal	bronze	winner		https://static.igem.org/websites/common/2023/icons/medal-bronze-flat.svg
2008	112	UC_Berkeley	Gold	medal	gold	winner		https://static.igem.org/websites/common/2023/icons/medal-flat.svg
2008	111	UC_Berkeley_Tools	Gold	medal	gold	winner		https://static.igem.org/websites/common/2023/icons/medal-flat.svg
2008	81	UNIPV-Pavia	Silver	medal	silver	winner		https://static.igem.org/websites/common/2023/icons/medal-silver-flat.svg
2008	82	USTC	Silver	medal	silver	winner		https://static.igem.org/websites/common/2023/icons/medal-silver-flat.svg
2008	123	University_of_Alberta	Bronze	medal	bronze	winner		https://static.igem.org/websites/common/2023/icons/medal-bronze-flat.svg
2008	163	University_of_Chicago						
2008	147	University_of_Lethbridge	Bronze	medal	bronze	winner		https://static.igem.org/websites/common/2023/icons/medal-bronze-flat.svg
2008	149	University_of_Ottawa	Silver	medal	silver	winner		https://static.igem.org/websites/common/2023/icons/medal-silver-flat.svg
2008	153	University_of_Sheffield						
2008	109	University_of_Washington	Bronze	medal	bronze	winner		https://static.igem.org/websites/common/2023/icons/medal-bronze-flat.svg
2008	89	Utah_State	Bronze	medal	bronze	winner		https://static.igem.org/websites/common/2023/icons/medal-bronze-flat.svg
2008	141	Valencia	Gold	medal	gold	winner		https://static.igem.org/websites/common/2023/icons/medal-flat.svg
2008	156	Virginia	Bronze	medal	bronze	winner		https://static.igem.org/websites/common/2023/icons/medal-bronze-flat.svg
2008	114	WEGO_Taipei						
2008	103	Warsaw	Bronze	medal	bronze	winner		https://static.igem.org/websites/common/2023/icons/medal-bronze-flat.svg
2008	93	Waterloo	Bronze	medal	bronze	winner		https://static.igem.org/websites/common/2023/icons/medal-bronze-flat.svg
2008	130	Wisconsin	Bronze	medal	bronze	winner		https://static.igem.org/websites/common/2023/icons/medal-bronze-flat.svg
2008	94	iHKU	Bronze	medal	bronze	winner		https://static.igem.org/websites/common/2023/icons/medal-bronze-flat.svg
2009	182	Aberdeen_Scotland	Gold	medal	gold	winner		https://static.igem.org/websites/common/2023/icons/medal-flat.svg
2009	187	Alberta	Gold	medal	gold	winner		https://static.igem.org/websites/common/2023/icons/medal-flat.svg
2009	178	Amsterdam						
2009	221	ArtScienceBangalore	Bronze	medal	bronze	winner		https://static.igem.org/websites/common/2023/icons/medal-bronze-flat.svg
2009	259	BCCS-Bristol	Gold	medal	gold	winner		https://static.igem.org/websites/common/2023/icons/medal-flat.svg
2009	260	BIOTEC_Dresden	Silver	medal	silver	winner		https://static.igem.org/websites/common/2023/icons/medal-silver-flat.svg
2009	184	Bay_Area_RSI						
2009	198	Berkeley_Software	Gold	medal	gold	winner		https://static.igem.org/websites/common/2023/icons/medal-flat.svg
2009	197	Berkeley_Wetlab	Gold	medal	gold	winner		https://static.igem.org/websites/common/2023/icons/medal-flat.svg
2009	201	Bologna	Gold	medal	gold	winner		https://static.igem.org/websites/common/2023/icons/medal-flat.svg
2009	206	British_Columbia	Gold	medal	gold	winner		https://static.igem.org/websites/common/2023/icons/medal-flat.svg
2009	212	Brown	Bronze	medal	bronze	winner		https://static.igem.org/websites/common/2023/icons/medal-bronze-flat.svg
2009	213	BrownTwo						
2009	236	CBNU-Korea	Bronze	medal	bronze	winner		https://static.igem.org/websites/common/2023/icons/medal-bronze-flat.svg
2009	218	Calgary	Gold	medal	gold	winner		https://static.igem.org/websites/common/2023/icons/medal-flat.svg
2009	274	Cambridge	Gold	medal	gold	winner		https://static.igem.org/websites/common/2023/icons/medal-flat.svg
2009	247	Chiba	Gold	medal	gold	winner		https://static.igem.org/websites/common/2023/icons/medal-flat.svg
2009	226	CityColSanFrancisco						
2009	285	Cornell	Bronze	medal	bronze	winner		https://static.igem.org/websites/common/2023/icons/medal-bronze-flat.svg
2009	194	DTU_Denmark	Gold	medal	gold	winner		https://static.igem.org/websites/common/2023/icons/medal-flat.svg
2009	282	Duke	Silver	medal	silver	winner		https://static.igem.org/websites/common/2023/icons/medal-silver-flat.svg
2009	191	EPF-Lausanne	Gold	medal	gold	winner		https://static.igem.org/websites/common/2023/icons/medal-flat.svg
2009	251	ESBS-Strasbourg						
2009	216	Edinburgh	Gold	medal	gold	winner		https://static.igem.org/websites/common/2023/icons/medal-flat.svg
2009	294	Example						
2009	243	Freiburg_bioware	Gold	medal	gold	winner		https://static.igem.org/websites/common/2023/icons/medal-flat.svg
2009	279	Freiburg_software	Silver	medal	silver	winner		https://static.igem.org/websites/common/2023/icons/medal-silver-flat.svg
2009	230	Gaston_Day_School						
2009	190	Groningen	Gold	medal	gold	winner		https://static.igem.org/websites/common/2023/icons/medal-flat.svg
2009	283	HKU-HKBU	Gold	medal	gold	winner		https://static.igem.org/websites/common/2023/icons/medal-flat.svg
2009	211	HKUST	Silver	medal	silver	winner		https://static.igem.org/websites/common/2023/icons/medal-silver-flat.svg
2009	207	Harvard	Gold	medal	gold	winner		https://static.igem.org/websites/common/2023/icons/medal-flat.svg
2009	203	Heidelberg	Gold	medal	gold	winner		https://static.igem.org/websites/common/2023/icons/medal-flat.svg
2009	233	IBB_Pune	Bronze	medal	bronze	winner		https://static.igem.org/websites/common/2023/icons/medal-bronze-flat.svg
2009	275	IGIB-Delhi						
2009	255	IIT_Bombay_India	Silver	medal	silver	winner		https://static.igem.org/websites/common/2023/icons/medal-silver-flat.svg
2009	272	IIT_Madras	Silver	medal	silver	winner		https://static.igem.org/websites/common/2023/icons/medal-silver-flat.svg
2009	266	IPN-UNAM-Mexico	Gold	medal	gold	winner		https://static.igem.org/websites/common/2023/icons/medal-flat.svg
2009	287	IPOC1-Colombia						
2009	288	IPOC2-Colombia						
2009	252	Illinois	Silver	medal	silver	winner		https://static.igem.org/websites/common/2023/icons/medal-silver-flat.svg
2009	261	Illinois-Tools	Gold	medal	gold	winner		https://static.igem.org/websites/common/2023/icons/medal-flat.svg
2009	200	Imperial College London	Gold	medal	gold	winner		https://static.igem.org/websites/common/2023/icons/medal-flat.svg
2009	280	Indiana						
2009	263	Johns_Hopkins						
2009	277	Johns_Hopkins-BAG	Gold	medal	gold	winner		https://static.igem.org/websites/common/2023/icons/medal-flat.svg
2009	238	KULeuven	Gold	medal	gold	winner		https://static.igem.org/websites/common/2023/icons/medal-flat.svg
2009	271	KU_Seoul						
2009	210	Kyoto	Silver	medal	silver	winner		https://static.igem.org/websites/common/2023/icons/medal-silver-flat.svg
2009	242	LCG-UNAM-Mexico	Silver	medal	silver	winner		https://static.igem.org/websites/common/2023/icons/medal-silver-flat.svg
2009	249	Lethbridge	Gold	medal	gold	winner		https://static.igem.org/websites/common/2023/icons/medal-flat.svg
2009	258	METU-Gene	Silver	medal	silver	winner		https://static.igem.org/websites/common/2023/icons/medal-silver-flat.svg
2009	181	MIT	Bronze	medal	bronze	winner		https://static.igem.org/websites/common/2023/icons/medal-bronze-flat.svg
2009	290	McGill	Silver	medal	silver	winner		https://static.igem.org/websites/common/2023/icons/medal-silver-flat.svg
2009	270	Michigan	Bronze	medal	bronze	winner		https://static.igem.org/websites/common/2023/icons/medal-bronze-flat.svg
2009	202	Minnesota	Gold	medal	gold	winner		https://static.igem.org/websites/common/2023/icons/medal-flat.svg
2009	269	Missouri_Miners						
2009	199	MoWestern_Davidson	Gold	medal	gold	winner		https://static.igem.org/websites/common/2023/icons/medal-flat.svg
2009	188	NCTU_Formosa	Silver	medal	silver	winner		https://static.igem.org/websites/common/2023/icons/medal-silver-flat.svg
2009	256	NTU-Singapore	Gold	medal	gold	winner		https://static.igem.org/websites/common/2023/icons/medal-flat.svg
2009	195	NYMU-Taipei	Bronze	medal	bronze	winner		https://static.igem.org/websites/common/2023/icons/medal-bronze-flat.svg
2009	276	NYU						
2009	262	Nevada	Bronze	medal	bronze	winner		https://static.igem.org/websites/common/2023/icons/medal-bronze-flat.svg
2009	174	Newcastle	Gold	medal	gold	winner		https://static.igem.org/websites/common/2023/icons/medal-flat.svg
2009	204	Osaka	Gold	medal	gold	winner		https://static.igem.org/websites/common/2023/icons/medal-flat.svg
2009	228	PKU_Beijing	Gold	medal	gold	winner		https://static.igem.org/websites/common/2023/icons/medal-flat.svg
2009	257	Paris	Gold	medal	gold	winner		https://static.igem.org/websites/common/2023/icons/medal-flat.svg
2009	217	Purdue						
2009	214	Queens	Bronze	medal	bronze	winner		https://static.igem.org/websites/common/2023/icons/medal-bronze-flat.svg
2009	278	Rice						
2009	237	SDU-Denmark	Bronze	medal	bronze	winner		https://static.igem.org/websites/common/2023/icons/medal-bronze-flat.svg
2009	185	SJTU-BioX-Shanghai	Gold	medal	gold	winner		https://static.igem.org/websites/common/2023/icons/medal-flat.svg
2009	246	Sheffield						
2009	245	Slovenia	Gold	medal	gold	winner		https://static.igem.org/websites/common/2023/icons/medal-flat.svg
2009	180	Southampton	Bronze	medal	bronze	winner		https://static.igem.org/websites/common/2023/icons/medal-bronze-flat.svg
2009	223	Stanford	Gold	medal	gold	winner		https://static.igem.org/websites/common/2023/icons/medal-flat.svg
2009	292	SupBiotech-Paris	Bronze	medal	bronze	winner		https://static.igem.org/websites/common/2023/icons/medal-bronze-flat.svg
2009	240	Sweden	Bronze	medal	bronze	winner		https://static.igem.org/websites/common/2023/icons/medal-bronze-flat.svg
2009	175	TUDelft	Gold	medal	gold	winner		https://static.igem.org/websites/common/2023/icons/medal-flat.svg
2009	291	TU_Munich						
2009	289	Tianjin	Silver	medal	silver	winner		https://static.igem.org/websites/common/2023/icons/medal-silver-flat.svg
2009	179	Todai-Tokyo	Bronze	medal	bronze	winner		https://static.igem.org/websites/common/2023/icons/medal-bronze-flat.svg
2009	225	Tokyo-Nokogen	Bronze	medal	bronze	winner		https://static.igem.org/websites/common/2023/icons/medal-bronze-flat.svg
2009	193	Tokyo_Tech	Gold	medal	gold	winner		https://static.igem.org/websites/common/2023/icons/medal-flat.svg
2009	192	TorontoMaRSDiscovery	Bronze	medal	bronze	winner		https://static.igem.org/websites/common/2023/icons/medal-bronze-flat.svg
2009	189	Tsinghua	Gold	medal	gold	winner		https://static.igem.org/websites/common/2023/icons/medal-flat.svg
2009	229	TzuChiU_Formosa	Bronze	medal	bronze	winner		https://static.igem.org/websites/common/2023/icons/medal-bronze-flat.svg
2009	248	UAB-Barcelona						
2009	239	UCL_London	Silver	medal	silver	winner		https://static.igem.org/websites/common/2023/icons/medal-silver-flat.svg
2009	209	UCSF	Silver	medal	silver	winner		https://static.igem.org/websites/common/2023/icons/medal-silver-flat.svg
2009	265	UC_Davis	Bronze	medal	bronze	winner		https://static.igem.org/websites/common/2023/icons/medal-bronze-flat.svg
2009	268	UChicago						
2009	196	ULB-Brussels	Silver	medal	silver	winner		https://static.igem.org/websites/common/2023/icons/medal-silver-flat.svg
2009	250	UNC_Chapel_Hill						
2009	284	UNICAMP-Brazil	Gold	medal	gold	winner		https://static.igem.org/websites/common/2023/icons/medal-flat.svg
2009	173	UNIPV-Pavia	Gold	medal	gold	winner		https://static.igem.org/websites/common/2023/icons/medal-flat.svg
2009	205	UQ-Australia	Bronze	medal	bronze	winner		https://static.igem.org/websites/common/2023/icons/medal-bronze-flat.svg
2009	176	USTC	Gold	medal	gold	winner		https://static.igem.org/websites/common/2023/icons/medal-flat.svg
2009	183	USTC_Software	Gold	medal	gold	winner		https://static.igem.org/websites/common/2023/icons/medal-flat.svg
2009	273	Uppsala-Sweden	Bronze	medal	bronze	winner		https://static.igem.org/websites/common/2023/icons/medal-bronze-flat.svg
2009	208	Utah_State	Gold	medal	gold	winner		https://static.igem.org/websites/common/2023/icons/medal-flat.svg
2009	222	Valencia	Gold	medal	gold	winner		https://static.igem.org/websites/common/2023/icons/medal-flat.svg
2009	235	VictoriaBC	Silver	medal	silver	winner		https://static.igem.org/websites/common/2023/icons/medal-silver-flat.svg
2009	254	Victoria_Australia						
2009	231	Virginia	Gold	medal	gold	winner		https://static.igem.org/websites/common/2023/icons/medal-flat.svg
2009	264	Virginia_Commonwealth	Gold	medal	gold	winner		https://static.igem.org/websites/common/2023/icons/medal-flat.svg
2009	177	Warsaw	Silver	medal	silver	winner		https://static.igem.org/websites/common/2023/icons/medal-silver-flat.svg
2009	227	Wash_U	Gold	medal	gold	winner		https://static.igem.org/websites/common/2023/icons/medal-flat.svg
2009	215	Washington	Gold	medal	gold	winner		https://static.igem.org/websites/common/2023/icons/medal-flat.svg
2009	253	Washington-Software	Silver	medal	silver	winner		https://static.igem.org/websites/common/2023/icons/medal-silver-flat.svg
2009	241	Waterloo	Bronze	medal	bronze	winner		https://static.igem.org/websites/common/2023/icons/medal-bronze-flat.svg
2009	220	Wisconsin-Madison	Bronze	medal	bronze	winner		https://static.igem.org/websites/common/2023/icons/medal-bronze-flat.svg
2009	219	Yeshiva_NYC						
2009	234	uOttawa	Bronze	medal	bronze	winner		https://static.igem.org/websites/common/2023/icons/medal-bronze-flat.svg
2010	385	Aberdeen_Scotland	Silver	medal	silver	winner		https://static.igem.org/websites/common/2023/icons/medal-silver-flat.svg
2010	349	Alberta	Gold	medal	gold	winner		https://static.igem.org/websites/common/2023/icons/medal-flat.svg
2010	420	ArtScienceBangalore						
2010	381	BCCS-Bristol	Gold	medal	gold	winner		https://static.igem.org/websites/common/2023/icons/medal-flat.svg
2010	407	BIOTEC_Dresden	Gold	medal	gold	winner		https://static.igem.org/websites/common/2023/icons/medal-flat.svg
2010	375	Baltimore_US						
2010	426	Berkeley	Gold	medal	gold	winner		https://static.igem.org/websites/common/2023/icons/medal-flat.svg
2010	389	Bielefeld-Germany	Gold	medal	gold	winner		https://static.igem.org/websites/common/2023/icons/medal-flat.svg
2010	391	British_Columbia	Bronze	medal	bronze	winner		https://static.igem.org/websites/common/2023/icons/medal-bronze-flat.svg
2010	324	Brown	Bronze	medal	bronze	winner		https://static.igem.org/websites/common/2023/icons/medal-bronze-flat.svg
2010	307	CBNU-Korea	Bronze	medal	bronze	winner		https://static.igem.org/websites/common/2023/icons/medal-bronze-flat.svg
2010	339	Calgary	Gold	medal	gold	winner		https://static.igem.org/websites/common/2023/icons/medal-flat.svg
2010	338	Caltech	Gold	medal	gold	winner		https://static.igem.org/websites/common/2023/icons/medal-flat.svg
2010	325	Cambridge	Gold	medal	gold	winner		https://static.igem.org/websites/common/2023/icons/medal-flat.svg
2010	396	Chiba	Gold	medal	gold	winner		https://static.igem.org/websites/common/2023/icons/medal-flat.svg
2010	399	Cornell	Bronze	medal	bronze	winner		https://static.igem.org/websites/common/2023/icons/medal-bronze-flat.svg
2010	374	DTU-Denmark	Gold	medal	gold	winner		https://static.igem.org/websites/common/2023/icons/medal-flat.svg
2010	315	Davidson-MissouriW	Gold	medal	gold	winner		https://static.igem.org/websites/common/2023/icons/medal-flat.svg
2010	364	Debrecen-Hungary	Gold	medal	gold	winner		https://static.igem.org/websites/common/2023/icons/medal-flat.svg
2010	429	Duke	Bronze	medal	bronze	winner		https://static.igem.org/websites/common/2023/icons/medal-bronze-flat.svg
2010	378	ECUST-Shanghai						
2010	320	EPF_Lausanne	Gold	medal	gold	winner		https://static.igem.org/websites/common/2023/icons/medal-flat.svg
2010	365	ESBS-Strasbourg	Bronze	medal	bronze	winner		https://static.igem.org/websites/common/2023/icons/medal-bronze-flat.svg
2010	422	ETHZ_Basel	Gold	medal	gold	winner		https://static.igem.org/websites/common/2023/icons/medal-flat.svg
2010	322	Edinburgh	Gold	medal	gold	winner		https://static.igem.org/websites/common/2023/icons/medal-flat.svg
2010	499	Example						
2010	404	Freiburg_Bioware	Gold	medal	gold	winner		https://static.igem.org/websites/common/2023/icons/medal-flat.svg
2010	405	Freiburg_Software	Silver	medal	silver	winner		https://static.igem.org/websites/common/2023/icons/medal-silver-flat.svg
2010	384	Fudan-Shanghai						
2010	308	Gaston_Day_School						
2010	410	GeorgiaTech	Silver	medal	silver	winner		https://static.igem.org/websites/common/2023/icons/medal-silver-flat.svg
2010	431	Georgia_State						
2010	423	Gothenburg-Sweden						
2010	305	Groningen	Gold	medal	gold	winner		https://static.igem.org/websites/common/2023/icons/medal-flat.svg
2010	366	HKU-Hong_Kong						
2010	330	HKUST	Gold	medal	gold	winner		https://static.igem.org/websites/common/2023/icons/medal-flat.svg
2010	382	Harvard	Gold	medal	gold	winner		https://static.igem.org/websites/common/2023/icons/medal-flat.svg
2010	337	Heidelberg	Gold	medal	gold	winner		https://static.igem.org/websites/common/2023/icons/medal-flat.svg
2010	496	HokkaidoU_Japan	Silver	medal	silver	winner		https://static.igem.org/websites/common/2023/icons/medal-silver-flat.svg
2010	361	Hong_Kong-CUHK	Gold	medal	gold	winner		https://static.igem.org/websites/common/2023/icons/medal-flat.svg
2010	333	IITBombay						
2010	408	IIT_Delhi_1						
2010	372	IIT_Madras	Gold	medal	gold	winner		https://static.igem.org/websites/common/2023/icons/medal-flat.svg
2010	342	INSA-Lyon	Silver	medal	silver	winner		https://static.igem.org/websites/common/2023/icons/medal-silver-flat.svg
2010	316	Imperial_College_London	Gold	medal	gold	winner		https://static.igem.org/websites/common/2023/icons/medal-flat.svg
2010	432	Indiana						
2010	498	IvyTech-South_Bend	Bronze	medal	bronze	winner		https://static.igem.org/websites/common/2023/icons/medal-bronze-flat.svg
2010	363	Johns_Hopkins	Gold	medal	gold	winner		https://static.igem.org/websites/common/2023/icons/medal-flat.svg
2010	351	KAIST-Korea						
2010	362	KIT-Kyoto	Gold	medal	gold	winner		https://static.igem.org/websites/common/2023/icons/medal-flat.svg
2010	400	Korea_U_Seoul	Silver	medal	silver	winner		https://static.igem.org/websites/common/2023/icons/medal-silver-flat.svg
2010	358	Kyoto	Gold	medal	gold	winner		https://static.igem.org/websites/common/2023/icons/medal-flat.svg
2010	368	LMU-Munich	Bronze	medal	bronze	winner		https://static.igem.org/websites/common/2023/icons/medal-bronze-flat.svg
2010	331	Lethbridge	Gold	medal	gold	winner		https://static.igem.org/websites/common/2023/icons/medal-flat.svg
2010	352	METU_Turkey	Gold	medal	gold	winner		https://static.igem.org/websites/common/2023/icons/medal-flat.svg
2010	326	METU_Turkey_Software	Silver	medal	silver	winner		https://static.igem.org/websites/common/2023/icons/medal-silver-flat.svg
2010	415	MIT	Gold	medal	gold	winner		https://static.igem.org/websites/common/2023/icons/medal-flat.svg
2010	497	Macquarie_Australia	Bronze	medal	bronze	winner		https://static.igem.org/websites/common/2023/icons/medal-bronze-flat.svg
2010	328	Mexico-UNAM-CINVESTAV	Bronze	medal	bronze	winner		https://static.igem.org/websites/common/2023/icons/medal-bronze-flat.svg
2010	377	Michigan						
2010	311	Minnesota	Gold	medal	gold	winner		https://static.igem.org/websites/common/2023/icons/medal-flat.svg
2010	306	Missouri_Miners	Bronze	medal	bronze	winner		https://static.igem.org/websites/common/2023/icons/medal-bronze-flat.svg
2010	417	Monash_Australia	Bronze	medal	bronze	winner		https://static.igem.org/websites/common/2023/icons/medal-bronze-flat.svg
2010	332	NCTU_Formosa	Silver	medal	silver	winner		https://static.igem.org/websites/common/2023/icons/medal-silver-flat.svg
2010	411	NYMU-Taipei	Silver	medal	silver	winner		https://static.igem.org/websites/common/2023/icons/medal-silver-flat.svg
2010	416	NYU	Silver	medal	silver	winner		https://static.igem.org/websites/common/2023/icons/medal-silver-flat.svg
2010	414	Nevada	Silver	medal	silver	winner		https://static.igem.org/websites/common/2023/icons/medal-silver-flat.svg
2010	302	Newcastle	Gold	medal	gold	winner		https://static.igem.org/websites/common/2023/icons/medal-flat.svg
2010	418	Northwestern	Bronze	medal	bronze	winner		https://static.igem.org/websites/common/2023/icons/medal-bronze-flat.svg
2010	392	Osaka	Bronze	medal	bronze	winner		https://static.igem.org/websites/common/2023/icons/medal-bronze-flat.svg
2010	424	Panama	Bronze	medal	bronze	winner		https://static.igem.org/websites/common/2023/icons/medal-bronze-flat.svg
2010	329	Paris_Liliane_Bettencourt	Gold	medal	gold	winner		https://static.igem.org/websites/common/2023/icons/medal-flat.svg
2010	346	Peking	Gold	medal	gold	winner		https://static.igem.org/websites/common/2023/icons/medal-flat.svg
2010	376	Penn_State	Gold	medal	gold	winner		https://static.igem.org/websites/common/2023/icons/medal-flat.svg
2010	334	Purdue	Bronze	medal	bronze	winner		https://static.igem.org/websites/common/2023/icons/medal-bronze-flat.svg
2010	309	Queens-Canada	Gold	medal	gold	winner		https://static.igem.org/websites/common/2023/icons/medal-flat.svg
2010	345	RMIT_Australia	Bronze	medal	bronze	winner		https://static.igem.org/websites/common/2023/icons/medal-bronze-flat.svg
2010	343	SDU-Denmark	Gold	medal	gold	winner		https://static.igem.org/websites/common/2023/icons/medal-flat.svg
2010	387	SJTU-BioX-Shanghai	Gold	medal	gold	winner		https://static.igem.org/websites/common/2023/icons/medal-flat.svg
2010	406	SJTU-Oncology-Shanghai						
2010	386	Sheffield	Bronze	medal	bronze	winner		https://static.igem.org/websites/common/2023/icons/medal-bronze-flat.svg
2010	323	Slovenia	Gold	medal	gold	winner		https://static.igem.org/websites/common/2023/icons/medal-flat.svg
2010	356	St_Andrews	Gold	medal	gold	winner		https://static.igem.org/websites/common/2023/icons/medal-flat.svg
2010	353	Stanford	Gold	medal	gold	winner		https://static.igem.org/websites/common/2023/icons/medal-flat.svg
2010	380	Stockholm	Bronze	medal	bronze	winner		https://static.igem.org/websites/common/2023/icons/medal-bronze-flat.svg
2010	398	TU_Delft	Gold	medal	gold	winner		https://static.igem.org/websites/common/2023/icons/medal-flat.svg
2010	494	TU_Munich	Gold	medal	gold	winner		https://static.igem.org/websites/common/2023/icons/medal-flat.svg
2010	427	Tec-Monterrey	Gold	medal	gold	winner		https://static.igem.org/websites/common/2023/icons/medal-flat.svg
2010	373	The_Citadel-Charleston						
2010	500	Tianjin	Silver	medal	silver	winner		https://static.igem.org/websites/common/2023/icons/medal-silver-flat.svg
2010	317	Tokyo-NoKoGen	Gold	medal	gold	winner		https://static.igem.org/websites/common/2023/icons/medal-flat.svg
2010	336	Tokyo_Metropolitan	Bronze	medal	bronze	winner		https://static.igem.org/websites/common/2023/icons/medal-bronze-flat.svg
2010	395	Tokyo_Tech	Gold	medal	gold	winner		https://static.igem.org/websites/common/2023/icons/medal-flat.svg
2010	357	Toronto						
2010	341	Tsinghua	Gold	medal	gold	winner		https://static.igem.org/websites/common/2023/icons/medal-flat.svg
2010	419	TzuChiU_Formosa	Silver	medal	silver	winner		https://static.igem.org/websites/common/2023/icons/medal-silver-flat.svg
2010	301	UCL_London	Gold	medal	gold	winner		https://static.igem.org/websites/common/2023/icons/medal-flat.svg
2010	321	UCSF	Gold	medal	gold	winner		https://static.igem.org/websites/common/2023/icons/medal-flat.svg
2010	327	UC_Davis	Gold	medal	gold	winner		https://static.igem.org/websites/common/2023/icons/medal-flat.svg
2010	310	UIUC-Illinois	Gold	medal	gold	winner		https://static.igem.org/websites/common/2023/icons/medal-flat.svg
2010	335	UIUC-Illinois-Software	Silver	medal	silver	winner		https://static.igem.org/websites/common/2023/icons/medal-silver-flat.svg
2010	348	ULB-Brussels	Bronze	medal	bronze	winner		https://static.igem.org/websites/common/2023/icons/medal-bronze-flat.svg
2010	360	UNAM-Genomics_Mexico	Gold	medal	gold	winner		https://static.igem.org/websites/common/2023/icons/medal-flat.svg
2010	300	UNIPV-Pavia	Gold	medal	gold	winner		https://static.igem.org/websites/common/2023/icons/medal-flat.svg
2010	367	UPO-Sevilla	Bronze	medal	bronze	winner		https://static.igem.org/websites/common/2023/icons/medal-bronze-flat.svg
2010	397	UQ_Australia						
2010	371	USTC	Gold	medal	gold	winner		https://static.igem.org/websites/common/2023/icons/medal-flat.svg
2010	369	USTC_Software	Gold	medal	gold	winner		https://static.igem.org/websites/common/2023/icons/medal-flat.svg
2010	313	UT-Tokyo	Silver	medal	silver	winner		https://static.igem.org/websites/common/2023/icons/medal-silver-flat.svg
2010	412	UTDallas	Gold	medal	gold	winner		https://static.igem.org/websites/common/2023/icons/medal-flat.svg
2010	379	Uppsala-Sweden	Bronze	medal	bronze	winner		https://static.igem.org/websites/common/2023/icons/medal-bronze-flat.svg
2010	390	Utah_State	Gold	medal	gold	winner		https://static.igem.org/websites/common/2023/icons/medal-flat.svg
2010	304	VT-ENSIMAG_Biosecurity	Bronze	medal	bronze	winner		https://static.igem.org/websites/common/2023/icons/medal-bronze-flat.svg
2010	401	Valencia	Gold	medal	gold	winner		https://static.igem.org/websites/common/2023/icons/medal-flat.svg
2010	340	VictoriaBC						
2010	303	Virginia_United	Bronze	medal	bronze	winner		https://static.igem.org/websites/common/2023/icons/medal-bronze-flat.svg
2010	354	WITS-South_Africa	Bronze	medal	bronze	winner		https://static.igem.org/websites/common/2023/icons/medal-bronze-flat.svg
2010	299	Warsaw	Gold	medal	gold	winner		https://static.igem.org/websites/common/2023/icons/medal-flat.svg
2010	394	WashU	Silver	medal	silver	winner		https://static.igem.org/websites/common/2023/icons/medal-silver-flat.svg
2010	314	Washington	Gold	medal	gold	winner		https://static.igem.org/websites/common/2023/icons/medal-flat.svg
2010	359	Waterloo	Bronze	medal	bronze	winner		https://static.igem.org/websites/common/2023/icons/medal-bronze-flat.svg
2010	388	Weimar-Heidelberg_Arts						
2010	413	WesternU-Research_Ontario						
2010	318	Wisconsin-Madison	Gold	medal	gold	winner		https://static.igem.org/websites/common/2023/icons/medal-flat.svg
2010	421	XMU-China						
2010	393	Yale						
2010	402	ZJU-China	Gold	medal	gold	winner		https://static.igem.org/websites/common/2023/icons/medal-flat.svg
2010	319	uOttawa	Gold	medal	gold	winner		https://static.igem.org/websites/common/2023/icons/medal-flat.svg
2011	612	Alberta	Bronze	medal	bronze	winner		https://static.igem.org/websites/common/2023/icons/medal-bronze-flat.svg
2011	538	Amsterdam	Gold	medal	gold	winner		https://static.igem.org/websites/common/2023/icons/medal-flat.svg
2011	578	Arizona_State	Bronze	medal	bronze	winner		https://static.igem.org/websites/common/2023/icons/medal-bronze-flat.svg
2011	645	ArtScienceBangalore						
2011	589	BCCS-Bristol						
2011	577	BU_Wellesley_Software	Gold	medal	gold	winner		https://static.igem.org/websites/common/2023/icons/medal-flat.svg
2011	619	BYU_Provo	Gold	medal	gold	winner		https://static.igem.org/websites/common/2023/icons/medal-flat.svg
2011	665	Baltimore						
2011	595	Bard-Annandale						
2011	641	Berkeley	Gold	medal	gold	winner		https://static.igem.org/websites/common/2023/icons/medal-flat.svg
2011	525	Bielefeld-Germany	Gold	medal	gold	winner		https://static.igem.org/websites/common/2023/icons/medal-flat.svg
2011	596	Bilkent_UNAM_Turkey	Bronze	medal	bronze	winner		https://static.igem.org/websites/common/2023/icons/medal-bronze-flat.svg
2011	517	British_Columbia	Gold	medal	gold	winner		https://static.igem.org/websites/common/2023/icons/medal-flat.svg
2011	656	Brown-Stanford	Gold	medal	gold	winner		https://static.igem.org/websites/common/2023/icons/medal-flat.svg
2011	605	CBNU-Korea						
2011	640	Calgary	Gold	medal	gold	winner		https://static.igem.org/websites/common/2023/icons/medal-flat.svg
2011	620	Caltech	Gold	medal	gold	winner		https://static.igem.org/websites/common/2023/icons/medal-flat.svg
2011	638	Cambridge	Gold	medal	gold	winner		https://static.igem.org/websites/common/2023/icons/medal-flat.svg
2011	669	Colombia	Bronze	medal	bronze	winner		https://static.igem.org/websites/common/2023/icons/medal-bronze-flat.svg
2011	643	Columbia-Cooper	Gold	medal	gold	winner		https://static.igem.org/websites/common/2023/icons/medal-flat.svg
2011	534	CongoDRC-Bel_Campus						
2011	527	Copenhagen	Bronze	medal	bronze	winner		https://static.igem.org/websites/common/2023/icons/medal-bronze-flat.svg
2011	597	Cornell	Gold	medal	gold	winner		https://static.igem.org/websites/common/2023/icons/medal-flat.svg
2011	564	DTU-Denmark	Gold	medal	gold	winner		https://static.igem.org/websites/common/2023/icons/medal-flat.svg
2011	678	DTU-Denmark-2	Gold	medal	gold	winner		https://static.igem.org/websites/common/2023/icons/medal-flat.svg
2011	626	Debrecen_Hungary	Gold	medal	gold	winner		https://static.igem.org/websites/common/2023/icons/medal-flat.svg
2011	655	Duke	Bronze	medal	bronze	winner		https://static.igem.org/websites/common/2023/icons/medal-bronze-flat.svg
2011	562	Dundee	Gold	medal	gold	winner		https://static.igem.org/websites/common/2023/icons/medal-flat.svg
2011	522	ENSPS-Strasbourg	Bronze	medal	bronze	winner		https://static.igem.org/websites/common/2023/icons/medal-bronze-flat.svg
2011	613	EPF-Lausanne	Gold	medal	gold	winner		https://static.igem.org/websites/common/2023/icons/medal-flat.svg
2011	625	ETH_Zurich	Gold	medal	gold	winner		https://static.igem.org/websites/common/2023/icons/medal-flat.svg
2011	523	Edinburgh	Gold	medal	gold	winner		https://static.igem.org/websites/common/2023/icons/medal-flat.svg
2011	541	Fatih_Turkey	Gold	medal	gold	winner		https://static.igem.org/websites/common/2023/icons/medal-flat.svg
2011	608	Freiburg	Gold	medal	gold	winner		https://static.igem.org/websites/common/2023/icons/medal-flat.svg
2011	604	Fudan-Shanghai	Gold	medal	gold	winner		https://static.igem.org/websites/common/2023/icons/medal-flat.svg
2011	614	Gaston_Day_School	Silver	medal	silver	winner		https://static.igem.org/websites/common/2023/icons/medal-silver-flat.svg
2011	529	GeorgiaState						
2011	582	GeorgiaTech	Bronze	medal	bronze	winner		https://static.igem.org/websites/common/2023/icons/medal-bronze-flat.svg
2011	660	Glasgow	Silver	medal	silver	winner		https://static.igem.org/websites/common/2023/icons/medal-silver-flat.svg
2011	586	Greenfield_IN-Rihm-HS						
2011	637	Greenfield_IN-Schini-HS						
2011	545	Grenoble	Gold	medal	gold	winner		https://static.igem.org/websites/common/2023/icons/medal-flat.svg
2011	531	Grinnell	Gold	medal	gold	winner		https://static.igem.org/websites/common/2023/icons/medal-flat.svg
2011	607	Groningen	Gold	medal	gold	winner		https://static.igem.org/websites/common/2023/icons/medal-flat.svg
2011	609	HIT-Harbin						
2011	544	HKU-Hong_Kong	Silver	medal	silver	winner		https://static.igem.org/websites/common/2023/icons/medal-silver-flat.svg
2011	524	HKUST-Hong_Kong	Gold	medal	gold	winner		https://static.igem.org/websites/common/2023/icons/medal-flat.svg
2011	580	HUST-China						
2011	615	Harvard	Silver	medal	silver	winner		https://static.igem.org/websites/common/2023/icons/medal-silver-flat.svg
2011	547	HokkaidoU_Japan	Bronze	medal	bronze	winner		https://static.igem.org/websites/common/2023/icons/medal-bronze-flat.svg
2011	559	Hong_Kong-CUHK	Gold	medal	gold	winner		https://static.igem.org/websites/common/2023/icons/medal-flat.svg
2011	661	Hunter-NYC						
2011	572	IIT_Madras	Gold	medal	gold	winner		https://static.igem.org/websites/common/2023/icons/medal-flat.svg
2011	587	ITESM_Mexico	Bronze	medal	bronze	winner		https://static.igem.org/websites/common/2023/icons/medal-bronze-flat.svg
2011	515	Imperial_College_London	Gold	medal	gold	winner		https://static.igem.org/websites/common/2023/icons/medal-flat.svg
2011	664	IvyTech-South_Bend						
2011	530	Johns_Hopkins	Gold	medal	gold	winner		https://static.igem.org/websites/common/2023/icons/medal-flat.svg
2011	623	KAIST-Korea						
2011	647	KAIT_Japan						
2011	579	KIT-Kyoto	Silver	medal	silver	winner		https://static.igem.org/websites/common/2023/icons/medal-silver-flat.svg
2011	584	KULeuven	Gold	medal	gold	winner		https://static.igem.org/websites/common/2023/icons/medal-flat.svg
2011	610	Korea_U_Seoul	Bronze	medal	bronze	winner		https://static.igem.org/websites/common/2023/icons/medal-bronze-flat.svg
2011	622	Kyoto	Silver	medal	silver	winner		https://static.igem.org/websites/common/2023/icons/medal-silver-flat.svg
2011	549	LMU-Munich	Bronze	medal	bronze	winner		https://static.igem.org/websites/common/2023/icons/medal-bronze-flat.svg
2011	542	Lethbridge	Gold	medal	gold	winner		https://static.igem.org/websites/common/2023/icons/medal-flat.svg
2011	540	Lyon-INSA-ENS	Gold	medal	gold	winner		https://static.igem.org/websites/common/2023/icons/medal-flat.svg
2011	593	METU-Ankara	Bronze	medal	bronze	winner		https://static.igem.org/websites/common/2023/icons/medal-bronze-flat.svg
2011	536	METU-BIN_Ankara	Silver	medal	silver	winner		https://static.igem.org/websites/common/2023/icons/medal-silver-flat.svg
2011	511	MIT	Gold	medal	gold	winner		https://static.igem.org/websites/common/2023/icons/medal-flat.svg
2011	646	Macquarie_Australia	Silver	medal	silver	winner		https://static.igem.org/websites/common/2023/icons/medal-silver-flat.svg
2011	666	McGill						
2011	618	Michigan	Bronze	medal	bronze	winner		https://static.igem.org/websites/common/2023/icons/medal-bronze-flat.svg
2011	632	Minnesota	Silver	medal	silver	winner		https://static.igem.org/websites/common/2023/icons/medal-silver-flat.svg
2011	621	Missouri_Miners	Silver	medal	silver	winner		https://static.igem.org/websites/common/2023/icons/medal-silver-flat.svg
2011	539	NCTU_Formosa	Silver	medal	silver	winner		https://static.igem.org/websites/common/2023/icons/medal-silver-flat.svg
2011	639	NTNU_Trondheim	Bronze	medal	bronze	winner		https://static.igem.org/websites/common/2023/icons/medal-bronze-flat.svg
2011	651	NYC_Software						
2011	650	NYC_Wetware	Bronze	medal	bronze	winner		https://static.igem.org/websites/common/2023/icons/medal-bronze-flat.svg
2011	624	NYMU-Taipei	Gold	medal	gold	winner		https://static.igem.org/websites/common/2023/icons/medal-flat.svg
2011	558	Nevada	Gold	medal	gold	winner		https://static.igem.org/websites/common/2023/icons/medal-flat.svg
2011	575	Northwestern	Gold	medal	gold	winner		https://static.igem.org/websites/common/2023/icons/medal-flat.svg
2011	594	OUC-China	Bronze	medal	bronze	winner		https://static.igem.org/websites/common/2023/icons/medal-bronze-flat.svg
2011	602	Osaka	Silver	medal	silver	winner		https://static.igem.org/websites/common/2023/icons/medal-silver-flat.svg
2011	653	Panama						
2011	606	Paris_Bettencourt	Gold	medal	gold	winner		https://static.igem.org/websites/common/2023/icons/medal-flat.svg
2011	598	Peking_R	Gold	medal	gold	winner		https://static.igem.org/websites/common/2023/icons/medal-flat.svg
2011	581	Peking_S	Silver	medal	silver	winner		https://static.igem.org/websites/common/2023/icons/medal-silver-flat.svg
2011	548	Penn	Silver	medal	silver	winner		https://static.igem.org/websites/common/2023/icons/medal-silver-flat.svg
2011	648	Penn_State	Gold	medal	gold	winner		https://static.igem.org/websites/common/2023/icons/medal-flat.svg
2011	627	Potsdam_Bioware	Gold	medal	gold	winner		https://static.igem.org/websites/common/2023/icons/medal-flat.svg
2011	630	Purdue						
2011	631	Queens_Canada	Gold	medal	gold	winner		https://static.igem.org/websites/common/2023/icons/medal-flat.svg
2011	588	Rutgers	Bronze	medal	bronze	winner		https://static.igem.org/websites/common/2023/icons/medal-bronze-flat.svg
2011	567	SJTU-BioX-Shanghai	Gold	medal	gold	winner		https://static.igem.org/websites/common/2023/icons/medal-flat.svg
2011	629	SYSU-China	Bronze	medal	bronze	winner		https://static.igem.org/websites/common/2023/icons/medal-bronze-flat.svg
2011	514	Sevilla	Bronze	medal	bronze	winner		https://static.igem.org/websites/common/2023/icons/medal-bronze-flat.svg
2011	663	SouthBend-Mishawaka-HS						
2011	675	SouthBend-Mishawaka-HS-2						
2011	628	St_Andrews	Gold	medal	gold	winner		https://static.igem.org/websites/common/2023/icons/medal-flat.svg
2011	556	TU-Delft						
2011	568	TU_Munich	Gold	medal	gold	winner		https://static.igem.org/websites/common/2023/icons/medal-flat.svg
2011	633	Tec-Monterrey	Gold	medal	gold	winner		https://static.igem.org/websites/common/2023/icons/medal-flat.svg
2011	563	Tianjin	Bronze	medal	bronze	winner		https://static.igem.org/websites/common/2023/icons/medal-bronze-flat.svg
2011	519	Tokyo-NoKoGen	Gold	medal	gold	winner		https://static.igem.org/websites/common/2023/icons/medal-flat.svg
2011	543	Tokyo_Metropolitan	Silver	medal	silver	winner		https://static.igem.org/websites/common/2023/icons/medal-silver-flat.svg
2011	649	Tokyo_Tech	Gold	medal	gold	winner		https://static.igem.org/websites/common/2023/icons/medal-flat.svg
2011	601	Toronto						
2011	600	TorontoMaRSDiscovery						
2011	533	Tsinghua	Silver	medal	silver	winner		https://static.igem.org/websites/common/2023/icons/medal-silver-flat.svg
2011	574	Tsinghua-A	Bronze	medal	bronze	winner		https://static.igem.org/websites/common/2023/icons/medal-bronze-flat.svg
2011	571	TzuChiU_Formosa	Bronze	medal	bronze	winner		https://static.igem.org/websites/common/2023/icons/medal-bronze-flat.svg
2011	566	UANL_Mty-Mexico	Silver	medal	silver	winner		https://static.igem.org/websites/common/2023/icons/medal-silver-flat.svg
2011	676	UCL_London	Bronze	medal	bronze	winner		https://static.igem.org/websites/common/2023/icons/medal-bronze-flat.svg
2011	644	UCSF	Gold	medal	gold	winner		https://static.igem.org/websites/common/2023/icons/medal-flat.svg
2011	611	UC_Davis	Gold	medal	gold	winner		https://static.igem.org/websites/common/2023/icons/medal-flat.svg
2011	509	UEA-JIC_Norwich						
2011	617	UIUC-Illinois	Bronze	medal	bronze	winner		https://static.igem.org/websites/common/2023/icons/medal-bronze-flat.svg
2011	551	ULB-Brussels	Gold	medal	gold	winner		https://static.igem.org/websites/common/2023/icons/medal-flat.svg
2011	535	UNAM-Genomics_Mexico	Gold	medal	gold	winner		https://static.igem.org/websites/common/2023/icons/medal-flat.svg
2011	657	UNAM-ITESM_Mexico_City						
2011	554	UNICAMP-EMSE_Brazil	Gold	medal	gold	winner		https://static.igem.org/websites/common/2023/icons/medal-flat.svg
2011	516	UNIPV-Pavia	Gold	medal	gold	winner		https://static.igem.org/websites/common/2023/icons/medal-flat.svg
2011	526	UNIST_Korea	Silver	medal	silver	winner		https://static.igem.org/websites/common/2023/icons/medal-silver-flat.svg
2011	553	UNITS_Trieste	Gold	medal	gold	winner		https://static.igem.org/websites/common/2023/icons/medal-flat.svg
2011	510	UPO-Sevilla	Gold	medal	gold	winner		https://static.igem.org/websites/common/2023/icons/medal-flat.svg
2011	570	UQ-Australia						
2011	512	USC	Bronze	medal	bronze	winner		https://static.igem.org/websites/common/2023/icons/medal-bronze-flat.svg
2011	603	UST-Beijing						
2011	557	USTC-China	Gold	medal	gold	winner		https://static.igem.org/websites/common/2023/icons/medal-flat.svg
2011	507	USTC-Software	Bronze	medal	bronze	winner		https://static.igem.org/websites/common/2023/icons/medal-bronze-flat.svg
2011	518	UT-Tokyo	Silver	medal	silver	winner		https://static.igem.org/websites/common/2023/icons/medal-silver-flat.svg
2011	672	UTP-Panama	Bronze	medal	bronze	winner		https://static.igem.org/websites/common/2023/icons/medal-bronze-flat.svg
2011	569	UT_Dallas	Bronze	medal	bronze	winner		https://static.igem.org/websites/common/2023/icons/medal-bronze-flat.svg
2011	592	Uppsala-Sweden	Gold	medal	gold	winner		https://static.igem.org/websites/common/2023/icons/medal-flat.svg
2011	654	Utah_State	Gold	medal	gold	winner		https://static.igem.org/websites/common/2023/icons/medal-flat.svg
2011	674	VCU						
2011	513	VIT_Vellore						
2011	565	Valencia						
2011	635	Virginia	Silver	medal	silver	winner		https://static.igem.org/websites/common/2023/icons/medal-silver-flat.svg
2011	555	Virginia_Tech	Bronze	medal	bronze	winner		https://static.igem.org/websites/common/2023/icons/medal-bronze-flat.svg
2011	560	WHU-China	Bronze	medal	bronze	winner		https://static.igem.org/websites/common/2023/icons/medal-bronze-flat.svg
2011	537	WITS-CSIR_SA	Gold	medal	gold	winner		https://static.igem.org/websites/common/2023/icons/medal-flat.svg
2011	546	Wageningen_UR	Gold	medal	gold	winner		https://static.igem.org/websites/common/2023/icons/medal-flat.svg
2011	659	WarrenCIndpls_IN-HS						
2011	528	Warsaw	Silver	medal	silver	winner		https://static.igem.org/websites/common/2023/icons/medal-silver-flat.svg
2011	520	Waseda-Japan						
2011	552	WashU						
2011	590	Washington	Gold	medal	gold	winner		https://static.igem.org/websites/common/2023/icons/medal-flat.svg
2011	576	Waterloo	Bronze	medal	bronze	winner		https://static.igem.org/websites/common/2023/icons/medal-bronze-flat.svg
2011	583	West_Point						
2011	634	Wisconsin-Madison	Gold	medal	gold	winner		https://static.igem.org/websites/common/2023/icons/medal-flat.svg
2011	658	XMU-China	Gold	medal	gold	winner		https://static.igem.org/websites/common/2023/icons/medal-flat.svg
2011	652	Yale	Gold	medal	gold	winner		https://static.igem.org/websites/common/2023/icons/medal-flat.svg
2011	561	ZJU-China	Gold	medal	gold	winner		https://static.igem.org/websites/common/2023/icons/medal-flat.svg
2011	642	uOttawa	Gold	medal	gold	winner		https://static.igem.org/websites/common/2023/icons/medal-flat.svg
2012	727	AUC_Turkey						
2012	879	Alberta	Gold	medal	gold	winner		https://static.igem.org/websites/common/2023/icons/medal-flat.svg
2012	871	Alberta-North-RBI						
2012	960	Alberta-North-RBI_E						
2012	949	Amplino						
2012	874	Amsterdam	Gold	medal	gold	winner		https://static.igem.org/websites/common/2023/icons/medal-flat.svg
2012	891	Arizona_State	Gold	medal	gold	winner		https://static.igem.org/websites/common/2023/icons/medal-flat.svg
2012	939	Arizona_State_E						
2012	734	Austin_Texas						
2012	923	BAU-Indonesia						
2012	956	BIOSINT_Mexico						
2012	704	BVCAPS_Kansas						
2012	705	BVCAPS_Research_KS						
2012	833	BYUProvo	Gold	medal	gold	winner		https://static.igem.org/websites/common/2023/icons/medal-flat.svg
2012	830	Baskent-Meds						
2012	900	Berkeley	Gold	medal	gold	winner		https://static.igem.org/websites/common/2023/icons/medal-flat.svg
2012	863	Bielefeld-Germany	Gold	medal	gold	winner		https://static.igem.org/websites/common/2023/icons/medal-flat.svg
2012	745	BioToga_NY						
2012	793	BioscienceDragons_AZ						
2012	820	Bonn	Bronze	medal	bronze	winner		https://static.igem.org/websites/common/2023/icons/medal-bronze-flat.svg
2012	848	Bordeaux	Bronze	medal	bronze	winner		https://static.igem.org/websites/common/2023/icons/medal-bronze-flat.svg
2012	783	BostonU	Gold	medal	gold	winner		https://static.igem.org/websites/common/2023/icons/medal-flat.svg
2012	804	British_Columbia	Gold	medal	gold	winner		https://static.igem.org/websites/common/2023/icons/medal-flat.svg
2012	792	Buenos_Aires	Bronze	medal	bronze	winner		https://static.igem.org/websites/common/2023/icons/medal-bronze-flat.svg
2012	860	CBNU-Korea	Silver	medal	silver	winner		https://static.igem.org/websites/common/2023/icons/medal-silver-flat.svg
2012	826	CD-SCU-CHINA						
2012	695	CIDEB-UANL_Mexico						
2012	776	CINVESTAV-IPN-UNAM_MX	Gold	medal	gold	winner		https://static.igem.org/websites/common/2023/icons/medal-flat.svg
2012	710	CSIA_SouthKorea						
2012	858	CU-Boulder						
2012	902	Calgary	Gold	medal	gold	winner		https://static.igem.org/websites/common/2023/icons/medal-flat.svg
2012	773	Caltech	Bronze	medal	bronze	winner		https://static.igem.org/websites/common/2023/icons/medal-bronze-flat.svg
2012	911	Cambridge	Gold	medal	gold	winner		https://static.igem.org/websites/common/2023/icons/medal-flat.svg
2012	921	Carnegie_Mellon	Gold	medal	gold	winner		https://static.igem.org/websites/common/2023/icons/medal-flat.svg
2012	753	Chalmers-Gothenburg	Bronze	medal	bronze	winner		https://static.igem.org/websites/common/2023/icons/medal-bronze-flat.svg
2012	872	Ciencias-UNAM						
2012	803	Clemson						
2012	831	Colombia	Gold	medal	gold	winner		https://static.igem.org/websites/common/2023/icons/medal-flat.svg
2012	918	Colorado_State						
2012	952	Columbia-Cooper-NYC	Bronze	medal	bronze	winner		https://static.igem.org/websites/common/2023/icons/medal-bronze-flat.svg
2012	770	Copenhagen	Bronze	medal	bronze	winner		https://static.igem.org/websites/common/2023/icons/medal-bronze-flat.svg
2012	957	Cornell	Gold	medal	gold	winner		https://static.igem.org/websites/common/2023/icons/medal-flat.svg
2012	836	Costa_Rica-TEC-UNA						
2012	685	Dalton_School_NY						
2012	954	Duke	Silver	medal	silver	winner		https://static.igem.org/websites/common/2023/icons/medal-silver-flat.svg
2012	895	Dundee	Gold	medal	gold	winner		https://static.igem.org/websites/common/2023/icons/medal-flat.svg
2012	838	EPF-Lausanne	Gold	medal	gold	winner		https://static.igem.org/websites/common/2023/icons/medal-flat.svg
2012	909	ETH_Zurich	Gold	medal	gold	winner		https://static.igem.org/websites/common/2023/icons/medal-flat.svg
2012	917	Edinburgh	Gold	medal	gold	winner		https://static.igem.org/websites/common/2023/icons/medal-flat.svg
2012	794	Ehime-Japan	Bronze	medal	bronze	winner		https://static.igem.org/websites/common/2023/icons/medal-bronze-flat.svg
2012	703	Evansville_Central						
2012	812	Evry	Gold	medal	gold	winner		https://static.igem.org/websites/common/2023/icons/medal-flat.svg
2012	722	Example						
2012	691	Example_HS						
2012	764	Exeter	Bronze	medal	bronze	winner		https://static.igem.org/websites/common/2023/icons/medal-bronze-flat.svg
2012	772	Fatih-Medical	Bronze	medal	bronze	winner		https://static.igem.org/websites/common/2023/icons/medal-bronze-flat.svg
2012	849	Frankfurt	Bronze	medal	bronze	winner		https://static.igem.org/websites/common/2023/icons/medal-bronze-flat.svg
2012	747	Freiburg	Gold	medal	gold	winner		https://static.igem.org/websites/common/2023/icons/medal-flat.svg
2012	798	Fudan_D	Silver	medal	silver	winner		https://static.igem.org/websites/common/2023/icons/medal-silver-flat.svg
2012	785	Fudan_Lux	Gold	medal	gold	winner		https://static.igem.org/websites/common/2023/icons/medal-flat.svg
2012	839	GPHS_Snohomish_WA						
2012	824	Gaston_Day_School	Silver	medal	silver	winner		https://static.igem.org/websites/common/2023/icons/medal-silver-flat.svg
2012	755	GeorgiaState						
2012	916	Georgia_Tech	Silver	medal	silver	winner		https://static.igem.org/websites/common/2023/icons/medal-silver-flat.svg
2012	777	Goettingen	Gold	medal	gold	winner		https://static.igem.org/websites/common/2023/icons/medal-flat.svg
2012	698	GreenfieldCentral_IN						
2012	845	Grenoble	Gold	medal	gold	winner		https://static.igem.org/websites/common/2023/icons/medal-flat.svg
2012	818	Groningen	Gold	medal	gold	winner		https://static.igem.org/websites/common/2023/icons/medal-flat.svg
2012	714	HAFS_Bioholics						
2012	748	HIT-Harbin	Silver	medal	silver	winner		https://static.igem.org/websites/common/2023/icons/medal-silver-flat.svg
2012	733	HKUST-Hong_Kong	Gold	medal	gold	winner		https://static.igem.org/websites/common/2023/icons/medal-flat.svg
2012	855	HKU_HongKong	Silver	medal	silver	winner		https://static.igem.org/websites/common/2023/icons/medal-silver-flat.svg
2012	805	HUST-China	Bronze	medal	bronze	winner		https://static.igem.org/websites/common/2023/icons/medal-bronze-flat.svg
2012	789	Harvey Mudd						
2012	862	Heidelberg_LSL						
2012	686	Hewitt-Trussville						
2012	759	HokkaidoU_Japan	Gold	medal	gold	winner		https://static.igem.org/websites/common/2023/icons/medal-flat.svg
2012	786	Hong_Kong-CUHK	Gold	medal	gold	winner		https://static.igem.org/websites/common/2023/icons/medal-flat.svg
2012	856	IIT_Madras						
2012	935	IvyTech-South_Bend	Silver	medal	silver	winner		https://static.igem.org/websites/common/2023/icons/medal-silver-flat.svg
2012	730	JUIT-India						
2012	800	Johns_Hopkins-Software	Gold	medal	gold	winner		https://static.igem.org/websites/common/2023/icons/medal-flat.svg
2012	799	Johns_Hopkins-Wetware	Gold	medal	gold	winner		https://static.igem.org/websites/common/2023/icons/medal-flat.svg
2012	885	KABK_ArtScience						
2012	907	KAIST_Korea	Gold	medal	gold	winner		https://static.igem.org/websites/common/2023/icons/medal-flat.svg
2012	835	KAIT_Japan	Bronze	medal	bronze	winner		https://static.igem.org/websites/common/2023/icons/medal-bronze-flat.svg
2012	758	KIT-Kyoto	Silver	medal	silver	winner		https://static.igem.org/websites/common/2023/icons/medal-silver-flat.svg
2012	739	Korea_U_Seoul	Silver	medal	silver	winner		https://static.igem.org/websites/common/2023/icons/medal-silver-flat.svg
2012	797	Kyoto	Gold	medal	gold	winner		https://static.igem.org/websites/common/2023/icons/medal-flat.svg
2012	823	LMU-Munich	Gold	medal	gold	winner		https://static.igem.org/websites/common/2023/icons/medal-flat.svg
2012	852	Leicester						
2012	901	Lethbridge	Bronze	medal	bronze	winner		https://static.igem.org/websites/common/2023/icons/medal-bronze-flat.svg
2012	736	Lethbridge_Canada						
2012	894	Lleida-Spain						
2012	802	Lyon-INSA	Gold	medal	gold	winner		https://static.igem.org/websites/common/2023/icons/medal-flat.svg
2012	843	METU	Bronze	medal	bronze	winner		https://static.igem.org/websites/common/2023/icons/medal-bronze-flat.svg
2012	779	MIT	Gold	medal	gold	winner		https://static.igem.org/websites/common/2023/icons/medal-flat.svg
2012	955	MIT_E						
2012	953	Macquarie_Australia	Silver	medal	silver	winner		https://static.igem.org/websites/common/2023/icons/medal-silver-flat.svg
2012	930	Manitoba						
2012	866	Marburg_SYNMIKRO	Bronze	medal	bronze	winner		https://static.igem.org/websites/common/2023/icons/medal-bronze-flat.svg
2012	832	McMaster-Ontario						
2012	694	MediaArts_HTH_CA						
2012	880	Michigan	Gold	medal	gold	winner		https://static.igem.org/websites/common/2023/icons/medal-flat.svg
2012	814	Minnesota	Silver	medal	silver	winner		https://static.igem.org/websites/common/2023/icons/medal-silver-flat.svg
2012	877	Missouri_Miners	Bronze	medal	bronze	winner		https://static.igem.org/websites/common/2023/icons/medal-bronze-flat.svg
2012	887	NCTU_Formosa	Gold	medal	gold	winner		https://static.igem.org/websites/common/2023/icons/medal-flat.svg
2012	713	NC_School_of_Sci_Math						
2012	774	NRP-UEA-Norwich	Gold	medal	gold	winner		https://static.igem.org/websites/common/2023/icons/medal-flat.svg
2012	889	NTHU_BioEE						
2012	822	NTNU_Trondheim	Gold	medal	gold	winner		https://static.igem.org/websites/common/2023/icons/medal-flat.svg
2012	817	NTU-Taida	Gold	medal	gold	winner		https://static.igem.org/websites/common/2023/icons/medal-flat.svg
2012	868	NYC_Hunter						
2012	869	NYC_Hunter_Software						
2012	896	NYMU-Taipei	Gold	medal	gold	winner		https://static.igem.org/websites/common/2023/icons/medal-flat.svg
2012	850	NYU_Gallatin	Bronze	medal	bronze	winner		https://static.igem.org/websites/common/2023/icons/medal-bronze-flat.svg
2012	788	Nanjing-China						
2012	905	Nanjing_China_Bio	Silver	medal	silver	winner		https://static.igem.org/websites/common/2023/icons/medal-silver-flat.svg
2012	931	Nevada	Gold	medal	gold	winner		https://static.igem.org/websites/common/2023/icons/medal-flat.svg
2012	701	NewLondonFarquizzles						
2012	903	Northeastern						
2012	912	Northwestern	Gold	medal	gold	winner		https://static.igem.org/websites/common/2023/icons/medal-flat.svg
2012	737	OUC-China	Gold	medal	gold	winner		https://static.igem.org/websites/common/2023/icons/medal-flat.svg
2012	941	Osaka	Bronze	medal	bronze	winner		https://static.igem.org/websites/common/2023/icons/medal-bronze-flat.svg
2012	944	Panama_INDICASAT	Bronze	medal	bronze	winner		https://static.igem.org/websites/common/2023/icons/medal-bronze-flat.svg
2012	910	Paris-Saclay						
2012	914	Paris_Bettencourt	Gold	medal	gold	winner		https://static.igem.org/websites/common/2023/icons/medal-flat.svg
2012	819	Peking	Gold	medal	gold	winner		https://static.igem.org/websites/common/2023/icons/medal-flat.svg
2012	811	Penn	Gold	medal	gold	winner		https://static.igem.org/websites/common/2023/icons/medal-flat.svg
2012	933	Penn_State	Gold	medal	gold	winner		https://static.igem.org/websites/common/2023/icons/medal-flat.svg
2012	922	Peru_BioE						
2012	929	Potsdam_Bioware	Gold	medal	gold	winner		https://static.igem.org/websites/common/2023/icons/medal-flat.svg
2012	760	PrepaTec_GarzaSadaMx						
2012	932	Purdue	Gold	medal	gold	winner		https://static.igem.org/websites/common/2023/icons/medal-flat.svg
2012	781	Queens_Canada	Gold	medal	gold	winner		https://static.igem.org/websites/common/2023/icons/medal-flat.svg
2012	840	RHIT						
2012	915	Reed						
2012	787	Rutgers	Gold	medal	gold	winner		https://static.igem.org/websites/common/2023/icons/medal-flat.svg
2012	899	SDU-Denmark	Bronze	medal	bronze	winner		https://static.igem.org/websites/common/2023/icons/medal-bronze-flat.svg
2012	873	SEU_A	Silver	medal	silver	winner		https://static.igem.org/websites/common/2023/icons/medal-silver-flat.svg
2012	897	SEU_O_China	Gold	medal	gold	winner		https://static.igem.org/websites/common/2023/icons/medal-flat.svg
2012	771	SJTU-BioX-Shanghai	Gold	medal	gold	winner		https://static.igem.org/websites/common/2023/icons/medal-flat.svg
2012	767	SUSTC-Shenzhen-A	Silver	medal	silver	winner		https://static.igem.org/websites/common/2023/icons/medal-silver-flat.svg
2012	827	SUSTC-Shenzhen-B	Gold	medal	gold	winner		https://static.igem.org/websites/common/2023/icons/medal-flat.svg
2012	806	SYSU-China	Silver	medal	silver	winner		https://static.igem.org/websites/common/2023/icons/medal-silver-flat.svg
2012	893	SYSU-Software	Gold	medal	gold	winner		https://static.igem.org/websites/common/2023/icons/medal-flat.svg
2012	924	Saitama						
2012	696	Saloniki_Greece_12						
2012	719	Sharon_BasicallyAcid						
2012	717	Sharon_MA_Aquila						
2012	718	Sharon_MA_ArborVitae						
2012	809	Shenzhen	Gold	medal	gold	winner		https://static.igem.org/websites/common/2023/icons/medal-flat.svg
2012	782	Slovenia	Gold	medal	gold	winner		https://static.igem.org/websites/common/2023/icons/medal-flat.svg
2012	716	SouthBendMishawakaIN						
2012	925	St_Andrews	Gold	medal	gold	winner		https://static.igem.org/websites/common/2023/icons/medal-flat.svg
2012	847	Stanford-Brown	Gold	medal	gold	winner		https://static.igem.org/websites/common/2023/icons/medal-flat.svg
2012	938	TJHSST_Clone-ials_VA						
2012	749	TMU-Tokyo	Bronze	medal	bronze	winner		https://static.igem.org/websites/common/2023/icons/medal-bronze-flat.svg
2012	775	TU-Delft	Gold	medal	gold	winner		https://static.igem.org/websites/common/2023/icons/medal-flat.svg
2012	881	TU-Eindhoven	Silver	medal	silver	winner		https://static.igem.org/websites/common/2023/icons/medal-silver-flat.svg
2012	808	TU_Darmstadt	Gold	medal	gold	winner		https://static.igem.org/websites/common/2023/icons/medal-flat.svg
2012	801	TU_Munich	Gold	medal	gold	winner		https://static.igem.org/websites/common/2023/icons/medal-flat.svg
2012	942	Tec-Monterrey						
2012	945	Tec-Monterrey_EKAM						
2012	784	Technion	Gold	medal	gold	winner		https://static.igem.org/websites/common/2023/icons/medal-flat.svg
2012	821	Tianjin	Gold	medal	gold	winner		https://static.igem.org/websites/common/2023/icons/medal-flat.svg
2012	769	Tokyo-NoKoGen	Silver	medal	silver	winner		https://static.igem.org/websites/common/2023/icons/medal-silver-flat.svg
2012	934	Tokyo_Tech	Gold	medal	gold	winner		https://static.igem.org/websites/common/2023/icons/medal-flat.svg
2012	926	Toronto						
2012	875	Trieste	Gold	medal	gold	winner		https://static.igem.org/websites/common/2023/icons/medal-flat.svg
2012	766	Tsinghua	Gold	medal	gold	winner		https://static.igem.org/websites/common/2023/icons/medal-flat.svg
2012	740	Tsinghua-A	Silver	medal	silver	winner		https://static.igem.org/websites/common/2023/icons/medal-silver-flat.svg
2012	837	Tsinghua-D	Silver	medal	silver	winner		https://static.igem.org/websites/common/2023/icons/medal-silver-flat.svg
2012	950	Tuebingen	Bronze	medal	bronze	winner		https://static.igem.org/websites/common/2023/icons/medal-bronze-flat.svg
2012	688	Tyngsboro_MA_Tigers						
2012	888	UANL_Mty-Mexico						
2012	859	UANLe_Mexico						
2012	857	UC-Merced						
2012	943	UCLondon						
2012	726	UCSF	Gold	medal	gold	winner		https://static.igem.org/websites/common/2023/icons/medal-flat.svg
2012	743	UC_Chile	Gold	medal	gold	winner		https://static.igem.org/websites/common/2023/icons/medal-flat.svg
2012	936	UC_Davis	Gold	medal	gold	winner		https://static.igem.org/websites/common/2023/icons/medal-flat.svg
2012	920	UC_Davis_E						
2012	919	UConn						
2012	890	UGA-Georgia						
2012	715	UISGZ_MaLab_China						
2012	865	UIUC-Illinois	Silver	medal	silver	winner		https://static.igem.org/websites/common/2023/icons/medal-silver-flat.svg
2012	898	UIUC_Illinois						
2012	908	ULB-Brussels	Bronze	medal	bronze	winner		https://static.igem.org/websites/common/2023/icons/medal-bronze-flat.svg
2012	882	UMiami						
2012	851	UNAM_Genomics_Mexico	Silver	medal	silver	winner		https://static.igem.org/websites/common/2023/icons/medal-silver-flat.svg
2012	731	UNITN-Trento	Gold	medal	gold	winner		https://static.igem.org/websites/common/2023/icons/medal-flat.svg
2012	854	UPIBI-Mexico						
2012	842	USC	Gold	medal	gold	winner		https://static.igem.org/websites/common/2023/icons/medal-flat.svg
2012	886	USP-UNESP-Brazil	Silver	medal	silver	winner		https://static.igem.org/websites/common/2023/icons/medal-silver-flat.svg
2012	741	USTC-China	Gold	medal	gold	winner		https://static.igem.org/websites/common/2023/icons/medal-flat.svg
2012	742	USTC-Software	Gold	medal	gold	winner		https://static.igem.org/websites/common/2023/icons/medal-flat.svg
2012	778	UT-Tokyo	Silver	medal	silver	winner		https://static.igem.org/websites/common/2023/icons/medal-silver-flat.svg
2012	791	UT-Tokyo-Software	Gold	medal	gold	winner		https://static.igem.org/websites/common/2023/icons/medal-flat.svg
2012	815	UTBC-RDCongo						
2012	813	UTK-Knoxville	Bronze	medal	bronze	winner		https://static.igem.org/websites/common/2023/icons/medal-bronze-flat.svg
2012	951	UTP-Software	Silver	medal	silver	winner		https://static.igem.org/websites/common/2023/icons/medal-silver-flat.svg
2012	937	UTPreneur						
2012	876	UT_Dallas	Silver	medal	silver	winner		https://static.igem.org/websites/common/2023/icons/medal-silver-flat.svg
2012	729	University_College_London	Gold	medal	gold	winner		https://static.igem.org/websites/common/2023/icons/medal-flat.svg
2012	864	Uppsala_University	Gold	medal	gold	winner		https://static.igem.org/websites/common/2023/icons/medal-flat.svg
2012	844	Utah_State	Gold	medal	gold	winner		https://static.igem.org/websites/common/2023/icons/medal-flat.svg
2012	728	VIT_Vellore						
2012	754	Valencia	Bronze	medal	bronze	winner		https://static.igem.org/websites/common/2023/icons/medal-bronze-flat.svg
2012	763	Valencia_Biocampus	Gold	medal	gold	winner		https://static.igem.org/websites/common/2023/icons/medal-flat.svg
2012	732	Virginia	Silver	medal	silver	winner		https://static.igem.org/websites/common/2023/icons/medal-silver-flat.svg
2012	861	WHU-China	Silver	medal	silver	winner		https://static.igem.org/websites/common/2023/icons/medal-silver-flat.svg
2012	948	WLC-Milwaukee						
2012	883	Wageningen_UR	Gold	medal	gold	winner		https://static.igem.org/websites/common/2023/icons/medal-flat.svg
2012	699	WarrenCentral_WCC_IN						
2012	780	Warsaw	Bronze	medal	bronze	winner		https://static.igem.org/websites/common/2023/icons/medal-bronze-flat.svg
2012	906	WashU	Gold	medal	gold	winner		https://static.igem.org/websites/common/2023/icons/medal-flat.svg
2012	892	Washington	Gold	medal	gold	winner		https://static.igem.org/websites/common/2023/icons/medal-flat.svg
2012	962	Washington_U_St_Louis						
2012	790	Waterloo						
2012	795	Waterloo-E						
2012	816	Wellesley_HCI	Gold	medal	gold	winner		https://static.igem.org/websites/common/2023/icons/medal-flat.svg
2012	940	Westminster	Bronze	medal	bronze	winner		https://static.igem.org/websites/common/2023/icons/medal-bronze-flat.svg
2012	762	Wisconsin-Madison	Gold	medal	gold	winner		https://static.igem.org/websites/common/2023/icons/medal-flat.svg
2012	721	WoodlandHillsECRC_CA						
2012	750	XMU-China	Gold	medal	gold	winner		https://static.igem.org/websites/common/2023/icons/medal-flat.svg
2012	810	Yale	Bronze	medal	bronze	winner		https://static.igem.org/websites/common/2023/icons/medal-bronze-flat.svg
2012	738	ZJU-China	Silver	medal	silver	winner		https://static.igem.org/websites/common/2023/icons/medal-silver-flat.svg
2012	884	sentegen						
2012	807	uOttawa_CA	Bronze	medal	bronze	winner		https://static.igem.org/websites/common/2023/icons/medal-bronze-flat.svg
2013	1196	AHUT_China	Bronze	medal	bronze	winner		https://static.igem.org/websites/common/2023/icons/medal-bronze-flat.svg
2013	1098	AITM-Nepal						
2013	1200	AMU-Poznan	Silver	medal	silver	winner		https://static.igem.org/websites/common/2023/icons/medal-silver-flat.svg
2013	1202	ATOMS-Turkiye	Gold	medal	gold	winner		https://static.igem.org/websites/common/2023/icons/medal-flat.svg
2013	993	AUC_TURKEY						
2013	1161	Alberta	Gold	medal	gold	winner		https://static.igem.org/websites/common/2023/icons/medal-flat.svg
2013	996	AnatoliaGreece						
2013	1190	Arizona_State	Bronze	medal	bronze	winner		https://static.igem.org/websites/common/2023/icons/medal-bronze-flat.svg
2013	1223	BGU_Israel	Silver	medal	silver	winner		https://static.igem.org/websites/common/2023/icons/medal-silver-flat.svg
2013	1130	BIOSINT_Mexico	Bronze	medal	bronze	winner		https://static.igem.org/websites/common/2023/icons/medal-bronze-flat.svg
2013	1058	BIT	Gold	medal	gold	winner		https://static.igem.org/websites/common/2023/icons/medal-flat.svg
2013	1117	BIT-China	Gold	medal	gold	winner		https://static.igem.org/websites/common/2023/icons/medal-flat.svg
2013	999	BJHS_Madison_AL						
2013	977	BV_CAPS_Kansas						
2013	1195	BYU_Provo	Gold	medal	gold	winner		https://static.igem.org/websites/common/2023/icons/medal-flat.svg
2013	1109	Baskent_Meds	Bronze	medal	bronze	winner		https://static.igem.org/websites/common/2023/icons/medal-bronze-flat.svg
2013	984	Beijing_BHSF						
2013	994	Beijing_HDFLS_High						
2013	1131	Berkeley	Gold	medal	gold	winner		https://static.igem.org/websites/common/2023/icons/medal-flat.svg
2013	1172	Bielefeld-Germany	Gold	medal	gold	winner		https://static.igem.org/websites/common/2023/icons/medal-flat.svg
2013	978	BioscienceDragons_AZ						
2013	1044	Biwako_Nagahama	Bronze	medal	bronze	winner		https://static.igem.org/websites/common/2023/icons/medal-bronze-flat.svg
2013	1075	Bonn	Bronze	medal	bronze	winner		https://static.igem.org/websites/common/2023/icons/medal-bronze-flat.svg
2013	1148	Bordeaux						
2013	1114	BostonU	Gold	medal	gold	winner		https://static.igem.org/websites/common/2023/icons/medal-flat.svg
2013	1073	Braunschweig	Gold	medal	gold	winner		https://static.igem.org/websites/common/2023/icons/medal-flat.svg
2013	1129	British_Columbia	Gold	medal	gold	winner		https://static.igem.org/websites/common/2023/icons/medal-flat.svg
2013	1106	Buenos_Aires	Gold	medal	gold	winner		https://static.igem.org/websites/common/2023/icons/medal-flat.svg
2013	1097	CAU_China	Bronze	medal	bronze	winner		https://static.igem.org/websites/common/2023/icons/medal-bronze-flat.svg
2013	1215	CBNU-Korea						
2013	987	CIDEB-UANL_Mexico						
2013	992	CSIA_SouthKorea						
2013	1229	CSU_Fort_Collins						
2013	1188	CU-Boulder	Gold	medal	gold	winner		https://static.igem.org/websites/common/2023/icons/medal-flat.svg
2013	1189	Calgary	Gold	medal	gold	winner		https://static.igem.org/websites/common/2023/icons/medal-flat.svg
2013	1236	Calgary_Entrepreneurial						
2013	1184	Carnegie_Mellon	Silver	medal	silver	winner		https://static.igem.org/websites/common/2023/icons/medal-silver-flat.svg
2013	1057	Chiba	Silver	medal	silver	winner		https://static.igem.org/websites/common/2023/icons/medal-silver-flat.svg
2013	1230	Ciencias-UNAM	Silver	medal	silver	winner		https://static.igem.org/websites/common/2023/icons/medal-silver-flat.svg
2013	1090	Clemson	Silver	medal	silver	winner		https://static.igem.org/websites/common/2023/icons/medal-silver-flat.svg
2013	1144	Colombia_Uniandes	Silver	medal	silver	winner		https://static.igem.org/websites/common/2023/icons/medal-silver-flat.svg
2013	1165	Concordia	Bronze	medal	bronze	winner		https://static.igem.org/websites/common/2023/icons/medal-bronze-flat.svg
2013	998	Consort_Alberta						
2013	1021	Cornell	Gold	medal	gold	winner		https://static.igem.org/websites/common/2023/icons/medal-flat.svg
2013	1142	Costa_Rica_Cibus						
2013	1067	DTU-Denmark	Gold	medal	gold	winner		https://static.igem.org/websites/common/2023/icons/medal-flat.svg
2013	975	Deerfield_MA						
2013	1204	Duke	Silver	medal	silver	winner		https://static.igem.org/websites/common/2023/icons/medal-silver-flat.svg
2013	1012	Dundee	Gold	medal	gold	winner		https://static.igem.org/websites/common/2023/icons/medal-flat.svg
2013	1111	EPF_Lausanne	Silver	medal	silver	winner		https://static.igem.org/websites/common/2023/icons/medal-silver-flat.svg
2013	1216	ETH_Zurich	Gold	medal	gold	winner		https://static.igem.org/websites/common/2023/icons/medal-flat.svg
2013	1122	Edinburgh	Gold	medal	gold	winner		https://static.igem.org/websites/common/2023/icons/medal-flat.svg
2013	1163	Evry	Gold	medal	gold	winner		https://static.igem.org/websites/common/2023/icons/medal-flat.svg
2013	1239	Example						
2013	1173	Exeter	Silver	medal	silver	winner		https://static.igem.org/websites/common/2023/icons/medal-silver-flat.svg
2013	1181	Frankfurt						
2013	1150	Freiburg	Gold	medal	gold	winner		https://static.igem.org/websites/common/2023/icons/medal-flat.svg
2013	1100	Fudan	Gold	medal	gold	winner		https://static.igem.org/websites/common/2023/icons/medal-flat.svg
2013	1042	Gaston_Day_School	Bronze	medal	bronze	winner		https://static.igem.org/websites/common/2023/icons/medal-bronze-flat.svg
2013	1038	Gdansk-UG	Bronze	medal	bronze	winner		https://static.igem.org/websites/common/2023/icons/medal-bronze-flat.svg
2013	1156	GeorgiaTech	Gold	medal	gold	winner		https://static.igem.org/websites/common/2023/icons/medal-flat.svg
2013	1110	Georgia_State	Bronze	medal	bronze	winner		https://static.igem.org/websites/common/2023/icons/medal-bronze-flat.svg
2013	1013	Glendale_CC_AZ						
2013	1045	Goettingen	Gold	medal	gold	winner		https://static.igem.org/websites/common/2023/icons/medal-flat.svg
2013	1178	Greensboro-Austin	Gold	medal	gold	winner		https://static.igem.org/websites/common/2023/icons/medal-flat.svg
2013	1141	Grenoble-EMSE-LSU	Gold	medal	gold	winner		https://static.igem.org/websites/common/2023/icons/medal-flat.svg
2013	1085	Groningen	Gold	medal	gold	winner		https://static.igem.org/websites/common/2023/icons/medal-flat.svg
2013	1227	Guadalajara						
2013	1014	HIT-Harbin	Silver	medal	silver	winner		https://static.igem.org/websites/common/2023/icons/medal-silver-flat.svg
2013	1037	HUST-China	Silver	medal	silver	winner		https://static.igem.org/websites/common/2023/icons/medal-silver-flat.svg
2013	1228	HZAU-China	Gold	medal	gold	winner		https://static.igem.org/websites/common/2023/icons/medal-flat.svg
2013	1226	Hartford_Genomics						
2013	1152	Heidelberg	Gold	medal	gold	winner		https://static.igem.org/websites/common/2023/icons/medal-flat.svg
2013	1084	HokkaidoU_Japan	Silver	medal	silver	winner		https://static.igem.org/websites/common/2023/icons/medal-silver-flat.svg
2013	1092	Hong_Kong_CUHK	Silver	medal	silver	winner		https://static.igem.org/websites/common/2023/icons/medal-silver-flat.svg
2013	1217	Hong_Kong_HKU	Silver	medal	silver	winner		https://static.igem.org/websites/common/2023/icons/medal-silver-flat.svg
2013	1119	Hong_Kong_HKUST	Gold	medal	gold	winner		https://static.igem.org/websites/common/2023/icons/medal-flat.svg
2013	1170	IIT_Delhi	Bronze	medal	bronze	winner		https://static.igem.org/websites/common/2023/icons/medal-bronze-flat.svg
2013	1194	IIT_Madras	Gold	medal	gold	winner		https://static.igem.org/websites/common/2023/icons/medal-flat.svg
2013	1132	INSA_Toulouse	Gold	medal	gold	winner		https://static.igem.org/websites/common/2023/icons/medal-flat.svg
2013	1064	ITB_Indonesia	Silver	medal	silver	winner		https://static.igem.org/websites/common/2023/icons/medal-silver-flat.svg
2013	1096	ITU_MOBGAM_Turkey						
2013	1149	Imperial_College	Gold	medal	gold	winner		https://static.igem.org/websites/common/2023/icons/medal-flat.svg
2013	1063	IvyTech_SouthBend_IN						
2013	989	Jefferson_VA_SciCOS						
2013	1120	KAIST_Korea						
2013	1069	KAIT_Japan						
2013	1049	KIT-Kyoto	Silver	medal	silver	winner		https://static.igem.org/websites/common/2023/icons/medal-silver-flat.svg
2013	1060	KU_Leuven	Gold	medal	gold	winner		https://static.igem.org/websites/common/2023/icons/medal-flat.svg
2013	1153	Kent	Bronze	medal	bronze	winner		https://static.igem.org/websites/common/2023/icons/medal-bronze-flat.svg
2013	1146	Korea_U_Seoul	Bronze	medal	bronze	winner		https://static.igem.org/websites/common/2023/icons/medal-bronze-flat.svg
2013	1126	Kyoto	Silver	medal	silver	winner		https://static.igem.org/websites/common/2023/icons/medal-silver-flat.svg
2013	1103	LZU-China	Bronze	medal	bronze	winner		https://static.igem.org/websites/common/2023/icons/medal-bronze-flat.svg
2013	979	Lambert_GA						
2013	1028	Leeds	Bronze	medal	bronze	winner		https://static.igem.org/websites/common/2023/icons/medal-bronze-flat.svg
2013	1095	Leicester						
2013	1210	Lethbridge	Gold	medal	gold	winner		https://static.igem.org/websites/common/2023/icons/medal-flat.svg
2013	988	Lethbridge_Canada						
2013	1233	Lethbridge_Entrepreneurs						
2013	1083	Linkoping_Sweden	Bronze	medal	bronze	winner		https://static.igem.org/websites/common/2023/icons/medal-bronze-flat.svg
2013	976	MCIT_Indianapolis						
2013	1197	METU_Turkey	Gold	medal	gold	winner		https://static.igem.org/websites/common/2023/icons/medal-flat.svg
2013	1179	MIT	Silver	medal	silver	winner		https://static.igem.org/websites/common/2023/icons/medal-silver-flat.svg
2013	1099	MSOE_Milwaukee						
2013	1080	Macquarie_Australia	Silver	medal	silver	winner		https://static.igem.org/websites/common/2023/icons/medal-silver-flat.svg
2013	1076	Manaus_Amazonas-Brazil	Bronze	medal	bronze	winner		https://static.igem.org/websites/common/2023/icons/medal-bronze-flat.svg
2013	1027	Manchester	Gold	medal	gold	winner		https://static.igem.org/websites/common/2023/icons/medal-flat.svg
2013	1071	Marburg	Gold	medal	gold	winner		https://static.igem.org/websites/common/2023/icons/medal-flat.svg
2013	1235	McMaster						
2013	1077	Michigan	Gold	medal	gold	winner		https://static.igem.org/websites/common/2023/icons/medal-flat.svg
2013	1187	Minnesota	Bronze	medal	bronze	winner		https://static.igem.org/websites/common/2023/icons/medal-bronze-flat.svg
2013	1177	Missouri_Miners						
2013	1006	Mt_Lebanon_PA						
2013	1017	NCTU_Formosa	Gold	medal	gold	winner		https://static.igem.org/websites/common/2023/icons/medal-flat.svg
2013	985	NC_School_of_Sci_Math						
2013	990	NGSS_AEI_TURKEY						
2013	1180	NJU_China	Gold	medal	gold	winner		https://static.igem.org/websites/common/2023/icons/medal-flat.svg
2013	1160	NJU_NJUT_China	Bronze	medal	bronze	winner		https://static.igem.org/websites/common/2023/icons/medal-bronze-flat.svg
2013	1041	NRP-UEA-Norwich	Bronze	medal	bronze	winner		https://static.igem.org/websites/common/2023/icons/medal-bronze-flat.svg
2013	1082	NTNU-Trondheim	Bronze	medal	bronze	winner		https://static.igem.org/websites/common/2023/icons/medal-bronze-flat.svg
2013	1157	NTU-Taida	Gold	medal	gold	winner		https://static.igem.org/websites/common/2023/icons/medal-flat.svg
2013	1125	NTU_Taiwan	Silver	medal	silver	winner		https://static.igem.org/websites/common/2023/icons/medal-silver-flat.svg
2013	1118	NU_Kazakhstan						
2013	1104	NYMU-Taipei	Gold	medal	gold	winner		https://static.igem.org/websites/common/2023/icons/medal-flat.svg
2013	1145	Nanjing-China	Gold	medal	gold	winner		https://static.igem.org/websites/common/2023/icons/medal-flat.svg
2013	1136	Nevada	Silver	medal	silver	winner		https://static.igem.org/websites/common/2023/icons/medal-silver-flat.svg
2013	1185	Newcastle	Gold	medal	gold	winner		https://static.igem.org/websites/common/2023/icons/medal-flat.svg
2013	1231	Northwestern	Silver	medal	silver	winner		https://static.igem.org/websites/common/2023/icons/medal-silver-flat.svg
2013	1207	OU-Norman_OK	Bronze	medal	bronze	winner		https://static.igem.org/websites/common/2023/icons/medal-bronze-flat.svg
2013	1059	OUC-China	Gold	medal	gold	winner		https://static.igem.org/websites/common/2023/icons/medal-flat.svg
2013	1040	Osaka	Bronze	medal	bronze	winner		https://static.igem.org/websites/common/2023/icons/medal-bronze-flat.svg
2013	1219	Oslo-Norway						
2013	1137	Paris_Bettencourt	Gold	medal	gold	winner		https://static.igem.org/websites/common/2023/icons/medal-flat.svg
2013	1155	Paris_Saclay	Gold	medal	gold	winner		https://static.igem.org/websites/common/2023/icons/medal-flat.svg
2013	1031	Peking	Gold	medal	gold	winner		https://static.igem.org/websites/common/2023/icons/medal-flat.svg
2013	1128	Penn	Gold	medal	gold	winner		https://static.igem.org/websites/common/2023/icons/medal-flat.svg
2013	1043	Penn_State	Bronze	medal	bronze	winner		https://static.igem.org/websites/common/2023/icons/medal-bronze-flat.svg
2013	1224	Poznan-BioInf						
2013	1225	Purdue	Gold	medal	gold	winner		https://static.igem.org/websites/common/2023/icons/medal-flat.svg
2013	1121	Queens_Canada	Bronze	medal	bronze	winner		https://static.igem.org/websites/common/2023/icons/medal-bronze-flat.svg
2013	1154	RHIT	Bronze	medal	bronze	winner		https://static.igem.org/websites/common/2023/icons/medal-bronze-flat.svg
2013	1206	Rutgers	Silver	medal	silver	winner		https://static.igem.org/websites/common/2023/icons/medal-silver-flat.svg
2013	1010	SCAU-China	Gold	medal	gold	winner		https://static.igem.org/websites/common/2023/icons/medal-flat.svg
2013	1072	SCUT	Silver	medal	silver	winner		https://static.igem.org/websites/common/2023/icons/medal-silver-flat.svg
2013	1087	SCU_China	Silver	medal	silver	winner		https://static.igem.org/websites/common/2023/icons/medal-silver-flat.svg
2013	1088	SDU-Denmark	Gold	medal	gold	winner		https://static.igem.org/websites/common/2023/icons/medal-flat.svg
2013	1143	SEU_China						
2013	1026	SJTU-BioX-Shanghai	Gold	medal	gold	winner		https://static.igem.org/websites/common/2023/icons/medal-flat.svg
2013	1030	SUSTC-Shenzhen-A	Silver	medal	silver	winner		https://static.igem.org/websites/common/2023/icons/medal-silver-flat.svg
2013	1032	SUSTC-Shenzhen-B	Gold	medal	gold	winner		https://static.igem.org/websites/common/2023/icons/medal-flat.svg
2013	1061	SYSU-China	Gold	medal	gold	winner		https://static.igem.org/websites/common/2023/icons/medal-flat.svg
2013	1016	SYSU-Software	Gold	medal	gold	winner		https://static.igem.org/websites/common/2023/icons/medal-flat.svg
2013	1002	Salonica_Schools						
2013	995	SharonBasicallyAcid						
2013	1052	Shenzhen_BGIC_0101	Gold	medal	gold	winner		https://static.igem.org/websites/common/2023/icons/medal-flat.svg
2013	1051	Shenzhen_BGIC_ATCG	Gold	medal	gold	winner		https://static.igem.org/websites/common/2023/icons/medal-flat.svg
2013	986	Shenzhen_SFLS						
2013	1003	Shenzhen_SZMS						
2013	997	St_Pauls_London						
2013	1218	Stanford-Brown	Gold	medal	gold	winner		https://static.igem.org/websites/common/2023/icons/medal-flat.svg
2013	1147	Sumbawagen						
2013	1115	SydneyUni_Australia	Bronze	medal	bronze	winner		https://static.igem.org/websites/common/2023/icons/medal-bronze-flat.svg
2013	1015	TMU-Tokyo	Silver	medal	silver	winner		https://static.igem.org/websites/common/2023/icons/medal-silver-flat.svg
2013	980	TPHS_SanDiego						
2013	1022	TU-Delft	Gold	medal	gold	winner		https://static.igem.org/websites/common/2023/icons/medal-flat.svg
2013	1123	TU-Eindhoven	Gold	medal	gold	winner		https://static.igem.org/websites/common/2023/icons/medal-flat.svg
2013	1159	TU-Munich	Gold	medal	gold	winner		https://static.igem.org/websites/common/2023/icons/medal-flat.svg
2013	1055	TU_Darmstadt	Silver	medal	silver	winner		https://static.igem.org/websites/common/2023/icons/medal-silver-flat.svg
2013	1166	TecMonterrey	Gold	medal	gold	winner		https://static.igem.org/websites/common/2023/icons/medal-flat.svg
2013	1001	The_Agency_Escondido						
2013	1020	Tianjin	Gold	medal	gold	winner		https://static.igem.org/websites/common/2023/icons/medal-flat.svg
2013	1053	Tokyo-NoKoGen	Gold	medal	gold	winner		https://static.igem.org/websites/common/2023/icons/medal-flat.svg
2013	1139	Tokyo_Tech	Gold	medal	gold	winner		https://static.igem.org/websites/common/2023/icons/medal-flat.svg
2013	1019	Toronto	Gold	medal	gold	winner		https://static.igem.org/websites/common/2023/icons/medal-flat.svg
2013	1024	Tsinghua	Gold	medal	gold	winner		https://static.igem.org/websites/common/2023/icons/medal-flat.svg
2013	1116	Tsinghua-A	Gold	medal	gold	winner		https://static.igem.org/websites/common/2023/icons/medal-flat.svg
2013	1025	Tsinghua-E	Silver	medal	silver	winner		https://static.igem.org/websites/common/2023/icons/medal-silver-flat.svg
2013	1029	Tuebingen	Silver	medal	silver	winner		https://static.igem.org/websites/common/2023/icons/medal-silver-flat.svg
2013	1186	Tufts						
2013	1222	TzuChiU_Formosa	Silver	medal	silver	winner		https://static.igem.org/websites/common/2023/icons/medal-silver-flat.svg
2013	1140	UANL_Mty-Mexico						
2013	1221	UC-Merced						
2013	1213	UC-Santa_Cruz						
2013	1018	UCL	Gold	medal	gold	winner		https://static.igem.org/websites/common/2023/icons/medal-flat.svg
2013	1176	UCLA	Bronze	medal	bronze	winner		https://static.igem.org/websites/common/2023/icons/medal-bronze-flat.svg
2013	981	UCL_Academy						
2013	1203	UCL_E						
2013	1135	UCL_PG	Silver	medal	silver	winner		https://static.igem.org/websites/common/2023/icons/medal-silver-flat.svg
2013	1062	UCSF	Gold	medal	gold	winner		https://static.igem.org/websites/common/2023/icons/medal-flat.svg
2013	1113	UC_Chile	Silver	medal	silver	winner		https://static.igem.org/websites/common/2023/icons/medal-silver-flat.svg
2013	1212	UC_Davis	Gold	medal	gold	winner		https://static.igem.org/websites/common/2023/icons/medal-flat.svg
2013	1193	UChicago						
2013	1091	UESTC	Gold	medal	gold	winner		https://static.igem.org/websites/common/2023/icons/medal-flat.svg
2013	1199	UESTC_Life	Silver	medal	silver	winner		https://static.igem.org/websites/common/2023/icons/medal-silver-flat.svg
2013	1086	UFMG_Brazil	Silver	medal	silver	winner		https://static.igem.org/websites/common/2023/icons/medal-silver-flat.svg
2013	1138	UGA-Georgia	Silver	medal	silver	winner		https://static.igem.org/websites/common/2023/icons/medal-silver-flat.svg
2013	1105	UGent	Bronze	medal	bronze	winner		https://static.igem.org/websites/common/2023/icons/medal-bronze-flat.svg
2013	1182	UI-Indonesia	Silver	medal	silver	winner		https://static.igem.org/websites/common/2023/icons/medal-silver-flat.svg
2013	1209	UIUC_Entrepreneurs						
2013	1205	UIUC_Illinois	Gold	medal	gold	winner		https://static.igem.org/websites/common/2023/icons/medal-flat.svg
2013	1208	UIUC_Illinois-Software						
2013	1094	UNIK_Copenhagen	Gold	medal	gold	winner		https://static.igem.org/websites/common/2023/icons/medal-flat.svg
2013	1065	UNITN-Trento	Gold	medal	gold	winner		https://static.igem.org/websites/common/2023/icons/medal-flat.svg
2013	1078	USP-Brazil	Silver	medal	silver	winner		https://static.igem.org/websites/common/2023/icons/medal-silver-flat.svg
2013	1079	USTC-Software	Gold	medal	gold	winner		https://static.igem.org/websites/common/2023/icons/medal-flat.svg
2013	1074	USTC_CHINA	Gold	medal	gold	winner		https://static.igem.org/websites/common/2023/icons/medal-flat.svg
2013	1124	UT-Tokyo	Bronze	medal	bronze	winner		https://static.igem.org/websites/common/2023/icons/medal-bronze-flat.svg
2013	1048	UTK-Knoxville						
2013	1214	UT_Dallas	Silver	medal	silver	winner		https://static.igem.org/websites/common/2023/icons/medal-silver-flat.svg
2013	1151	UniSalento_Lecce	Silver	medal	silver	winner		https://static.igem.org/websites/common/2023/icons/medal-silver-flat.svg
2013	1033	Uppsala	Gold	medal	gold	winner		https://static.igem.org/websites/common/2023/icons/medal-flat.svg
2013	1162	Utah_State	Gold	medal	gold	winner		https://static.igem.org/websites/common/2023/icons/medal-flat.svg
2013	1158	Valencia-CIPF						
2013	1112	Valencia_Biocampus	Gold	medal	gold	winner		https://static.igem.org/websites/common/2023/icons/medal-flat.svg
2013	1011	Virginia	Gold	medal	gold	winner		https://static.igem.org/websites/common/2023/icons/medal-flat.svg
2013	1000	WHHS_Cincinnati_OH						
2013	1081	WHU-China	Gold	medal	gold	winner		https://static.igem.org/websites/common/2023/icons/medal-flat.svg
2013	1175	WLC-Milwaukee	Silver	medal	silver	winner		https://static.igem.org/websites/common/2023/icons/medal-silver-flat.svg
2013	1023	Wageningen_UR	Gold	medal	gold	winner		https://static.igem.org/websites/common/2023/icons/medal-flat.svg
2013	1093	Warsaw	Gold	medal	gold	winner		https://static.igem.org/websites/common/2023/icons/medal-flat.svg
2013	1169	WashU_StLouis						
2013	1232	Washington	Bronze	medal	bronze	winner		https://static.igem.org/websites/common/2023/icons/medal-bronze-flat.svg
2013	1039	Waterloo	Gold	medal	gold	winner		https://static.igem.org/websites/common/2023/icons/medal-flat.svg
2013	1068	Wellesley_Desyne	Gold	medal	gold	winner		https://static.igem.org/websites/common/2023/icons/medal-flat.svg
2013	1201	Westminster	Bronze	medal	bronze	winner		https://static.igem.org/websites/common/2023/icons/medal-bronze-flat.svg
2013	1056	Wisconsin-Madison						
2013	1036	XMU-China	Gold	medal	gold	winner		https://static.igem.org/websites/common/2023/icons/medal-flat.svg
2013	1070	XMU_Software	Gold	medal	gold	winner		https://static.igem.org/websites/common/2023/icons/medal-flat.svg
2013	1211	Yale	Silver	medal	silver	winner		https://static.igem.org/websites/common/2023/icons/medal-silver-flat.svg
2013	1127	York_UK	Gold	medal	gold	winner		https://static.igem.org/websites/common/2023/icons/medal-flat.svg
2013	1054	ZJU-China	Gold	medal	gold	winner		https://static.igem.org/websites/common/2023/icons/medal-flat.svg
2013	1164	uOttawa	Gold	medal	gold	winner		https://static.igem.org/websites/common/2023/icons/medal-flat.svg
2014	1341	AHUT_China	Silver	medal	silver	winner		https://static.igem.org/websites/common/2023/icons/medal-silver-flat.svg
2014	1281	AMSA_WeColi						
2014	1436	AMU-Poznan	Gold	medal	gold	winner		https://static.igem.org/websites/common/2023/icons/medal-flat.svg
2014	1456	ATOMS-Turkiye	Gold	medal	gold	winner		https://static.igem.org/websites/common/2023/icons/medal-flat.svg
2014	1291	AUC_TURKEY						
2014	1319	Aachen	Best Measurement Project	village		winner	underover	
2014	1319	Aachen	Best Supporting Software	special		winner	overgrad	
2014	1319	Aachen	Gold	medal	gold	winner		https://static.igem.org/websites/common/2023/icons/medal-flat.svg
2014	1319	Aachen	Safety Commendation	special		winner	overgrad	
2014	1443	Aalto-Helsinki	Best Wiki	special		winner	undergrad	
2014	1352	Aberdeen_Scotland	Best Health & Medicine Project	village		winner	overgrad	https://static.igem.org/websites/common/2025/icons/villages/diagnostics.svg
2014	1352	Aberdeen_Scotland	Best Innovation in Measurement	special		winner	overgrad	
2014	1352	Aberdeen_Scotland	Gold	medal	gold	winner		https://static.igem.org/websites/common/2023/icons/medal-flat.svg
2014	1261	Acton-BoxboroughRHS						
2014	1349	Aix-Marseille	Gold	medal	gold	winner		https://static.igem.org/websites/common/2023/icons/medal-flat.svg
2014	1302	Anatolia_Greece						
2014	1502	Arizona_State	Bronze	medal	bronze	winner		https://static.igem.org/websites/common/2023/icons/medal-bronze-flat.svg
2014	1543	ArtCenter_MDP	Best Art & Design Project	village		winner	underover	https://static.igem.org/websites/common/2022/icons/village/artanddesign.svg
2014	1530	Auckland_New_Zealand						
2014	1416	Austin_Texas	Gold	medal	gold	winner		https://static.igem.org/websites/common/2023/icons/medal-flat.svg
2014	1458	BGU_Israel						
2014	1264	BHSF-Beijing						
2014	1471	BIOSINT_Mexico	Bronze	medal	bronze	winner		https://static.igem.org/websites/common/2023/icons/medal-bronze-flat.svg
2014	1407	BIT	Silver	medal	silver	winner		https://static.igem.org/websites/common/2023/icons/medal-silver-flat.svg
2014	1325	BIT-China	Gold	medal	gold	winner		https://static.igem.org/websites/common/2023/icons/medal-flat.svg
2014	1405	BNU-China	Gold	medal	gold	winner		https://static.igem.org/websites/common/2023/icons/medal-flat.svg
2014	1513	BUCT-China	Bronze	medal	bronze	winner		https://static.igem.org/websites/common/2023/icons/medal-bronze-flat.svg
2014	1550	BUGSS_Baltimore						
2014	1356	BYU_Provo	Silver	medal	silver	winner		https://static.igem.org/websites/common/2023/icons/medal-silver-flat.svg
2014	1283	Beijing_HDFLS_High						
2014	1438	Berlin	Gold	medal	gold	winner		https://static.igem.org/websites/common/2023/icons/medal-flat.svg
2014	1465	Bielefeld-CeBiTec	Gold	medal	gold	winner		https://static.igem.org/websites/common/2023/icons/medal-flat.svg
2014	1263	BioScience_Dragons_AZ						
2014	1265	Biotech_HS						
2014	1317	Bordeaux	Bronze	medal	bronze	winner		https://static.igem.org/websites/common/2023/icons/medal-bronze-flat.svg
2014	1401	BostonU	Gold	medal	gold	winner		https://static.igem.org/websites/common/2023/icons/medal-flat.svg
2014	1521	Brasil-SP	Bronze	medal	bronze	winner		https://static.igem.org/websites/common/2023/icons/medal-bronze-flat.svg
2014	1390	Braunschweig	Gold	medal	gold	winner		https://static.igem.org/websites/common/2023/icons/medal-flat.svg
2014	1450	British_Columbia	Bronze	medal	bronze	winner		https://static.igem.org/websites/common/2023/icons/medal-bronze-flat.svg
2014	1248	CAPS_Kansas						
2014	1421	CAU_China	Silver	medal	silver	winner		https://static.igem.org/websites/common/2023/icons/medal-silver-flat.svg
2014	1255	CIDEB-UANL_Mexico						
2014	1297	CSIA-SouthKorea						
2014	1495	CSU_Fort_Collins						
2014	1251	CSWProteens						
2014	1445	CU-Boulder	Silver	medal	silver	winner		https://static.igem.org/websites/common/2023/icons/medal-silver-flat.svg
2014	1444	Calgary	Gold	medal	gold	winner		https://static.igem.org/websites/common/2023/icons/medal-flat.svg
2014	1369	Caltech	Bronze	medal	bronze	winner		https://static.igem.org/websites/common/2023/icons/medal-bronze-flat.svg
2014	1484	Cambridge-JIC	Gold	medal	gold	winner		https://static.igem.org/websites/common/2023/icons/medal-flat.svg
2014	1491	Carnegie_Mellon	Best Poster	special		winner	undergrad	
2014	1491	Carnegie_Mellon	Gold	medal	gold	winner		https://static.igem.org/websites/common/2023/icons/medal-flat.svg
2014	1282	Charlottesville_RS						
2014	1472	CityU_HK	Gold	medal	gold	winner		https://static.igem.org/websites/common/2023/icons/medal-flat.svg
2014	1522	Clemson						
2014	1298	CoBRA						
2014	1455	Colombia	Gold	medal	gold	winner		https://static.igem.org/websites/common/2023/icons/medal-flat.svg
2014	1547	Concordia	Silver	medal	silver	winner		https://static.igem.org/websites/common/2023/icons/medal-silver-flat.svg
2014	1267	Consort_Alberta						
2014	1354	Cooper_Union	Gold	medal	gold	winner		https://static.igem.org/websites/common/2023/icons/medal-flat.svg
2014	1460	Cornell	Gold	medal	gold	winner		https://static.igem.org/websites/common/2023/icons/medal-flat.svg
2014	1330	DTU-Denmark	Best Part Collection	special		winner	overgrad	
2014	1330	DTU-Denmark	Gold	medal	gold	winner		https://static.igem.org/websites/common/2023/icons/medal-flat.svg
2014	1545	Duke	Gold	medal	gold	winner		https://static.igem.org/websites/common/2023/icons/medal-flat.svg
2014	1315	Dundee	Best Health & Medicine Project	village		winner	undergrad	https://static.igem.org/websites/common/2025/icons/villages/diagnostics.svg
2014	1315	Dundee	Best Policy & Practices Advance	special		winner	undergrad	
2014	1315	Dundee	Gold	medal	gold	winner		https://static.igem.org/websites/common/2023/icons/medal-flat.svg
2014	1315	Dundee	iGEMers Prize	special	community	winner		
2014	1486	EPF_Lausanne	Gold	medal	gold	winner		https://static.igem.org/websites/common/2023/icons/medal-flat.svg
2014	1541	ETH_Zurich	Best Model	special		winner	overgrad	
2014	1541	ETH_Zurich	Gold	medal	gold	winner		https://static.igem.org/websites/common/2023/icons/medal-flat.svg
2014	1399	Edinburgh	Gold	medal	gold	winner		https://static.igem.org/websites/common/2023/icons/medal-flat.svg
2014	1301	Elan_Vital_South_Korea						
2014	1294	Enloe_Raleigh						
2014	1413	Evry	Bronze	medal	bronze	winner		https://static.igem.org/websites/common/2023/icons/medal-bronze-flat.svg
2014	1540	Example						
2014	1568	Example_2						
2014	1398	Exeter	Gold	medal	gold	winner		https://static.igem.org/websites/common/2023/icons/medal-flat.svg
2014	1269	FHS_Frederick_MD						
2014	1470	Freiburg	Gold	medal	gold	winner		https://static.igem.org/websites/common/2023/icons/medal-flat.svg
2014	1440	Fudan	Gold	medal	gold	winner		https://static.igem.org/websites/common/2023/icons/medal-flat.svg
2014	1566	GES_NCSU_Raleigh_NC	Best Policy & Practices Project	village		winner	underover	
2014	1566	GES_NCSU_Raleigh_NC	Silver	medal	silver	winner		https://static.igem.org/websites/common/2023/icons/medal-silver-flat.svg
2014	1320	Gaston_Day_School	Gold	medal	gold	winner		https://static.igem.org/websites/common/2023/icons/medal-flat.svg
2014	1278	GenetiX_Tec_CCM						
2014	1429	Genspace	Gold	medal	gold	winner		https://static.igem.org/websites/common/2023/icons/medal-flat.svg
2014	1539	GeorgiaTech	Silver	medal	silver	winner		https://static.igem.org/websites/common/2023/icons/medal-silver-flat.svg
2014	1441	Georgia_State	Bronze	medal	bronze	winner		https://static.igem.org/websites/common/2023/icons/medal-bronze-flat.svg
2014	1332	Gifu	Silver	medal	silver	winner		https://static.igem.org/websites/common/2023/icons/medal-silver-flat.svg
2014	1463	Glasgow	Gold	medal	gold	winner		https://static.igem.org/websites/common/2023/icons/medal-flat.svg
2014	1430	Goettingen	Bronze	medal	bronze	winner		https://static.igem.org/websites/common/2023/icons/medal-bronze-flat.svg
2014	1503	Gothenburg	Best Foundational Advance Project	village		winner	overgrad	
2014	1426	Greensboro_Aggies						
2014	1365	Groningen	Gold	medal	gold	winner		https://static.igem.org/websites/common/2023/icons/medal-flat.svg
2014	1451	HFUT_CHINA	Gold	medal	gold	winner		https://static.igem.org/websites/common/2023/icons/medal-flat.svg
2014	1437	HIT-Harbin	Bronze	medal	bronze	winner		https://static.igem.org/websites/common/2023/icons/medal-bronze-flat.svg
2014	1327	HNU_China						
2014	1286	HSAAHNU_Anhui						
2014	1273	HTHS_Trussville_AL						
2014	1293	HUNGENIOUS						
2014	1393	HUST-China	Silver	medal	silver	winner		https://static.igem.org/websites/common/2023/icons/medal-silver-flat.svg
2014	1551	HUST-Innovators	Bronze	medal	bronze	winner		https://static.igem.org/websites/common/2023/icons/medal-bronze-flat.svg
2014	1368	HZAU-China	Gold	medal	gold	winner		https://static.igem.org/websites/common/2023/icons/medal-flat.svg
2014	1478	Hannover	Silver	medal	silver	winner		https://static.igem.org/websites/common/2023/icons/medal-silver-flat.svg
2014	1528	Harrisburg_NBT						
2014	1457	Harvard_BioDesign	Bronze	medal	bronze	winner		https://static.igem.org/websites/common/2023/icons/medal-bronze-flat.svg
2014	1362	Heidelberg	Best Foundational Advance Project	village		winner	undergrad	
2014	1362	Heidelberg	Best Supporting Software	special		winner	undergrad	
2014	1362	Heidelberg	Finalist	finalist		winner	undergrad	
2014	1362	Heidelberg	Gold	medal	gold	winner		https://static.igem.org/websites/common/2023/icons/medal-flat.svg
2014	1362	Heidelberg	Grand Prize Winner	grand-prize	winner	winner	undergrad	
2014	1362	Heidelberg	iGEMers Prize	special	community	winner		
2014	1504	Hendrix_Arkansas						
2014	1524	HokkaidoU_Japan	Bronze	medal	bronze	winner		https://static.igem.org/websites/common/2023/icons/medal-bronze-flat.svg
2014	1314	Hong_Kong-CUHK	Gold	medal	gold	winner		https://static.igem.org/websites/common/2023/icons/medal-flat.svg
2014	1428	Hong_Kong_HKU	Silver	medal	silver	winner		https://static.igem.org/websites/common/2023/icons/medal-silver-flat.svg
2014	1379	Hong_Kong_HKUST	Gold	medal	gold	winner		https://static.igem.org/websites/common/2023/icons/medal-flat.svg
2014	1395	IIT_Delhi	Bronze	medal	bronze	winner		https://static.igem.org/websites/common/2023/icons/medal-bronze-flat.svg
2014	1404	INSA-Lyon	Best New Composite Part	special		winner	overgrad	
2014	1404	INSA-Lyon	Gold	medal	gold	winner		https://static.igem.org/websites/common/2023/icons/medal-flat.svg
2014	1387	ITB_Indonesia	Gold	medal	gold	winner		https://static.igem.org/websites/common/2023/icons/medal-flat.svg
2014	1313	ITESM-CEM	Silver	medal	silver	winner		https://static.igem.org/websites/common/2023/icons/medal-silver-flat.svg
2014	1544	ITESM-Guadalajara	Best Entrepreneurship Project	village		winner	underover	
2014	1544	ITESM-Guadalajara	Best Presentation	special		winner	overgrad	
2014	1321	Imperial	Best Manufacturing Project	village		winner	underover	
2014	1321	Imperial	Best Part Collection	special		winner	undergrad	
2014	1321	Imperial	Finalist	finalist		winner	undergrad	
2014	1321	Imperial	First Runner Up	grand-prize	first-runner-up	winner	undergrad	
2014	1321	Imperial	Gold	medal	gold	winner		https://static.igem.org/websites/common/2023/icons/medal-flat.svg
2014	1477	IvyTech_SouthBend_IN	Silver	medal	silver	winner		https://static.igem.org/websites/common/2023/icons/medal-silver-flat.svg
2014	1274	Jefferson_VA_SciCOS						
2014	1432	Jilin_China	Silver	medal	silver	winner		https://static.igem.org/websites/common/2023/icons/medal-silver-flat.svg
2014	1414	KAIT_JAPAN						
2014	1359	KIT-Kanazawa						
2014	1448	KIT-Kyoto	Silver	medal	silver	winner		https://static.igem.org/websites/common/2023/icons/medal-silver-flat.svg
2014	1454	Kent	Bronze	medal	bronze	winner		https://static.igem.org/websites/common/2023/icons/medal-bronze-flat.svg
2014	1377	Korea_U_Seoul						
2014	1312	Kyoto	Gold	medal	gold	winner		https://static.igem.org/websites/common/2023/icons/medal-flat.svg
2014	1452	LA_Biohackers						
2014	1565	LIKA-CESAR-Brasil	Silver	medal	silver	winner		https://static.igem.org/websites/common/2023/icons/medal-silver-flat.svg
2014	1351	LMU-Munich	Best Wiki	special		winner	overgrad	
2014	1351	LMU-Munich	Gold	medal	gold	winner		https://static.igem.org/websites/common/2023/icons/medal-flat.svg
2014	1523	LZU-China	Silver	medal	silver	winner		https://static.igem.org/websites/common/2023/icons/medal-silver-flat.svg
2014	1266	Lambert_GA						
2014	1419	Lethbridge	Gold	medal	gold	winner		https://static.igem.org/websites/common/2023/icons/medal-flat.svg
2014	1292	Lethbridge_Canada						
2014	1447	Linkoping_Sweden	Bronze	medal	bronze	winner		https://static.igem.org/websites/common/2023/icons/medal-bronze-flat.svg
2014	1337	London_BioHackspace						
2014	1285	METUHS-Ankara						
2014	1392	METU_Turkey	Bronze	medal	bronze	winner		https://static.igem.org/websites/common/2023/icons/medal-bronze-flat.svg
2014	1391	MIT	Gold	medal	gold	winner		https://static.igem.org/websites/common/2023/icons/medal-flat.svg
2014	1326	Macquarie_Australia	Gold	medal	gold	winner		https://static.igem.org/websites/common/2023/icons/medal-flat.svg
2014	1434	Manchester						
2014	1329	Marburg	Gold	medal	gold	winner		https://static.igem.org/websites/common/2023/icons/medal-flat.svg
2014	1394	Melbourne	Bronze	medal	bronze	winner		https://static.igem.org/websites/common/2023/icons/medal-bronze-flat.svg
2014	1519	Michigan	Silver	medal	silver	winner		https://static.igem.org/websites/common/2023/icons/medal-silver-flat.svg
2014	1562	Michigan_Software	Bronze	medal	bronze	winner		https://static.igem.org/websites/common/2023/icons/medal-bronze-flat.svg
2014	1256	Mingdao						
2014	1420	Minnesota	Best Environment Project	village		winner	overgrad	
2014	1420	Minnesota	Gold	medal	gold	winner		https://static.igem.org/websites/common/2023/icons/medal-flat.svg
2014	1464	Missouri-Columbia						
2014	1370	Missouri_Miners	Bronze	medal	bronze	winner		https://static.igem.org/websites/common/2023/icons/medal-bronze-flat.svg
2014	1249	Montgomery_Cougars_NJUSA						
2014	1415	NCTU_Formosa	Best Environment Project	village		winner	undergrad	
2014	1415	NCTU_Formosa	Best New Basic Part	special		winner	undergrad	
2014	1415	NCTU_Formosa	Finalist	finalist		winner	undergrad	
2014	1415	NCTU_Formosa	Gold	medal	gold	winner		https://static.igem.org/websites/common/2023/icons/medal-flat.svg
2014	1415	NCTU_Formosa	Second Runner Up	grand-prize	second-runner-up	winner	undergrad	
2014	1276	NC_School_Sci_Math						
2014	1485	NEAU-Harbin	Bronze	medal	bronze	winner		https://static.igem.org/websites/common/2023/icons/medal-bronze-flat.svg
2014	1509	NEFU_China	Silver	medal	silver	winner		https://static.igem.org/websites/common/2023/icons/medal-silver-flat.svg
2014	1290	NGSS_TR						
2014	1555	NJAU_China	Silver	medal	silver	winner		https://static.igem.org/websites/common/2023/icons/medal-silver-flat.svg
2014	1402	NJU-QIBEBT	Bronze	medal	bronze	winner		https://static.igem.org/websites/common/2023/icons/medal-bronze-flat.svg
2014	1467	NRP-UEA-Norwich	Gold	medal	gold	winner		https://static.igem.org/websites/common/2023/icons/medal-flat.svg
2014	1424	NTNU_Trondheim	Gold	medal	gold	winner		https://static.igem.org/websites/common/2023/icons/medal-flat.svg
2014	1507	NTU_Taida	Gold	medal	gold	winner		https://static.igem.org/websites/common/2023/icons/medal-flat.svg
2014	1532	NUDT_CHINA	Gold	medal	gold	winner		https://static.igem.org/websites/common/2023/icons/medal-flat.svg
2014	1335	NU_Kazakhstan	Bronze	medal	bronze	winner		https://static.igem.org/websites/common/2023/icons/medal-bronze-flat.svg
2014	1510	NYMU-Taipei	Gold	medal	gold	winner		https://static.igem.org/websites/common/2023/icons/medal-flat.svg
2014	1342	Nagahama	Silver	medal	silver	winner		https://static.igem.org/websites/common/2023/icons/medal-silver-flat.svg
2014	1520	Nanjing-China	Silver	medal	silver	winner		https://static.igem.org/websites/common/2023/icons/medal-silver-flat.svg
2014	1252	Nanjing_NFLS						
2014	1331	Nankai						
2014	1347	Nevada	Silver	medal	silver	winner		https://static.igem.org/websites/common/2023/icons/medal-silver-flat.svg
2014	1417	Northwestern	Bronze	medal	bronze	winner		https://static.igem.org/websites/common/2023/icons/medal-bronze-flat.svg
2014	1268	OLS_Canmore_AB_CA						
2014	1439	OUC-China	Bronze	medal	bronze	winner		https://static.igem.org/websites/common/2023/icons/medal-bronze-flat.svg
2014	1558	OU_Norman	Bronze	medal	bronze	winner		https://static.igem.org/websites/common/2023/icons/medal-bronze-flat.svg
2014	1446	Oxford	Gold	medal	gold	winner		https://static.igem.org/websites/common/2023/icons/medal-flat.svg
2014	1277	PEA_Exeter_NH						
2014	1403	Paris_Bettencourt	Best New Application Project	village		winner	overgrad	https://static.igem.org/websites/common/2022/icons/village/newapplication.svg
2014	1403	Paris_Bettencourt	Best Supporting Art & Design	special		winner	overgrad	
2014	1403	Paris_Bettencourt	Gold	medal	gold	winner		https://static.igem.org/websites/common/2023/icons/medal-flat.svg
2014	1372	Paris_Saclay	Gold	medal	gold	winner		https://static.igem.org/websites/common/2023/icons/medal-flat.svg
2014	1378	Peking	Gold	medal	gold	winner		https://static.igem.org/websites/common/2023/icons/medal-flat.svg
2014	1505	Penn	Bronze	medal	bronze	winner		https://static.igem.org/websites/common/2023/icons/medal-bronze-flat.svg
2014	1272	Penn_Mishawaka_IN						
2014	1506	Penn_State	Gold	medal	gold	winner		https://static.igem.org/websites/common/2023/icons/medal-flat.svg
2014	1548	Pitt	Silver	medal	silver	winner		https://static.igem.org/websites/common/2023/icons/medal-silver-flat.svg
2014	1481	PoznanBioInf						
2014	1482	PoznanSoft	Bronze	medal	bronze	winner		https://static.igem.org/websites/common/2023/icons/medal-bronze-flat.svg
2014	1422	Purdue						
2014	1435	Queens_Canada	Bronze	medal	bronze	winner		https://static.igem.org/websites/common/2023/icons/medal-bronze-flat.svg
2014	1295	RAMNOTIREN_CALGARY						
2014	1501	RHIT						
2014	1304	Ravenwood_Raptors						
2014	1476	Reading	Bronze	medal	bronze	winner		https://static.igem.org/websites/common/2023/icons/medal-bronze-flat.svg
2014	1556	Rutgers						
2014	1373	SCAU-China	Gold	medal	gold	winner		https://static.igem.org/websites/common/2023/icons/medal-flat.svg
2014	1375	SCU-China	Bronze	medal	bronze	winner		https://static.igem.org/websites/common/2023/icons/medal-bronze-flat.svg
2014	1462	SCUT	Silver	medal	silver	winner		https://static.igem.org/websites/common/2023/icons/medal-silver-flat.svg
2014	1371	SCUT-China	Silver	medal	silver	winner		https://static.igem.org/websites/common/2023/icons/medal-silver-flat.svg
2014	1475	SDU-Denmark	Best Wiki	special		winner	overgrad	
2014	1475	SDU-Denmark	Gold	medal	gold	winner		https://static.igem.org/websites/common/2023/icons/medal-flat.svg
2014	1531	SF_Bay_Area_DIYbio	Best Community Labs Project	village		winner	underover	
2014	1531	SF_Bay_Area_DIYbio	Gold	medal	gold	winner		https://static.igem.org/websites/common/2023/icons/medal-flat.svg
2014	1453	SJTU-BioX-Shanghai	Bronze	medal	bronze	winner		https://static.igem.org/websites/common/2023/icons/medal-bronze-flat.svg
2014	1479	SJTU-Software	Gold	medal	gold	winner		https://static.igem.org/websites/common/2023/icons/medal-flat.svg
2014	1299	SKLBC-China						
2014	1280	SMTexas						
2014	1431	SUSTC-Shenzhen	Gold	medal	gold	winner		https://static.igem.org/websites/common/2023/icons/medal-flat.svg
2014	1333	SYSU-China	Best New Composite Part	special		winner	undergrad	
2014	1333	SYSU-China	Bronze	medal	bronze	winner		https://static.igem.org/websites/common/2023/icons/medal-bronze-flat.svg
2014	1340	SYSU-Software	Best Software Project	village		winner	underover	
2014	1340	SYSU-Software	Gold	medal	gold	winner		https://static.igem.org/websites/common/2023/icons/medal-flat.svg
2014	1350	SZU-China	Gold	medal	gold	winner		https://static.igem.org/websites/common/2023/icons/medal-flat.svg
2014	1469	Saarland	Silver	medal	silver	winner		https://static.igem.org/websites/common/2023/icons/medal-silver-flat.svg
2014	1270	Shasta_Summit_CA						
2014	1498	Sheffield	Gold	medal	gold	winner		https://static.igem.org/websites/common/2023/icons/medal-flat.svg
2014	1260	Shenzhen_SFLS						
2014	1288	Shenzhen_SZMS						
2014	1271	St_Pauls_London						
2014	1499	StanfordBrownSpelman	Gold	medal	gold	winner		https://static.igem.org/websites/common/2023/icons/medal-flat.svg
2014	1382	Stony_Brook	Bronze	medal	bronze	winner		https://static.igem.org/websites/common/2023/icons/medal-bronze-flat.svg
2014	1300	StuyGem_NYC						
2014	1508	Sumbawagen	Bronze	medal	bronze	winner		https://static.igem.org/websites/common/2023/icons/medal-bronze-flat.svg
2014	1508	Sumbawagen	Chairmans Award	special		winner		
2014	1253	TAS_Taipei						
2014	1473	TCU_Taiwan	Bronze	medal	bronze	winner		https://static.igem.org/websites/common/2023/icons/medal-bronze-flat.svg
2014	1254	TP_CC-SanDiego						
2014	1497	TU_Darmstadt	Best Energy Project	village		winner	underover	
2014	1497	TU_Darmstadt	Best New Basic Part	special		winner	overgrad	
2014	1497	TU_Darmstadt	Finalist	finalist		winner	overgrad	
2014	1497	TU_Darmstadt	Gold	medal	gold	winner		https://static.igem.org/websites/common/2023/icons/medal-flat.svg
2014	1497	TU_Darmstadt	Second Runner Up	grand-prize	second-runner-up	winner	overgrad	
2014	1316	TU_Delft-Leiden	Best Microfluidics Project	village		winner	underover	
2014	1316	TU_Delft-Leiden	Gold	medal	gold	winner		https://static.igem.org/websites/common/2023/icons/medal-flat.svg
2014	1492	TU_Eindhoven	Best New Application Project	village		winner	undergrad	https://static.igem.org/websites/common/2022/icons/village/newapplication.svg
2014	1492	TU_Eindhoven	Gold	medal	gold	winner		https://static.igem.org/websites/common/2023/icons/medal-flat.svg
2014	1366	Tec-Monterrey	Gold	medal	gold	winner		https://static.igem.org/websites/common/2023/icons/medal-flat.svg
2014	1343	Technion-Israel	Gold	medal	gold	winner		https://static.igem.org/websites/common/2023/icons/medal-flat.svg
2014	1296	The_Agency_EscondidoCA						
2014	1517	The_Tech_Museum	Silver	medal	silver	winner		https://static.igem.org/websites/common/2023/icons/medal-silver-flat.svg
2014	1361	Tianjin	Bronze	medal	bronze	winner		https://static.igem.org/websites/common/2023/icons/medal-bronze-flat.svg
2014	1339	Tokyo-NoKoGen	Gold	medal	gold	winner		https://static.igem.org/websites/common/2023/icons/medal-flat.svg
2014	1529	Tokyo_Tech	Best Information Processing Project	village		winner	underover	https://static.igem.org/websites/common/2022/icons/village/informationprocessing.svg
2014	1529	Tokyo_Tech	Gold	medal	gold	winner		https://static.igem.org/websites/common/2023/icons/medal-flat.svg
2014	1360	Tongji	Silver	medal	silver	winner		https://static.igem.org/websites/common/2023/icons/medal-silver-flat.svg
2014	1559	Toronto	Bronze	medal	bronze	winner		https://static.igem.org/websites/common/2023/icons/medal-bronze-flat.svg
2014	1364	Toulouse	Best Innovation in Measurement	special		winner	undergrad	
2014	1364	Toulouse	Gold	medal	gold	winner		https://static.igem.org/websites/common/2023/icons/medal-flat.svg
2014	1328	Tsinghua	Silver	medal	silver	winner		https://static.igem.org/websites/common/2023/icons/medal-silver-flat.svg
2014	1311	Tsinghua-A	Bronze	medal	bronze	winner		https://static.igem.org/websites/common/2023/icons/medal-bronze-flat.svg
2014	1483	Tuebingen	Bronze	medal	bronze	winner		https://static.igem.org/websites/common/2023/icons/medal-bronze-flat.svg
2014	1427	Tufts	Gold	medal	gold	winner		https://static.igem.org/websites/common/2023/icons/medal-flat.svg
2014	1480	UANL_Mty-Mexico	Silver	medal	silver	winner		https://static.igem.org/websites/common/2023/icons/medal-silver-flat.svg
2014	1367	UB_Indonesia	Bronze	medal	bronze	winner		https://static.igem.org/websites/common/2023/icons/medal-bronze-flat.svg
2014	1564	UC-Santa_Cruz-BioE						
2014	1518	UCC_Ireland						
2014	1336	UCL	Gold	medal	gold	winner		https://static.igem.org/websites/common/2023/icons/medal-flat.svg
2014	1384	UCLA	Bronze	medal	bronze	winner		https://static.igem.org/websites/common/2023/icons/medal-bronze-flat.svg
2014	1257	UCL_Academy						
2014	1560	UCSC	Bronze	medal	bronze	winner		https://static.igem.org/websites/common/2023/icons/medal-bronze-flat.svg
2014	1353	UCSD_Software	Gold	medal	gold	winner		https://static.igem.org/websites/common/2023/icons/medal-flat.svg
2014	1346	UCSF_UCB	Best Presentation	special		winner	undergrad	
2014	1346	UCSF_UCB	Gold	medal	gold	winner		https://static.igem.org/websites/common/2023/icons/medal-flat.svg
2014	1324	UC_Davis	Best Policy & Practices Advance	special		winner	overgrad	
2014	1324	UC_Davis	Finalist	finalist		winner	overgrad	
2014	1324	UC_Davis	Gold	medal	gold	winner		https://static.igem.org/websites/common/2023/icons/medal-flat.svg
2014	1324	UC_Davis	Grand Prize Winner	grand-prize	winner	winner	overgrad	
2014	1386	UC_Santa_Barbara	Bronze	medal	bronze	winner		https://static.igem.org/websites/common/2023/icons/medal-bronze-flat.svg
2014	1500	UChicago	Bronze	medal	bronze	winner		https://static.igem.org/websites/common/2023/icons/medal-bronze-flat.svg
2014	1537	UESTC-China	Silver	medal	silver	winner		https://static.igem.org/websites/common/2023/icons/medal-silver-flat.svg
2014	1535	UESTC-Software	Gold	medal	gold	winner		https://static.igem.org/websites/common/2023/icons/medal-flat.svg
2014	1355	UFAM_Brazil	Gold	medal	gold	winner		https://static.igem.org/websites/common/2023/icons/medal-flat.svg
2014	1514	UFMG_Brazil						
2014	1383	UGA-Georgia	Bronze	medal	bronze	winner		https://static.igem.org/websites/common/2023/icons/medal-bronze-flat.svg
2014	1344	UI-Indonesia	Gold	medal	gold	winner		https://static.igem.org/websites/common/2023/icons/medal-flat.svg
2014	1380	UIUC_Illinois						
2014	1318	ULB-Brussels						
2014	1410	UMBC-Maryland						
2014	1489	UMaryland	Gold	medal	gold	winner		https://static.igem.org/websites/common/2023/icons/medal-flat.svg
2014	1538	UMayor-Chile						
2014	1542	UNAM_Genomics						
2014	1494	UNC-Chapel_Hill						
2014	1525	UNIK_Copenhagen						
2014	1262	USP-OWLS-PA						
2014	1363	USTC-China	Gold	medal	gold	winner		https://static.igem.org/websites/common/2023/icons/medal-flat.svg
2014	1376	USTC-Software	Gold	medal	gold	winner		https://static.igem.org/websites/common/2023/icons/medal-flat.svg
2014	1348	UST_Beijing	Bronze	medal	bronze	winner		https://static.igem.org/websites/common/2023/icons/medal-bronze-flat.svg
2014	1388	USyd-Australia	Bronze	medal	bronze	winner		https://static.igem.org/websites/common/2023/icons/medal-bronze-flat.svg
2014	1487	UT-Dallas	Gold	medal	gold	winner		https://static.igem.org/websites/common/2023/icons/medal-flat.svg
2014	1461	UT-Tokyo	Gold	medal	gold	winner		https://static.igem.org/websites/common/2023/icons/medal-flat.svg
2014	1496	UTK-Knoxville						
2014	1466	UiOslo_Norway	Bronze	medal	bronze	winner		https://static.igem.org/websites/common/2023/icons/medal-bronze-flat.svg
2014	1381	Uppsala	Gold	medal	gold	winner		https://static.igem.org/websites/common/2023/icons/medal-flat.svg
2014	1418	Utah_State	Gold	medal	gold	winner		https://static.igem.org/websites/common/2023/icons/medal-flat.svg
2014	1468	Valencia_Biocampus	Gold	medal	gold	winner		https://static.igem.org/websites/common/2023/icons/medal-flat.svg
2014	1554	Valencia_UPV	Best Part Collection	special		winner	undergrad	
2014	1554	Valencia_UPV	Gold	medal	gold	winner		https://static.igem.org/websites/common/2023/icons/medal-flat.svg
2014	1322	Vanderbilt	Bronze	medal	bronze	winner		https://static.igem.org/websites/common/2023/icons/medal-bronze-flat.svg
2014	1345	Vanderbilt_MF	Bronze	medal	bronze	winner		https://static.igem.org/websites/common/2023/icons/medal-bronze-flat.svg
2014	1449	Vanderbilt_Software	Bronze	medal	bronze	winner		https://static.igem.org/websites/common/2023/icons/medal-bronze-flat.svg
2014	1490	VictoriaBC						
2014	1357	Virginia	Gold	medal	gold	winner		https://static.igem.org/websites/common/2023/icons/medal-flat.svg
2014	1488	Virtus-Parva_Mexico						
2014	1258	WHHS_Cincinnati_OH						
2014	1334	WHU-China						
2014	1561	WHU-Pharm						
2014	1406	WLC-Milwaukee	Bronze	medal	bronze	winner		https://static.igem.org/websites/common/2023/icons/medal-bronze-flat.svg
2014	1423	WPI-Worcester	Gold	medal	gold	winner		https://static.igem.org/websites/common/2023/icons/medal-flat.svg
2014	1493	Wageningen_UR	Best Food & Nutrition Project	village		winner	underover	
2014	1493	Wageningen_UR	Best Poster	special		winner	overgrad	
2014	1493	Wageningen_UR	Finalist	finalist		winner	overgrad	
2014	1493	Wageningen_UR	First Runner Up	grand-prize	first-runner-up	winner	overgrad	
2014	1493	Wageningen_UR	Gold	medal	gold	winner		https://static.igem.org/websites/common/2023/icons/medal-flat.svg
2014	1259	WalthamHS_BioHawks						
2014	1459	Warsaw	Bronze	medal	bronze	winner		https://static.igem.org/websites/common/2023/icons/medal-bronze-flat.svg
2014	1442	Warwick	Gold	medal	gold	winner		https://static.igem.org/websites/common/2023/icons/medal-flat.svg
2014	1385	WashU_StLouis	Silver	medal	silver	winner		https://static.igem.org/websites/common/2023/icons/medal-silver-flat.svg
2014	1408	Washington	Gold	medal	gold	winner		https://static.igem.org/websites/common/2023/icons/medal-flat.svg
2014	1323	Waterloo	Best Model	special		winner	undergrad	
2014	1323	Waterloo	Gold	medal	gold	winner		https://static.igem.org/websites/common/2023/icons/medal-flat.svg
2014	1409	William_and_Mary	Bronze	medal	bronze	winner		https://static.igem.org/websites/common/2023/icons/medal-bronze-flat.svg
2014	1412	XMU-China	Gold	medal	gold	winner		https://static.igem.org/websites/common/2023/icons/medal-flat.svg
2014	1396	Yale	Bronze	medal	bronze	winner		https://static.igem.org/websites/common/2023/icons/medal-bronze-flat.svg
2014	1526	York	Silver	medal	silver	winner		https://static.igem.org/websites/common/2023/icons/medal-silver-flat.svg
2014	1433	ZJU-China	Bronze	medal	bronze	winner		https://static.igem.org/websites/common/2023/icons/medal-bronze-flat.svg
2014	1411	Zamorano	Bronze	medal	bronze	winner		https://static.igem.org/websites/common/2023/icons/medal-bronze-flat.svg
2014	1303	biYOLOgists						
2014	1400	uOttawa	Silver	medal	silver	winner		https://static.igem.org/websites/common/2023/icons/medal-silver-flat.svg
2015	1751	AHUT_China	Silver	medal	silver	winner		https://static.igem.org/websites/common/2023/icons/medal-silver-flat.svg
2015	1750	ANU-Canberra	Bronze	medal	bronze	winner		https://static.igem.org/websites/common/2023/icons/medal-bronze-flat.svg
2015	1639	ATOMS-Turkiye	Best New Composite Part	special		nominee	undergrad	
2015	1639	ATOMS-Turkiye	Silver	medal	silver	winner		https://static.igem.org/websites/common/2023/icons/medal-silver-flat.svg
2015	1806	AUC_TURKEY	Best New Composite Part	special		nominee	high-school	
2015	1806	AUC_TURKEY	Gold	medal	gold	winner		https://static.igem.org/websites/common/2023/icons/medal-flat.svg
2015	1585	Aachen	Best Manufacturing Project	village		winner	overgrad	
2015	1585	Aachen	Best Software Tool	special		nominee	overgrad	
2015	1585	Aachen	Gold	medal	gold	winner		https://static.igem.org/websites/common/2023/icons/medal-flat.svg
2015	1655	Aalto-Helsinki	Gold	medal	gold	winner		https://static.igem.org/websites/common/2023/icons/medal-flat.svg
2015	1601	Aix-Marseille	Bronze	medal	bronze	winner		https://static.igem.org/websites/common/2023/icons/medal-bronze-flat.svg
2015	1719	Amoy	Silver	medal	silver	winner		https://static.igem.org/websites/common/2023/icons/medal-silver-flat.svg
2015	1844	Amsterdam	Gold	medal	gold	winner		https://static.igem.org/websites/common/2023/icons/medal-flat.svg
2015	1627	Austin_UTexas	Gold	medal	gold	winner		https://static.igem.org/websites/common/2023/icons/medal-flat.svg
2015	1677	BABS_UNSW_Australia	Gold	medal	gold	winner		https://static.igem.org/websites/common/2023/icons/medal-flat.svg
2015	1699	BGU_Israel	Best Health & Medicine Project	village		winner	overgrad	https://static.igem.org/websites/common/2025/icons/villages/diagnostics.svg
2015	1699	BGU_Israel	Best New Basic Part	special		winner	overgrad	
2015	1699	BGU_Israel	Best Part Collection	special		nominee	overgrad	
2015	1699	BGU_Israel	Finalist	finalist		winner	overgrad	
2015	1699	BGU_Israel	First Runner Up	grand-prize	first-runner-up	winner	overgrad	
2015	1699	BGU_Israel	Gold	medal	gold	winner		https://static.igem.org/websites/common/2023/icons/medal-flat.svg
2015	1726	BHSF_Beijing						
2015	1684	BIOSINT_Mexico	Gold	medal	gold	winner		https://static.igem.org/websites/common/2023/icons/medal-flat.svg
2015	1651	BIT	Gold	medal	gold	winner		https://static.igem.org/websites/common/2023/icons/medal-flat.svg
2015	1675	BIT-China	Best Model	special		nominee	undergrad	
2015	1675	BIT-China	Gold	medal	gold	winner		https://static.igem.org/websites/common/2023/icons/medal-flat.svg
2015	1660	BNU-CHINA	Silver	medal	silver	winner		https://static.igem.org/websites/common/2023/icons/medal-silver-flat.svg
2015	1802	Beijing_HDFL						
2015	1617	Berlin	Silver	medal	silver	winner		https://static.igem.org/websites/common/2023/icons/medal-silver-flat.svg
2015	1758	Bielefeld-CeBiTec	Best Applied Design	special		nominee	overgrad	
2015	1758	Bielefeld-CeBiTec	Best Environment Project	village		winner	overgrad	
2015	1758	Bielefeld-CeBiTec	Best Integrated Human Practices	special		winner	overgrad	
2015	1758	Bielefeld-CeBiTec	Best Model	special		nominee	overgrad	
2015	1758	Bielefeld-CeBiTec	Best New Basic Part	special		nominee	overgrad	
2015	1758	Bielefeld-CeBiTec	Best New Composite Part	special		winner	overgrad	
2015	1758	Bielefeld-CeBiTec	Best Presentation	special		winner	overgrad	
2015	1758	Bielefeld-CeBiTec	Best Wiki	special		nominee	overgrad	
2015	1758	Bielefeld-CeBiTec	Gold	medal	gold	winner		https://static.igem.org/websites/common/2023/icons/medal-flat.svg
2015	1758	Bielefeld-CeBiTec	Second Runner Up	grand-prize	second-runner-up	winner	underover	
2015	1846	Birkbeck	Bronze	medal	bronze	winner		https://static.igem.org/websites/common/2023/icons/medal-bronze-flat.svg
2015	1686	Bordeaux	Gold	medal	gold	winner		https://static.igem.org/websites/common/2023/icons/medal-flat.svg
2015	1733	BostonU	Best Foundational Advance Project	village		nominee	underover	
2015	1733	BostonU	Gold	medal	gold	winner		https://static.igem.org/websites/common/2023/icons/medal-flat.svg
2015	1819	Brasil-USP	Gold	medal	gold	winner		https://static.igem.org/websites/common/2023/icons/medal-flat.svg
2015	1813	British_Columbia	Best Environment Project	village		nominee	undergrad	
2015	1813	British_Columbia	Best Poster	special		nominee	undergrad	
2015	1813	British_Columbia	Gold	medal	gold	winner		https://static.igem.org/websites/common/2023/icons/medal-flat.svg
2015	1871	BroadRun-NorthernVA	Best High School Project	village		nominee	high-school	
2015	1871	BroadRun-NorthernVA	Best Poster	special		winner	high-school	
2015	1871	BroadRun-NorthernVA	Best Presentation	special		winner	high-school	
2015	1871	BroadRun-NorthernVA	Best Wiki	special		nominee	high-school	
2015	1871	BroadRun-NorthernVA	Silver	medal	silver	winner		https://static.igem.org/websites/common/2023/icons/medal-silver-flat.svg
2015	1657	CAU_China	Silver	medal	silver	winner		https://static.igem.org/websites/common/2023/icons/medal-silver-flat.svg
2015	1762	CCA_SanDiego						
2015	1728	CGU_Taiwan	Silver	medal	silver	winner		https://static.igem.org/websites/common/2023/icons/medal-silver-flat.svg
2015	1779	CHINA_CD_UESTC	Gold	medal	gold	winner		https://static.igem.org/websites/common/2023/icons/medal-flat.svg
2015	1702	CSU_Fort_Collins	Silver	medal	silver	winner		https://static.igem.org/websites/common/2023/icons/medal-silver-flat.svg
2015	1718	CU_Boulder	Silver	medal	silver	winner		https://static.igem.org/websites/common/2023/icons/medal-silver-flat.svg
2015	1837	CYLA_Shenzhen						
2015	1854	Cairo_Egypt	Bronze	medal	bronze	winner		https://static.igem.org/websites/common/2023/icons/medal-bronze-flat.svg
2015	1703	Cambridge-JIC	Best Applied Design	special		nominee	undergrad	
2015	1703	Cambridge-JIC	Best Hardware Project	village		nominee	underover	
2015	1703	Cambridge-JIC	Best Poster	special		nominee	undergrad	
2015	1703	Cambridge-JIC	Best Software Tool	special		nominee	undergrad	
2015	1703	Cambridge-JIC	Gold	medal	gold	winner		https://static.igem.org/websites/common/2023/icons/medal-flat.svg
2015	1732	Carnegie_Mellon	Gold	medal	gold	winner		https://static.igem.org/websites/common/2023/icons/medal-flat.svg
2015	1821	Central_Calgary	Bronze	medal	bronze	winner		https://static.igem.org/websites/common/2023/icons/medal-bronze-flat.svg
2015	1603	Chalmers-Gothenburg	Silver	medal	silver	winner		https://static.igem.org/websites/common/2023/icons/medal-silver-flat.svg
2015	1634	China_Tongji	Gold	medal	gold	winner		https://static.igem.org/websites/common/2023/icons/medal-flat.svg
2015	1695	CityU_HK	Gold	medal	gold	winner		https://static.igem.org/websites/common/2023/icons/medal-flat.svg
2015	1664	Colegio_EmelinaU	Bronze	medal	bronze	winner		https://static.igem.org/websites/common/2023/icons/medal-bronze-flat.svg
2015	1848	Columbia_NYC	Silver	medal	silver	winner		https://static.igem.org/websites/common/2023/icons/medal-silver-flat.svg
2015	1830	Concordia	Bronze	medal	bronze	winner		https://static.igem.org/websites/common/2023/icons/medal-bronze-flat.svg
2015	1834	Consort_Alberta	Best High School Project	village		nominee	high-school	
2015	1834	Consort_Alberta	Best Integrated Human Practices	special		nominee	high-school	
2015	1834	Consort_Alberta	Gold	medal	gold	winner		https://static.igem.org/websites/common/2023/icons/medal-flat.svg
2015	1746	Cooper_Union	Gold	medal	gold	winner		https://static.igem.org/websites/common/2023/icons/medal-flat.svg
2015	1698	Cork_Ireland	Best Integrated Human Practices	special		nominee	undergrad	
2015	1698	Cork_Ireland	Gold	medal	gold	winner		https://static.igem.org/websites/common/2023/icons/medal-flat.svg
2015	1595	Cornell	Best Applied Design	special		winner	undergrad	
2015	1595	Cornell	Best Environment Project	village		winner	undergrad	
2015	1595	Cornell	Best Supporting Entrepreneurship	special		winner	undergrad	
2015	1595	Cornell	Gold	medal	gold	winner		https://static.igem.org/websites/common/2023/icons/medal-flat.svg
2015	1690	Czech_Republic	Best Applied Design	special		nominee	undergrad	
2015	1690	Czech_Republic	Best Health & Medicine Project	village		winner	undergrad	https://static.igem.org/websites/common/2025/icons/villages/diagnostics.svg
2015	1690	Czech_Republic	Best Model	special		winner	undergrad	
2015	1690	Czech_Republic	Best Presentation	special		nominee	undergrad	
2015	1690	Czech_Republic	Best Software Tool	special		winner	undergrad	
2015	1690	Czech_Republic	Best Wiki	special		nominee	undergrad	
2015	1690	Czech_Republic	Finalist	finalist		winner	undergrad	
2015	1690	Czech_Republic	First Runner Up	grand-prize	first-runner-up	winner	undergrad	
2015	1690	Czech_Republic	Gold	medal	gold	winner		https://static.igem.org/websites/common/2023/icons/medal-flat.svg
2015	1716	DTU-Denmark	Best Education and Public Engagement	special		nominee	overgrad	
2015	1716	DTU-Denmark	Gold	medal	gold	winner		https://static.igem.org/websites/common/2023/icons/medal-flat.svg
2015	1872	Dalhousie_Halifax_NS						
2015	1790	Danzi_Kesh_8	Silver	medal	silver	winner		https://static.igem.org/websites/common/2023/icons/medal-silver-flat.svg
2015	1835	Duke	Silver	medal	silver	winner		https://static.igem.org/websites/common/2023/icons/medal-silver-flat.svg
2015	1590	Dundee	Gold	medal	gold	winner		https://static.igem.org/websites/common/2023/icons/medal-flat.svg
2015	1723	EPF_Lausanne	Silver	medal	silver	winner		https://static.igem.org/websites/common/2023/icons/medal-silver-flat.svg
2015	1847	ETH_Zurich	Best Health & Medicine Project	village		nominee	overgrad	https://static.igem.org/websites/common/2025/icons/villages/diagnostics.svg
2015	1847	ETH_Zurich	Best Model	special		winner	overgrad	
2015	1847	ETH_Zurich	Best New Basic Part	special		nominee	overgrad	
2015	1847	ETH_Zurich	Best Part Collection	special		winner	overgrad	
2015	1847	ETH_Zurich	Best Poster	special		nominee	overgrad	
2015	1847	ETH_Zurich	Best Wiki	special		nominee	overgrad	
2015	1847	ETH_Zurich	Gold	medal	gold	winner		https://static.igem.org/websites/common/2023/icons/medal-flat.svg
2015	1615	Edinburgh	Best Health & Medicine Project	village		nominee	undergrad	https://static.igem.org/websites/common/2025/icons/villages/diagnostics.svg
2015	1615	Edinburgh	Best Integrated Human Practices	special		winner	undergrad	
2015	1615	Edinburgh	Gold	medal	gold	winner		https://static.igem.org/websites/common/2023/icons/medal-flat.svg
2015	1584	Elan_Vital_Korea	Bronze	medal	bronze	winner		https://static.igem.org/websites/common/2023/icons/medal-bronze-flat.svg
2015	1611	Evry	Silver	medal	silver	winner		https://static.igem.org/websites/common/2023/icons/medal-silver-flat.svg
2015	1581	Example						
2015	1586	Exeter	Gold	medal	gold	winner		https://static.igem.org/websites/common/2023/icons/medal-flat.svg
2015	1864	FAFU-CHINA	Bronze	medal	bronze	winner		https://static.igem.org/websites/common/2023/icons/medal-bronze-flat.svg
2015	1861	FAU_Erlangen	Silver	medal	silver	winner		https://static.igem.org/websites/common/2023/icons/medal-silver-flat.svg
2015	1621	Freiburg	Best Health & Medicine Project	village		nominee	overgrad	https://static.igem.org/websites/common/2025/icons/villages/diagnostics.svg
2015	1621	Freiburg	Best Innovation in Measurement	special		nominee	overgrad	
2015	1621	Freiburg	Best Presentation	special		nominee	overgrad	
2015	1621	Freiburg	Best Wiki	special		nominee	overgrad	
2015	1621	Freiburg	Gold	medal	gold	winner		https://static.igem.org/websites/common/2023/icons/medal-flat.svg
2015	1777	Fudan	Silver	medal	silver	winner		https://static.igem.org/websites/common/2023/icons/medal-silver-flat.svg
2015	1749	Gaston_Day_School	Bronze	medal	bronze	winner		https://static.igem.org/websites/common/2023/icons/medal-bronze-flat.svg
2015	1870	GenetiX_Tec_CCM	Bronze	medal	bronze	winner		https://static.igem.org/websites/common/2023/icons/medal-bronze-flat.svg
2015	1799	Genspace	Best Community Labs Project	village		winner	underover	
2015	1799	Genspace	Gold	medal	gold	winner		https://static.igem.org/websites/common/2023/icons/medal-flat.svg
2015	1743	GeorgiaTech	Bronze	medal	bronze	winner		https://static.igem.org/websites/common/2023/icons/medal-bronze-flat.svg
2015	1800	Georgia_State	Silver	medal	silver	winner		https://static.igem.org/websites/common/2023/icons/medal-silver-flat.svg
2015	1859	Gifu	Silver	medal	silver	winner		https://static.igem.org/websites/common/2023/icons/medal-silver-flat.svg
2015	1725	Glasgow	Best Integrated Human Practices	special		nominee	undergrad	
2015	1725	Glasgow	Best Model	special		nominee	undergrad	
2015	1725	Glasgow	Gold	medal	gold	winner		https://static.igem.org/websites/common/2023/icons/medal-flat.svg
2015	1865	Goettingen	Bronze	medal	bronze	winner		https://static.igem.org/websites/common/2023/icons/medal-bronze-flat.svg
2015	1597	Groningen	Gold	medal	gold	winner		https://static.igem.org/websites/common/2023/icons/medal-flat.svg
2015	1646	H4Z-Hangzhou						
2015	1827	HAFS-Korea	Bronze	medal	bronze	winner		https://static.igem.org/websites/common/2023/icons/medal-bronze-flat.svg
2015	1693	HFUT-China	Gold	medal	gold	winner		https://static.igem.org/websites/common/2023/icons/medal-flat.svg
2015	1682	HKUST-Rice	Best Environment Project	village		nominee	undergrad	
2015	1682	HKUST-Rice	Best New Basic Part	special		nominee	undergrad	
2015	1682	HKUST-Rice	Gold	medal	gold	winner		https://static.igem.org/websites/common/2023/icons/medal-flat.svg
2015	1613	HSNU-TAIPEI	Best Applied Design	special		winner	high-school	
2015	1613	HSNU-TAIPEI	Best Education and Public Engagement	special		nominee	high-school	
2015	1613	HSNU-TAIPEI	Best High School Project	village		nominee	high-school	
2015	1613	HSNU-TAIPEI	Best Integrated Human Practices	special		winner	high-school	
2015	1613	HSNU-TAIPEI	Best Poster	special		nominee	high-school	
2015	1613	HSNU-TAIPEI	Best Wiki	special		nominee	high-school	
2015	1613	HSNU-TAIPEI	Gold	medal	gold	winner		https://static.igem.org/websites/common/2023/icons/medal-flat.svg
2015	1592	HUST-China	Best Environment Project	village		nominee	undergrad	
2015	1592	HUST-China	Best New Basic Part	special		nominee	undergrad	
2015	1592	HUST-China	Gold	medal	gold	winner		https://static.igem.org/websites/common/2023/icons/medal-flat.svg
2015	1713	HZAU-China	Best Information Processing Project	village		nominee	underover	https://static.igem.org/websites/common/2022/icons/village/informationprocessing.svg
2015	1713	HZAU-China	Gold	medal	gold	winner		https://static.igem.org/websites/common/2023/icons/medal-flat.svg
2015	1860	Hamburg	Bronze	medal	bronze	winner		https://static.igem.org/websites/common/2023/icons/medal-bronze-flat.svg
2015	1863	Hamilton_McMaster						
2015	1671	Hangzhou-H14Z	Silver	medal	silver	winner		https://static.igem.org/websites/common/2023/icons/medal-silver-flat.svg
2015	1850	Harvard_BioDesign	Best Foundational Advance Project	village		nominee	underover	
2015	1850	Harvard_BioDesign	Gold	medal	gold	winner		https://static.igem.org/websites/common/2023/icons/medal-flat.svg
2015	1614	Heidelberg	Best Applied Design	special		nominee	undergrad	
2015	1614	Heidelberg	Best Foundational Advance Project	village		winner	underover	
2015	1614	Heidelberg	Best Poster	special		winner	undergrad	
2015	1614	Heidelberg	Best Software Tool	special		nominee	undergrad	
2015	1614	Heidelberg	Best Wiki	special		nominee	undergrad	
2015	1614	Heidelberg	Finalist	finalist		winner	undergrad	
2015	1614	Heidelberg	Gold	medal	gold	winner		https://static.igem.org/websites/common/2023/icons/medal-flat.svg
2015	1614	Heidelberg	Second Runner Up	grand-prize	second-runner-up	winner	undergrad	
2015	1614	Heidelberg	iGEMers Prize	special	community	winner		
2015	1714	HokkaidoU_Japan	Silver	medal	silver	winner		https://static.igem.org/websites/common/2023/icons/medal-silver-flat.svg
2015	1648	Hong_Kong-CUHK	Gold	medal	gold	winner		https://static.igem.org/websites/common/2023/icons/medal-flat.svg
2015	1774	Hong_Kong_HKU						
2015	1780	IISER_Pune	Bronze	medal	bronze	winner		https://static.igem.org/websites/common/2023/icons/medal-bronze-flat.svg
2015	1866	IIT_Delhi	Bronze	medal	bronze	winner		https://static.igem.org/websites/common/2023/icons/medal-bronze-flat.svg
2015	1862	IIT_Kharagpur						
2015	1654	IIT_Madras						
2015	1616	IONIS_Paris	Gold	medal	gold	winner		https://static.igem.org/websites/common/2023/icons/medal-flat.svg
2015	1685	ITB_INDONESIA	Silver	medal	silver	winner		https://static.igem.org/websites/common/2023/icons/medal-silver-flat.svg
2015	1706	Jilin_China	Bronze	medal	bronze	winner		https://static.igem.org/websites/common/2023/icons/medal-bronze-flat.svg
2015	1740	KAIT_Japan	Silver	medal	silver	winner		https://static.igem.org/websites/common/2023/icons/medal-silver-flat.svg
2015	1858	KIT_Kanazawa						
2015	1709	KU_Leuven	Best Education and Public Engagement	special		nominee	overgrad	
2015	1709	KU_Leuven	Best Model	special		nominee	overgrad	
2015	1709	KU_Leuven	Best New Application Project	village		nominee	overgrad	https://static.igem.org/websites/common/2022/icons/village/newapplication.svg
2015	1709	KU_Leuven	Best Poster	special		nominee	overgrad	
2015	1709	KU_Leuven	Gold	medal	gold	winner		https://static.igem.org/websites/common/2023/icons/medal-flat.svg
2015	1739	Kent	Gold	medal	gold	winner		https://static.igem.org/websites/common/2023/icons/medal-flat.svg
2015	1754	Korea_U_Seoul	Gold	medal	gold	winner		https://static.igem.org/websites/common/2023/icons/medal-flat.svg
2015	1624	LASATX	Best Poster	special		nominee	high-school	
2015	1624	LASATX	Best Presentation	special		nominee	high-school	
2015	1624	LASATX	Best Wiki	special		nominee	high-school	
2015	1624	LASATX	Gold	medal	gold	winner		https://static.igem.org/websites/common/2023/icons/medal-flat.svg
2015	1755	LZU-China	Silver	medal	silver	winner		https://static.igem.org/websites/common/2023/icons/medal-silver-flat.svg
2015	1747	LaVerne-Leos	Bronze	medal	bronze	winner		https://static.igem.org/websites/common/2023/icons/medal-bronze-flat.svg
2015	1662	Lambert_GA	Bronze	medal	bronze	winner		https://static.igem.org/websites/common/2023/icons/medal-bronze-flat.svg
2015	1715	Leicester						
2015	1791	Lethbridge	Gold	medal	gold	winner		https://static.igem.org/websites/common/2023/icons/medal-flat.svg
2015	1792	Lethbridge_HS	Bronze	medal	bronze	winner		https://static.igem.org/websites/common/2023/icons/medal-bronze-flat.svg
2015	1663	Liceo_Eugenio_Hostos	Bronze	medal	bronze	winner		https://static.igem.org/websites/common/2023/icons/medal-bronze-flat.svg
2015	1704	Linkoping_Sweden	Bronze	medal	bronze	winner		https://static.igem.org/websites/common/2023/icons/medal-bronze-flat.svg
2015	1845	London_Biohackspace						
2015	1658	METU_HS_Ankara	Best Applied Design	special		nominee	high-school	
2015	1658	METU_HS_Ankara	Best Education and Public Engagement	special		nominee	high-school	
2015	1658	METU_HS_Ankara	Best Integrated Human Practices	special		nominee	high-school	
2015	1658	METU_HS_Ankara	Best New Composite Part	special		winner	high-school	
2015	1658	METU_HS_Ankara	Best Part Collection	special		winner	high-school	
2015	1658	METU_HS_Ankara	Silver	medal	silver	winner		https://static.igem.org/websites/common/2023/icons/medal-silver-flat.svg
2015	1606	METU_Turkey						
2015	1705	MIT	Bronze	medal	bronze	winner		https://static.igem.org/websites/common/2023/icons/medal-bronze-flat.svg
2015	1640	Macquarie_Australia	Best Energy Project	village		nominee	underover	
2015	1640	Macquarie_Australia	Best Model	special		nominee	overgrad	
2015	1640	Macquarie_Australia	Best New Basic Part	special		nominee	overgrad	
2015	1640	Macquarie_Australia	Gold	medal	gold	winner		https://static.igem.org/websites/common/2023/icons/medal-flat.svg
2015	1670	Manchester-Graz	Gold	medal	gold	winner		https://static.igem.org/websites/common/2023/icons/medal-flat.svg
2015	1650	Marburg	Best Education and Public Engagement	special		nominee	overgrad	
2015	1650	Marburg	Best Food & Nutrition Project	village		winner	underover	
2015	1650	Marburg	Best Innovation in Measurement	special		winner	overgrad	
2015	1650	Marburg	Best New Composite Part	special		nominee	overgrad	
2015	1650	Marburg	Best Part Collection	special		nominee	overgrad	
2015	1650	Marburg	Best Poster	special		nominee	overgrad	
2015	1650	Marburg	Best Wiki	special		nominee	overgrad	
2015	1650	Marburg	Gold	medal	gold	winner		https://static.igem.org/websites/common/2023/icons/medal-flat.svg
2015	1843	Michigan						
2015	1785	Michigan_Software	Bronze	medal	bronze	winner		https://static.igem.org/websites/common/2023/icons/medal-bronze-flat.svg
2015	1608	Mingdao						
2015	1626	Minnesota						
2015	1805	Missouri_Columbia						
2015	1737	Missouri_Rolla	Bronze	medal	bronze	winner		https://static.igem.org/websites/common/2023/icons/medal-bronze-flat.svg
2015	1787	NAIT_Edmonton	Silver	medal	silver	winner		https://static.igem.org/websites/common/2023/icons/medal-silver-flat.svg
2015	1694	NCTU_Formosa	Gold	medal	gold	winner		https://static.igem.org/websites/common/2023/icons/medal-flat.svg
2015	1757	NEAU-China	Bronze	medal	bronze	winner		https://static.igem.org/websites/common/2023/icons/medal-bronze-flat.svg
2015	1666	NEFU_China	Silver	medal	silver	winner		https://static.igem.org/websites/common/2023/icons/medal-silver-flat.svg
2015	1649	NJAU_China	Silver	medal	silver	winner		https://static.igem.org/websites/common/2023/icons/medal-silver-flat.svg
2015	1633	NJU-China	Best Health & Medicine Project	village		nominee	undergrad	https://static.igem.org/websites/common/2025/icons/villages/diagnostics.svg
2015	1633	NJU-China	Best Model	special		nominee	undergrad	
2015	1633	NJU-China	Best Presentation	special		nominee	undergrad	
2015	1633	NJU-China	Gold	medal	gold	winner		https://static.igem.org/websites/common/2023/icons/medal-flat.svg
2015	1618	NRP-UEA-Norwich	Best Education and Public Engagement	special		nominee	undergrad	
2015	1618	NRP-UEA-Norwich	Best Food & Nutrition Project	village		nominee	underover	
2015	1618	NRP-UEA-Norwich	Gold	medal	gold	winner		https://static.igem.org/websites/common/2023/icons/medal-flat.svg
2015	1840	NTNU_Trondheim	Gold	medal	gold	winner		https://static.igem.org/websites/common/2023/icons/medal-flat.svg
2015	1841	NTU-LIHPAO-Taiwan	Silver	medal	silver	winner		https://static.igem.org/websites/common/2023/icons/medal-silver-flat.svg
2015	1676	NTU-Singapore	Gold	medal	gold	winner		https://static.igem.org/websites/common/2023/icons/medal-flat.svg
2015	1789	NUDT_CHINA	Best Part Collection	special		nominee	undergrad	
2015	1789	NUDT_CHINA	Gold	medal	gold	winner		https://static.igem.org/websites/common/2023/icons/medal-flat.svg
2015	1828	NU_Kazakhstan	Silver	medal	silver	winner		https://static.igem.org/websites/common/2023/icons/medal-silver-flat.svg
2015	1769	NYMU-Taipei	Gold	medal	gold	winner		https://static.igem.org/websites/common/2023/icons/medal-flat.svg
2015	1867	NYU-AD	Bronze	medal	bronze	winner		https://static.igem.org/websites/common/2023/icons/medal-bronze-flat.svg
2015	1756	NYU_Shanghai	Best Poster	special		nominee	undergrad	
2015	1756	NYU_Shanghai	Silver	medal	silver	winner		https://static.igem.org/websites/common/2023/icons/medal-silver-flat.svg
2015	1653	Nagahama	Gold	medal	gold	winner		https://static.igem.org/websites/common/2023/icons/medal-flat.svg
2015	1701	Nanjing-China	Gold	medal	gold	winner		https://static.igem.org/websites/common/2023/icons/medal-flat.svg
2015	1643	Nanjing_NFLS						
2015	1628	Nankai	Bronze	medal	bronze	winner		https://static.igem.org/websites/common/2023/icons/medal-bronze-flat.svg
2015	1857	Northeastern_Boston	Bronze	medal	bronze	winner		https://static.igem.org/websites/common/2023/icons/medal-bronze-flat.svg
2015	1717	OLS_Canmore_AB_CA	Best Education and Public Engagement	special		nominee	high-school	
2015	1717	OLS_Canmore_AB_CA	Best Integrated Human Practices	special		nominee	high-school	
2015	1717	OLS_Canmore_AB_CA	Best Presentation	special		nominee	high-school	
2015	1717	OLS_Canmore_AB_CA	Bronze	medal	bronze	winner		https://static.igem.org/websites/common/2023/icons/medal-bronze-flat.svg
2015	1679	OUC-China	Silver	medal	silver	winner		https://static.igem.org/websites/common/2023/icons/medal-silver-flat.svg
2015	1659	Oxford	Best Health & Medicine Project	village		nominee	undergrad	https://static.igem.org/websites/common/2025/icons/villages/diagnostics.svg
2015	1659	Oxford	Best Model	special		nominee	undergrad	
2015	1659	Oxford	Best New Basic Part	special		nominee	undergrad	
2015	1659	Oxford	Best Presentation	special		nominee	undergrad	
2015	1659	Oxford	Best Wiki	special		nominee	undergrad	
2015	1659	Oxford	Gold	medal	gold	winner		https://static.igem.org/websites/common/2023/icons/medal-flat.svg
2015	1710	PacificU-Oregon						
2015	1678	Paris_Bettencourt	Best Food & Nutrition Project	village		nominee	underover	
2015	1678	Paris_Bettencourt	Best Integrated Human Practices	special		nominee	overgrad	
2015	1678	Paris_Bettencourt	Best Presentation	special		nominee	overgrad	
2015	1678	Paris_Bettencourt	Gold	medal	gold	winner		https://static.igem.org/websites/common/2023/icons/medal-flat.svg
2015	1707	Paris_Saclay	Bronze	medal	bronze	winner		https://static.igem.org/websites/common/2023/icons/medal-bronze-flat.svg
2015	1622	Pasteur_Paris	Bronze	medal	bronze	winner		https://static.igem.org/websites/common/2023/icons/medal-bronze-flat.svg
2015	1689	Peking	Best Health & Medicine Project	village		nominee	undergrad	https://static.igem.org/websites/common/2025/icons/villages/diagnostics.svg
2015	1689	Peking	Best New Composite Part	special		winner	undergrad	
2015	1689	Peking	Best Part Collection	special		winner	undergrad	
2015	1689	Peking	Best Wiki	special		nominee	undergrad	
2015	1689	Peking	Gold	medal	gold	winner		https://static.igem.org/websites/common/2023/icons/medal-flat.svg
2015	1815	Penn						
2015	1833	Pitt	Silver	medal	silver	winner		https://static.igem.org/websites/common/2023/icons/medal-silver-flat.svg
2015	1768	Pretoria_UP	Bronze	medal	bronze	winner		https://static.igem.org/websites/common/2023/icons/medal-bronze-flat.svg
2015	1772	Purdue						
2015	1831	Queens_Canada	Gold	medal	gold	winner		https://static.igem.org/websites/common/2023/icons/medal-flat.svg
2015	1729	RHIT	Bronze	medal	bronze	winner		https://static.igem.org/websites/common/2023/icons/medal-bronze-flat.svg
2015	1708	Reading						
2015	1721	Rock_Ridge_Virginia	Bronze	medal	bronze	winner		https://static.igem.org/websites/common/2023/icons/medal-bronze-flat.svg
2015	1724	SCUT	Silver	medal	silver	winner		https://static.igem.org/websites/common/2023/icons/medal-silver-flat.svg
2015	1720	SCUT-China	Best Integrated Human Practices	special		nominee	undergrad	
2015	1720	SCUT-China	Best New Composite Part	special		nominee	undergrad	
2015	1720	SCUT-China	Gold	medal	gold	winner		https://static.igem.org/websites/common/2023/icons/medal-flat.svg
2015	1796	SCU_China	Silver	medal	silver	winner		https://static.igem.org/websites/common/2023/icons/medal-silver-flat.svg
2015	1672	SDA-Encinitas						
2015	1638	SDU-Denmark	Best Manufacturing Project	village		nominee	overgrad	
2015	1638	SDU-Denmark	Gold	medal	gold	winner		https://static.igem.org/websites/common/2023/icons/medal-flat.svg
2015	1839	SF_Bay_Area_DIYBio	Bronze	medal	bronze	winner		https://static.igem.org/websites/common/2023/icons/medal-bronze-flat.svg
2015	1642	SJTU-BioX-Shanghai	Gold	medal	gold	winner		https://static.igem.org/websites/common/2023/icons/medal-flat.svg
2015	1759	SJTU-Software	Gold	medal	gold	winner		https://static.igem.org/websites/common/2023/icons/medal-flat.svg
2015	1793	SKLBC-China						
2015	1794	SKLBC-DGSYZX	Best Supporting Entrepreneurship	special		winner	high-school	
2015	1794	SKLBC-DGSYZX	Bronze	medal	bronze	winner		https://static.igem.org/websites/common/2023/icons/medal-bronze-flat.svg
2015	1812	SKLPB_China						
2015	1804	SPSingapore	Silver	medal	silver	winner		https://static.igem.org/websites/common/2023/icons/medal-silver-flat.svg
2015	1814	SVA-NYC	Best Art & Design Project	village		winner	underover	https://static.igem.org/websites/common/2022/icons/village/artanddesign.svg
2015	1814	SVA-NYC	Best Education and Public Engagement	special		nominee	overgrad	
2015	1814	SVA-NYC	Best Integrated Human Practices	special		nominee	overgrad	
2015	1814	SVA-NYC	Best Presentation	special		nominee	overgrad	
2015	1814	SVA-NYC	Gold	medal	gold	winner		https://static.igem.org/websites/common/2023/icons/medal-flat.svg
2015	1826	SVCE_Chennai	Bronze	medal	bronze	winner		https://static.igem.org/websites/common/2023/icons/medal-bronze-flat.svg
2015	1591	SYSU-Software	Best Software Project	village		winner	underover	
2015	1591	SYSU-Software	Gold	medal	gold	winner		https://static.igem.org/websites/common/2023/icons/medal-flat.svg
2015	1641	SYSU_CHINA	Gold	medal	gold	winner		https://static.igem.org/websites/common/2023/icons/medal-flat.svg
2015	1687	SZMS_15_Shenzhen	Bronze	medal	bronze	winner		https://static.igem.org/websites/common/2023/icons/medal-bronze-flat.svg
2015	1722	SZU_China	Gold	medal	gold	winner		https://static.igem.org/websites/common/2023/icons/medal-flat.svg
2015	1665	San_Andres	Bronze	medal	bronze	winner		https://static.igem.org/websites/common/2023/icons/medal-bronze-flat.svg
2015	1869	Santa_Clara	Silver	medal	silver	winner		https://static.igem.org/websites/common/2023/icons/medal-silver-flat.svg
2015	1778	Scut-Champion-Park	Bronze	medal	bronze	winner		https://static.igem.org/websites/common/2023/icons/medal-bronze-flat.svg
2015	1607	Shenzhen_SFLS	Best Poster	special		nominee	high-school	
2015	1607	Shenzhen_SFLS	Silver	medal	silver	winner		https://static.igem.org/websites/common/2023/icons/medal-silver-flat.svg
2015	1744	Sherbrooke	Gold	medal	gold	winner		https://static.igem.org/websites/common/2023/icons/medal-flat.svg
2015	1667	Shiyan_SY_China	Best Education and Public Engagement	special		winner	high-school	
2015	1667	Shiyan_SY_China	Bronze	medal	bronze	winner		https://static.igem.org/websites/common/2023/icons/medal-bronze-flat.svg
2015	1669	Slovenia_HS	Best High School Project	village		nominee	high-school	
2015	1669	Slovenia_HS	Best Integrated Human Practices	special		nominee	high-school	
2015	1669	Slovenia_HS	Best Presentation	special		nominee	high-school	
2015	1669	Slovenia_HS	Best Wiki	special		nominee	high-school	
2015	1669	Slovenia_HS	Gold	medal	gold	winner		https://static.igem.org/websites/common/2023/icons/medal-flat.svg
2015	1692	Stanford-Brown	Best Manufacturing Project	village		winner	undergrad	
2015	1692	Stanford-Brown	Best New Composite Part	special		nominee	undergrad	
2015	1692	Stanford-Brown	Best Part Collection	special		nominee	undergrad	
2015	1692	Stanford-Brown	Best Poster	special		nominee	undergrad	
2015	1692	Stanford-Brown	Gold	medal	gold	winner		https://static.igem.org/websites/common/2023/icons/medal-flat.svg
2015	1766	Stockholm	Best Health & Medicine Project	village		nominee	overgrad	https://static.igem.org/websites/common/2025/icons/villages/diagnostics.svg
2015	1766	Stockholm	Gold	medal	gold	winner		https://static.igem.org/websites/common/2023/icons/medal-flat.svg
2015	1810	Stony_Brook	Silver	medal	silver	winner		https://static.igem.org/websites/common/2023/icons/medal-silver-flat.svg
2015	1736	Sydney_Australia	Best Education and Public Engagement	special		nominee	undergrad	
2015	1736	Sydney_Australia	Best Integrated Human Practices	special		nominee	undergrad	
2015	1736	Sydney_Australia	Best Model	special		nominee	undergrad	
2015	1736	Sydney_Australia	Gold	medal	gold	winner		https://static.igem.org/websites/common/2023/icons/medal-flat.svg
2015	1610	TAS_Taipei	Best Education and Public Engagement	special		nominee	high-school	
2015	1610	TAS_Taipei	Best High School Project	village		winner	underover	
2015	1610	TAS_Taipei	Best New Composite Part	special		nominee	high-school	
2015	1610	TAS_Taipei	Best Poster	special		nominee	high-school	
2015	1610	TAS_Taipei	Best Presentation	special		nominee	high-school	
2015	1610	TAS_Taipei	Best Wiki	special		winner	high-school	
2015	1610	TAS_Taipei	Finalist	finalist		winner	high-school	
2015	1610	TAS_Taipei	Gold	medal	gold	winner		https://static.igem.org/websites/common/2023/icons/medal-flat.svg
2015	1610	TAS_Taipei	Grand Prize Winner	grand-prize	winner	winner	high-school	
2015	1727	TCU_Taiwan	Silver	medal	silver	winner		https://static.igem.org/websites/common/2023/icons/medal-silver-flat.svg
2015	1696	TJU	Best Energy Project	village		winner	underover	
2015	1696	TJU	Gold	medal	gold	winner		https://static.igem.org/websites/common/2023/icons/medal-flat.svg
2015	1788	TP_CC-SanDiego	Best Poster	special		nominee	high-school	
2015	1788	TP_CC-SanDiego	Bronze	medal	bronze	winner		https://static.igem.org/websites/common/2023/icons/medal-bronze-flat.svg
2015	1602	TU_Darmstadt	Best Applied Design	special		nominee	overgrad	
2015	1602	TU_Darmstadt	Best Part Collection	special		nominee	overgrad	
2015	1602	TU_Darmstadt	Best Poster	special		nominee	overgrad	
2015	1602	TU_Darmstadt	Gold	medal	gold	winner		https://static.igem.org/websites/common/2023/icons/medal-flat.svg
2015	1583	TU_Delft	Best Applied Design	special		winner	overgrad	
2015	1583	TU_Delft	Best Hardware Project	village		winner	underover	
2015	1583	TU_Delft	Best Integrated Human Practices	special		nominee	overgrad	
2015	1583	TU_Delft	Best Model	special		nominee	overgrad	
2015	1583	TU_Delft	Best New Composite Part	special		nominee	overgrad	
2015	1583	TU_Delft	Best Part Collection	special		nominee	overgrad	
2015	1583	TU_Delft	Best Wiki	special		winner	overgrad	
2015	1583	TU_Delft	Finalist	finalist		winner	overgrad	
2015	1583	TU_Delft	Gold	medal	gold	winner		https://static.igem.org/websites/common/2023/icons/medal-flat.svg
2015	1583	TU_Delft	Grand Prize Winner	grand-prize	winner	winner	overgrad	
2015	1781	TU_Dresden	Bronze	medal	bronze	winner		https://static.igem.org/websites/common/2023/icons/medal-bronze-flat.svg
2015	1761	TU_Eindhoven	Best Education and Public Engagement	special		nominee	undergrad	
2015	1761	TU_Eindhoven	Best Innovation in Measurement	special		winner	undergrad	
2015	1761	TU_Eindhoven	Best Model	special		nominee	undergrad	
2015	1761	TU_Eindhoven	Gold	medal	gold	winner		https://static.igem.org/websites/common/2023/icons/medal-flat.svg
2015	1852	Tec-Chihuahua						
2015	1734	Tec-Monterrey	Silver	medal	silver	winner		https://static.igem.org/websites/common/2023/icons/medal-silver-flat.svg
2015	1636	TecCEM	Silver	medal	silver	winner		https://static.igem.org/websites/common/2023/icons/medal-silver-flat.svg
2015	1629	TecCEM_HS	Gold	medal	gold	winner		https://static.igem.org/websites/common/2023/icons/medal-flat.svg
2015	1801	Tec_Guadalajara	Bronze	medal	bronze	winner		https://static.igem.org/websites/common/2023/icons/medal-bronze-flat.svg
2015	1767	Technion_HS_Israel	Best Model	special		winner	high-school	
2015	1767	Technion_HS_Israel	Silver	medal	silver	winner		https://static.igem.org/websites/common/2023/icons/medal-silver-flat.svg
2015	1674	Technion_Israel	Best Applied Design	special		nominee	overgrad	
2015	1674	Technion_Israel	Best New Application Project	village		winner	overgrad	https://static.igem.org/websites/common/2022/icons/village/newapplication.svg
2015	1674	Technion_Israel	Best New Basic Part	special		nominee	overgrad	
2015	1674	Technion_Israel	Best Presentation	special		nominee	overgrad	
2015	1674	Technion_Israel	Gold	medal	gold	winner		https://static.igem.org/websites/common/2023/icons/medal-flat.svg
2015	1582	Tianjin	Best New Application Project	village		winner	undergrad	https://static.igem.org/websites/common/2022/icons/village/newapplication.svg
2015	1582	Tianjin	Best New Basic Part	special		winner	undergrad	
2015	1582	Tianjin	Best New Composite Part	special		nominee	undergrad	
2015	1582	Tianjin	Gold	medal	gold	winner		https://static.igem.org/websites/common/2023/icons/medal-flat.svg
2015	1765	Tokyo-NoKoGen	Bronze	medal	bronze	winner		https://static.igem.org/websites/common/2023/icons/medal-bronze-flat.svg
2015	1632	Tokyo_Tech	Best Information Processing Project	village		nominee	underover	https://static.igem.org/websites/common/2022/icons/village/informationprocessing.svg
2015	1632	Tokyo_Tech	Best Part Collection	special		nominee	undergrad	
2015	1632	Tokyo_Tech	Gold	medal	gold	winner		https://static.igem.org/websites/common/2023/icons/medal-flat.svg
2015	1760	Toronto	Best Applied Design	special		nominee	overgrad	
2015	1760	Toronto	Silver	medal	silver	winner		https://static.igem.org/websites/common/2023/icons/medal-silver-flat.svg
2015	1587	Toulouse	Best Applied Design	special		nominee	undergrad	
2015	1587	Toulouse	Gold	medal	gold	winner		https://static.igem.org/websites/common/2023/icons/medal-flat.svg
2015	1808	TrinityCollegeDublin	Gold	medal	gold	winner		https://static.igem.org/websites/common/2023/icons/medal-flat.svg
2015	1797	Tsinghua	Gold	medal	gold	winner		https://static.igem.org/websites/common/2023/icons/medal-flat.svg
2015	1700	Tsinghua-A	Bronze	medal	bronze	winner		https://static.igem.org/websites/common/2023/icons/medal-bronze-flat.svg
2015	1680	Tuebingen	Gold	medal	gold	winner		https://static.igem.org/websites/common/2023/icons/medal-flat.svg
2015	1818	Tufts	Bronze	medal	bronze	winner		https://static.igem.org/websites/common/2023/icons/medal-bronze-flat.svg
2015	1832	UAI-Chile						
2015	1741	UAM_Poznan	Silver	medal	silver	winner		https://static.igem.org/websites/common/2023/icons/medal-silver-flat.svg
2015	1823	UB_Indonesia	Gold	medal	gold	winner		https://static.igem.org/websites/common/2023/icons/medal-flat.svg
2015	1770	UBonn						
2015	1598	UCL	Best New Composite Part	special		nominee	overgrad	
2015	1598	UCL	Best Supporting Entrepreneurship	special		winner	overgrad	
2015	1598	UCL	Gold	medal	gold	winner		https://static.igem.org/websites/common/2023/icons/medal-flat.svg
2015	1763	UCLA	Best Manufacturing Project	village		nominee	undergrad	
2015	1763	UCLA	Best New Basic Part	special		nominee	undergrad	
2015	1763	UCLA	Best Part Collection	special		nominee	undergrad	
2015	1763	UCLA	Gold	medal	gold	winner		https://static.igem.org/websites/common/2023/icons/medal-flat.svg
2015	1775	UCSC						
2015	1829	UCSF	Best Information Processing Project	village		winner	underover	https://static.igem.org/websites/common/2022/icons/village/informationprocessing.svg
2015	1829	UCSF	Best Presentation	special		nominee	undergrad	
2015	1829	UCSF	Best Wiki	special		winner	undergrad	
2015	1829	UCSF	Gold	medal	gold	winner		https://static.igem.org/websites/common/2023/icons/medal-flat.svg
2015	1712	UC_Davis	Best Environment Project	village		nominee	overgrad	
2015	1712	UC_Davis	Gold	medal	gold	winner		https://static.igem.org/websites/common/2023/icons/medal-flat.svg
2015	1842	UC_San_Diego						
2015	1745	UChicago	Silver	medal	silver	winner		https://static.igem.org/websites/common/2023/icons/medal-silver-flat.svg
2015	1730	UChile-OpenBio						
2015	1782	UESTC_Software	Best Software Project	village		nominee	underover	
2015	1782	UESTC_Software	Gold	medal	gold	winner		https://static.igem.org/websites/common/2023/icons/medal-flat.svg
2015	1776	UFMG_Brazil	Best Education and Public Engagement	special		winner	overgrad	
2015	1776	UFMG_Brazil	Best Integrated Human Practices	special		nominee	overgrad	
2015	1620	UFSCar-Brasil	Gold	medal	gold	winner		https://static.igem.org/websites/common/2023/icons/medal-flat.svg
2015	1635	UGA-Georgia	Best Measurement Project	village		nominee	underover	
2015	1635	UGA-Georgia	Gold	medal	gold	winner		https://static.igem.org/websites/common/2023/icons/medal-flat.svg
2015	1681	UIUC_Illinois	Silver	medal	silver	winner		https://static.igem.org/websites/common/2023/icons/medal-silver-flat.svg
2015	1697	UI_Indonesia	Bronze	medal	bronze	winner		https://static.igem.org/websites/common/2023/icons/medal-bronze-flat.svg
2015	1811	UMBC-Maryland	Bronze	medal	bronze	winner		https://static.igem.org/websites/common/2023/icons/medal-bronze-flat.svg
2015	1783	UMaryland	Best Model	special		nominee	undergrad	
2015	1783	UMaryland	Gold	medal	gold	winner		https://static.igem.org/websites/common/2023/icons/medal-flat.svg
2015	1644	UMass-Dartmouth						
2015	1731	UNAM-CU	Silver	medal	silver	winner		https://static.igem.org/websites/common/2023/icons/medal-silver-flat.svg
2015	1588	UNA_Honduras						
2015	1838	UNC-Chapel_Hill	Silver	medal	silver	winner		https://static.igem.org/websites/common/2023/icons/medal-silver-flat.svg
2015	1825	UNIK_Copenhagen	Best Environment Project	village		nominee	overgrad	
2015	1825	UNIK_Copenhagen	Best New Composite Part	special		nominee	overgrad	
2015	1825	UNIK_Copenhagen	Gold	medal	gold	winner		https://static.igem.org/websites/common/2023/icons/medal-flat.svg
2015	1604	UNITN-Trento	Best Energy Project	village		nominee	underover	
2015	1604	UNITN-Trento	Best Innovation in Measurement	special		nominee	undergrad	
2015	1604	UNITN-Trento	Gold	medal	gold	winner		https://static.igem.org/websites/common/2023/icons/medal-flat.svg
2015	1593	USTC						
2015	1594	USTC-Software	Gold	medal	gold	winner		https://static.igem.org/websites/common/2023/icons/medal-flat.svg
2015	1784	UST_Beijing						
2015	1631	UT-Tokyo	Silver	medal	silver	winner		https://static.igem.org/websites/common/2023/icons/medal-silver-flat.svg
2015	1619	UiOslo_Norway	Bronze	medal	bronze	winner		https://static.igem.org/websites/common/2023/icons/medal-bronze-flat.svg
2015	1851	UlsterU_NWRC_Ireland						
2015	1786	Uniandes_Colombia						
2015	1688	Uppsala	Best Environment Project	village		nominee	overgrad	
2015	1688	Uppsala	Gold	medal	gold	winner		https://static.igem.org/websites/common/2023/icons/medal-flat.svg
2015	1820	Utah_State	Silver	medal	silver	winner		https://static.igem.org/websites/common/2023/icons/medal-silver-flat.svg
2015	1742	Valencia_UPV	Gold	medal	gold	winner		https://static.igem.org/websites/common/2023/icons/medal-flat.svg
2015	1673	Vanderbilt						
2015	1773	Vilnius-Lithuania	Best Foundational Advance Project	village		nominee	underover	
2015	1773	Vilnius-Lithuania	Gold	medal	gold	winner		https://static.igem.org/websites/common/2023/icons/medal-flat.svg
2015	1600	Virginia	Silver	medal	silver	winner		https://static.igem.org/websites/common/2023/icons/medal-silver-flat.svg
2015	1647	WHU-China	Silver	medal	silver	winner		https://static.igem.org/websites/common/2023/icons/medal-silver-flat.svg
2015	1753	WHU-Pharm	Bronze	medal	bronze	winner		https://static.igem.org/websites/common/2023/icons/medal-bronze-flat.svg
2015	1683	WLC-Milwaukee	Best Education and Public Engagement	special		nominee	undergrad	
2015	1683	WLC-Milwaukee	Gold	medal	gold	winner		https://static.igem.org/websites/common/2023/icons/medal-flat.svg
2015	1803	WLSA_Shanghai						
2015	1809	WPI-Worcester	Gold	medal	gold	winner		https://static.igem.org/websites/common/2023/icons/medal-flat.svg
2015	1855	Warwick	Gold	medal	gold	winner		https://static.igem.org/websites/common/2023/icons/medal-flat.svg
2015	1605	WashU_StLouis	Bronze	medal	bronze	winner		https://static.igem.org/websites/common/2023/icons/medal-bronze-flat.svg
2015	1711	Washington	Silver	medal	silver	winner		https://static.igem.org/websites/common/2023/icons/medal-silver-flat.svg
2015	1645	Waterloo	Best Foundational Advance Project	village		nominee	underover	
2015	1645	Waterloo	Best Poster	special		winner	overgrad	
2015	1645	Waterloo	Best Software Tool	special		winner	overgrad	
2015	1645	Waterloo	Gold	medal	gold	winner		https://static.igem.org/websites/common/2023/icons/medal-flat.svg
2015	1735	Wellesley_TheTech	Gold	medal	gold	winner		https://static.igem.org/websites/common/2023/icons/medal-flat.svg
2015	1748	Westminster	Gold	medal	gold	winner		https://static.igem.org/websites/common/2023/icons/medal-flat.svg
2015	1795	William_and_Mary	Best Education and Public Engagement	special		winner	undergrad	
2015	1795	William_and_Mary	Best Measurement Project	village		winner	underover	
2015	1795	William_and_Mary	Best Model	special		nominee	undergrad	
2015	1795	William_and_Mary	Best Presentation	special		winner	undergrad	
2015	1795	William_and_Mary	Finalist	finalist		winner	undergrad	
2015	1795	William_and_Mary	Gold	medal	gold	winner		https://static.igem.org/websites/common/2023/icons/medal-flat.svg
2015	1795	William_and_Mary	Grand Prize Winner	grand-prize	winner	winner	undergrad	
2015	1824	XJTLU-CHINA	Silver	medal	silver	winner		https://static.igem.org/websites/common/2023/icons/medal-silver-flat.svg
2015	1856	Yale	Silver	medal	silver	winner		https://static.igem.org/websites/common/2023/icons/medal-silver-flat.svg
2015	1807	York	Best Supporting Entrepreneurship	special		nominee	undergrad	
2015	1807	York	Gold	medal	gold	winner		https://static.igem.org/websites/common/2023/icons/medal-flat.svg
2015	1668	ZJU-China	Gold	medal	gold	winner		https://static.igem.org/websites/common/2023/icons/medal-flat.svg
2015	1589	Zamorano						
2015	1652	uOttawa	Gold	medal	gold	winner		https://static.igem.org/websites/common/2023/icons/medal-flat.svg
2016	2044	AHUT_China	Bronze	medal	bronze	winner		https://static.igem.org/websites/common/2023/icons/medal-bronze-flat.svg
2016	1885	ASIJ_Tokyo	Bronze	medal	bronze	winner		https://static.igem.org/websites/common/2023/icons/medal-bronze-flat.svg
2016	2058	ATOMS_Turkiye						
2016	2059	AUC_TURKEY						
2016	2020	Aachen	Best Hardware	special		nominee	overgrad	
2016	2020	Aachen	Best New Application Project	village		nominee	overgrad	https://static.igem.org/websites/common/2022/icons/village/newapplication.svg
2016	2020	Aachen	Gold	medal	gold	winner		https://static.igem.org/websites/common/2023/icons/medal-flat.svg
2016	1907	Aalto-Helsinki	Gold	medal	gold	winner		https://static.igem.org/websites/common/2023/icons/medal-flat.svg
2016	1917	Ain_Shams-Egypt	Bronze	medal	bronze	winner		https://static.igem.org/websites/common/2023/icons/medal-bronze-flat.svg
2016	1951	Aix-Marseille	Gold	medal	gold	winner		https://static.igem.org/websites/common/2023/icons/medal-flat.svg
2016	2145	Alverno_CA	Silver	medal	silver	winner		https://static.igem.org/websites/common/2023/icons/medal-silver-flat.svg
2016	2033	Arizona_State	Best Foundational Advance Project	village		nominee	overgrad	
2016	2033	Arizona_State	Best Integrated Human Practices	special		nominee	overgrad	
2016	2033	Arizona_State	Best New Basic Part	special		winner	overgrad	
2016	2033	Arizona_State	Best Part Collection	special		winner	overgrad	
2016	2033	Arizona_State	Gold	medal	gold	winner		https://static.igem.org/websites/common/2023/icons/medal-flat.svg
2016	2097	Austin_UTexas	Gold	medal	gold	winner		https://static.igem.org/websites/common/2023/icons/medal-flat.svg
2016	2098	Austin_UTexas_LASA						
2016	2026	BGIC_China	Silver	medal	silver	winner		https://static.igem.org/websites/common/2023/icons/medal-silver-flat.svg
2016	2091	BGU_ISRAEL	Best Applied Design	special		nominee	overgrad	
2016	2091	BGU_ISRAEL	Best Environment Project	village		nominee	overgrad	
2016	2091	BGU_ISRAEL	Best Poster	special		nominee	overgrad	
2016	2091	BGU_ISRAEL	Gold	medal	gold	winner		https://static.igem.org/websites/common/2023/icons/medal-flat.svg
2016	1971	BHU_China						
2016	2004	BIOSINT_Mexico						
2016	2041	BIT	Silver	medal	silver	winner		https://static.igem.org/websites/common/2023/icons/medal-silver-flat.svg
2016	2120	BIT-China	Gold	medal	gold	winner		https://static.igem.org/websites/common/2023/icons/medal-flat.svg
2016	2028	BNDS_China	Bronze	medal	bronze	winner		https://static.igem.org/websites/common/2023/icons/medal-bronze-flat.svg
2016	1891	BNU-China	Gold	medal	gold	winner		https://static.igem.org/websites/common/2023/icons/medal-flat.svg
2016	2187	Baltimore_BioCrew	Bronze	medal	bronze	winner		https://static.igem.org/websites/common/2023/icons/medal-bronze-flat.svg
2016	2082	Bielefeld-CeBiTec	Best New Composite Part	special		nominee	overgrad	
2016	2082	Bielefeld-CeBiTec	Gold	medal	gold	winner		https://static.igem.org/websites/common/2023/icons/medal-flat.svg
2016	1946	Bilkent-UNAMBG	Silver	medal	silver	winner		https://static.igem.org/websites/common/2023/icons/medal-silver-flat.svg
2016	2133	BioBricks	Bronze	medal	bronze	winner		https://static.igem.org/websites/common/2023/icons/medal-bronze-flat.svg
2016	1935	Bordeaux	Bronze	medal	bronze	winner		https://static.igem.org/websites/common/2023/icons/medal-bronze-flat.svg
2016	1875	BostonU	Best Foundational Advance Project	village		nominee	undergrad	
2016	1875	BostonU	Best New Basic Part	special		nominee	undergrad	
2016	1875	BostonU	Best Part Collection	special		nominee	undergrad	
2016	1875	BostonU	Gold	medal	gold	winner		https://static.igem.org/websites/common/2023/icons/medal-flat.svg
2016	1876	BostonU_HW	Best Applied Design	special		nominee	undergrad	
2016	1876	BostonU_HW	Best Software Tool	special		nominee	undergrad	
2016	1876	BostonU_HW	Gold	medal	gold	winner		https://static.igem.org/websites/common/2023/icons/medal-flat.svg
2016	2139	British_Columbia	Best Manufacturing Project	village		nominee	undergrad	
2016	2139	British_Columbia	Gold	medal	gold	winner		https://static.igem.org/websites/common/2023/icons/medal-flat.svg
2016	2185	BroadRun-Baltimore	Best Education & Public Engagement	special		nominee	high-school	
2016	2185	BroadRun-Baltimore	Best Integrated Human Practices	special		winner	high-school	
2016	2185	BroadRun-Baltimore	Best Model	special		nominee	high-school	
2016	2185	BroadRun-Baltimore	Best Wiki	special		nominee	high-school	
2016	2185	BroadRun-Baltimore	Gold	medal	gold	winner		https://static.igem.org/websites/common/2023/icons/medal-flat.svg
2016	2171	Bulgaria	Bronze	medal	bronze	winner		https://static.igem.org/websites/common/2023/icons/medal-bronze-flat.svg
2016	2186	CAPS_Kansas						
2016	2103	CCA_SanDiego						
2016	1955	CGU_Taiwan	Silver	medal	silver	winner		https://static.igem.org/websites/common/2023/icons/medal-silver-flat.svg
2016	2172	CIEI-BJ	Silver	medal	silver	winner		https://static.igem.org/websites/common/2023/icons/medal-silver-flat.svg
2016	2078	CLSB-UK	Best Wiki	special		nominee	high-school	
2016	2078	CLSB-UK	Silver	medal	silver	winner		https://static.igem.org/websites/common/2023/icons/medal-silver-flat.svg
2016	2161	CPU_CHINA						
2016	1945	CSU_Fort_Collins	Bronze	medal	bronze	winner		https://static.igem.org/websites/common/2023/icons/medal-bronze-flat.svg
2016	2129	CU-Boulder	Silver	medal	silver	winner		https://static.igem.org/websites/common/2023/icons/medal-silver-flat.svg
2016	2148	Cambridge-JIC	Best Plant Synthetic Biology	special		winner	overgrad	
2016	2148	Cambridge-JIC	Gold	medal	gold	winner		https://static.igem.org/websites/common/2023/icons/medal-flat.svg
2016	2060	Cardiff_Wales	Silver	medal	silver	winner		https://static.igem.org/websites/common/2023/icons/medal-silver-flat.svg
2016	2096	Central-Calgary						
2016	2030	Chalmers_Gothenburg	Gold	medal	gold	winner		https://static.igem.org/websites/common/2023/icons/medal-flat.svg
2016	2156	ColegioFDR_Peru	Best Presentation	special		nominee	high-school	
2016	2062	ColumbiaU_NYC	Gold	medal	gold	winner		https://static.igem.org/websites/common/2023/icons/medal-flat.svg
2016	2045	Concordia	Silver	medal	silver	winner		https://static.igem.org/websites/common/2023/icons/medal-silver-flat.svg
2016	1931	Cornell_NY	Best Integrated Human Practices	special		nominee	undergrad	
2016	1931	Cornell_NY	Silver	medal	silver	winner		https://static.igem.org/websites/common/2023/icons/medal-silver-flat.svg
2016	2117	DTU-Denmark	Best Hardware	special		nominee	overgrad	
2016	2117	DTU-Denmark	Best Poster	special		nominee	overgrad	
2016	2117	DTU-Denmark	Gold	medal	gold	winner		https://static.igem.org/websites/common/2023/icons/medal-flat.svg
2016	2160	Dalhousie_Halifax_NS	Bronze	medal	bronze	winner		https://static.igem.org/websites/common/2023/icons/medal-bronze-flat.svg
2016	2184	Danci-K8	Gold	medal	gold	winner		https://static.igem.org/websites/common/2023/icons/medal-flat.svg
2016	2111	Denver_Biolabs	Bronze	medal	bronze	winner		https://static.igem.org/websites/common/2023/icons/medal-bronze-flat.svg
2016	1936	Duesseldorf	Gold	medal	gold	winner		https://static.igem.org/websites/common/2023/icons/medal-flat.svg
2016	1880	Duke	Silver	medal	silver	winner		https://static.igem.org/websites/common/2023/icons/medal-silver-flat.svg
2016	1962	Dundee	Gold	medal	gold	winner		https://static.igem.org/websites/common/2023/icons/medal-flat.svg
2016	1963	Dundee_Schools	Best New Composite Part	special		nominee	high-school	
2016	1963	Dundee_Schools	Best Part Collection	special		nominee	high-school	
2016	1963	Dundee_Schools	Best Poster	special		nominee	high-school	
2016	1963	Dundee_Schools	Best Presentation	special		nominee	high-school	
2016	1963	Dundee_Schools	Gold	medal	gold	winner		https://static.igem.org/websites/common/2023/icons/medal-flat.svg
2016	2181	EMW_Street_Bio	Bronze	medal	bronze	winner		https://static.igem.org/websites/common/2023/icons/medal-bronze-flat.svg
2016	1941	EPFL	Best Information Processing Project	village		nominee	underover	https://static.igem.org/websites/common/2022/icons/village/informationprocessing.svg
2016	1941	EPFL	Best Software Tool	special		nominee	overgrad	
2016	1941	EPFL	Gold	medal	gold	winner		https://static.igem.org/websites/common/2023/icons/medal-flat.svg
2016	2116	ETH_Zurich	Best Model	special		nominee	overgrad	
2016	2116	ETH_Zurich	Best Part Collection	special		nominee	overgrad	
2016	2116	ETH_Zurich	Gold	medal	gold	winner		https://static.igem.org/websites/common/2023/icons/medal-flat.svg
2016	1968	Edinburgh_OG	Silver	medal	silver	winner		https://static.igem.org/websites/common/2023/icons/medal-silver-flat.svg
2016	1967	Edinburgh_UG	Bronze	medal	bronze	winner		https://static.igem.org/websites/common/2023/icons/medal-bronze-flat.svg
2016	2146	Emory	Bronze	medal	bronze	winner		https://static.igem.org/websites/common/2023/icons/medal-bronze-flat.svg
2016	2042	Evry	Bronze	medal	bronze	winner		https://static.igem.org/websites/common/2023/icons/medal-bronze-flat.svg
2016	1874	Example						
2016	1914	Exeter	Gold	medal	gold	winner		https://static.igem.org/websites/common/2023/icons/medal-flat.svg
2016	2074	FAFU-CHINA	Gold	medal	gold	winner		https://static.igem.org/websites/common/2023/icons/medal-flat.svg
2016	2169	FAU_Erlangen	Silver	medal	silver	winner		https://static.igem.org/websites/common/2023/icons/medal-silver-flat.svg
2016	2114	Freiburg	Gold	medal	gold	winner		https://static.igem.org/websites/common/2023/icons/medal-flat.svg
2016	1925	Fudan	Bronze	medal	bronze	winner		https://static.igem.org/websites/common/2023/icons/medal-bronze-flat.svg
2016	2089	GDSYZX-United	Silver	medal	silver	winner		https://static.igem.org/websites/common/2023/icons/medal-silver-flat.svg
2016	1877	Gaston_Day	Bronze	medal	bronze	winner		https://static.igem.org/websites/common/2023/icons/medal-bronze-flat.svg
2016	2128	Genspace	Best Measurement	special		winner	overgrad	
2016	2128	Genspace	Gold	medal	gold	winner		https://static.igem.org/websites/common/2023/icons/medal-flat.svg
2016	1915	Georgia_State	Silver	medal	silver	winner		https://static.igem.org/websites/common/2023/icons/medal-silver-flat.svg
2016	2158	Gifu	Silver	medal	silver	winner		https://static.igem.org/websites/common/2023/icons/medal-silver-flat.svg
2016	2151	Glasgow	Best Entrepreneurship	special		nominee	undergrad	
2016	2151	Glasgow	Best Measurement	special		nominee	undergrad	
2016	2151	Glasgow	Gold	medal	gold	winner		https://static.igem.org/websites/common/2023/icons/medal-flat.svg
2016	1978	Goettingen	Silver	medal	silver	winner		https://static.igem.org/websites/common/2023/icons/medal-silver-flat.svg
2016	1930	Groningen	Best Education & Public Engagement	special		nominee	overgrad	
2016	1930	Groningen	Best Information Processing Project	village		winner	underover	https://static.igem.org/websites/common/2022/icons/village/informationprocessing.svg
2016	1930	Groningen	Best Software Tool	special		nominee	overgrad	
2016	1930	Groningen	Best Wiki	special		nominee	overgrad	
2016	1930	Groningen	Gold	medal	gold	winner		https://static.igem.org/websites/common/2023/icons/medal-flat.svg
2016	2057	Guanajuato_Mx	Silver	medal	silver	winner		https://static.igem.org/websites/common/2023/icons/medal-silver-flat.svg
2016	2134	HFUT-China	Silver	medal	silver	winner		https://static.igem.org/websites/common/2023/icons/medal-silver-flat.svg
2016	1961	HSiTAIWAN	Best Applied Design	special		winner	high-school	
2016	1961	HSiTAIWAN	Best Integrated Human Practices	special		nominee	high-school	
2016	1961	HSiTAIWAN	Best Presentation	special		nominee	high-school	
2016	1961	HSiTAIWAN	Finalist	finalist		winner	high-school	
2016	1961	HSiTAIWAN	Gold	medal	gold	winner		https://static.igem.org/websites/common/2023/icons/medal-flat.svg
2016	1961	HSiTAIWAN	Grand Prize Winner	grand-prize	winner	winner	high-school	
2016	2036	HUST-China	Gold	medal	gold	winner		https://static.igem.org/websites/common/2023/icons/medal-flat.svg
2016	2012	HZAU-China	Bronze	medal	bronze	winner		https://static.igem.org/websites/common/2023/icons/medal-bronze-flat.svg
2016	1909	Hamburg	Silver	medal	silver	winner		https://static.igem.org/websites/common/2023/icons/medal-silver-flat.svg
2016	1909	Hamburg	iGEMers Prize	special	community	winner		
2016	2075	Hannover	Bronze	medal	bronze	winner		https://static.igem.org/websites/common/2023/icons/medal-bronze-flat.svg
2016	2010	Harvard_BioDesign	Best Environment Project	village		nominee	undergrad	
2016	2010	Harvard_BioDesign	Gold	medal	gold	winner		https://static.igem.org/websites/common/2023/icons/medal-flat.svg
2016	2015	HokkaidoU_Japan	Bronze	medal	bronze	winner		https://static.igem.org/websites/common/2023/icons/medal-bronze-flat.svg
2016	2054	Hong_Kong_HKU	Silver	medal	silver	winner		https://static.igem.org/websites/common/2023/icons/medal-silver-flat.svg
2016	1899	Hong_Kong_HKUST	Silver	medal	silver	winner		https://static.igem.org/websites/common/2023/icons/medal-silver-flat.svg
2016	1889	Hong_Kong_UCCKE	Bronze	medal	bronze	winner		https://static.igem.org/websites/common/2023/icons/medal-bronze-flat.svg
2016	2168	IISc_Bangalore	Bronze	medal	bronze	winner		https://static.igem.org/websites/common/2023/icons/medal-bronze-flat.svg
2016	1956	IIT-Madras	Silver	medal	silver	winner		https://static.igem.org/websites/common/2023/icons/medal-silver-flat.svg
2016	2173	IIT_Delhi	Silver	medal	silver	winner		https://static.igem.org/websites/common/2023/icons/medal-silver-flat.svg
2016	2163	IIT_Kharagpur	Bronze	medal	bronze	winner		https://static.igem.org/websites/common/2023/icons/medal-bronze-flat.svg
2016	1934	INSA-Lyon	Best Applied Design	special		nominee	undergrad	
2016	1934	INSA-Lyon	Best Diagnostics Project	village		winner	undergrad	https://static.igem.org/websites/common/2025/icons/villages/diagnostics.svg
2016	1934	INSA-Lyon	Best Education & Public Engagement	special		nominee	undergrad	
2016	1934	INSA-Lyon	Best Integrated Human Practices	special		nominee	undergrad	
2016	1934	INSA-Lyon	Best Model	special		nominee	undergrad	
2016	1934	INSA-Lyon	Best Software Tool	special		nominee	undergrad	
2016	1934	INSA-Lyon	Gold	medal	gold	winner		https://static.igem.org/websites/common/2023/icons/medal-flat.svg
2016	1893	Imperial_College	Best Education & Public Engagement	special		winner	undergrad	
2016	1893	Imperial_College	Best Foundational Advance Project	village		winner	undergrad	
2016	1893	Imperial_College	Best Integrated Human Practices	special		nominee	undergrad	
2016	1893	Imperial_College	Best Model	special		nominee	undergrad	
2016	1893	Imperial_College	Best New Basic Part	special		winner	undergrad	
2016	1893	Imperial_College	Best New Composite Part	special		nominee	undergrad	
2016	1893	Imperial_College	Best Poster	special		winner	undergrad	
2016	1893	Imperial_College	Best Wiki	special		winner	undergrad	
2016	1893	Imperial_College	Finalist	finalist		winner	undergrad	
2016	1893	Imperial_College	Gold	medal	gold	winner		https://static.igem.org/websites/common/2023/icons/medal-flat.svg
2016	1893	Imperial_College	Grand Prize Winner	grand-prize	winner	winner	undergrad	
2016	2127	IngenuityLab_Canada	Silver	medal	silver	winner		https://static.igem.org/websites/common/2023/icons/medal-silver-flat.svg
2016	2023	Ionis_Paris	Best Applied Design	special		nominee	overgrad	
2016	2023	Ionis_Paris	Best Environment Project	village		nominee	overgrad	
2016	2023	Ionis_Paris	Best Presentation	special		nominee	overgrad	
2016	2023	Ionis_Paris	Gold	medal	gold	winner		https://static.igem.org/websites/common/2023/icons/medal-flat.svg
2016	2141	Istanbul_Tech	Bronze	medal	bronze	winner		https://static.igem.org/websites/common/2023/icons/medal-bronze-flat.svg
2016	2178	IvyTech_SouthBend_IN						
2016	1940	JNFLS_China	Silver	medal	silver	winner		https://static.igem.org/websites/common/2023/icons/medal-silver-flat.svg
2016	2000	JSNU-China	Bronze	medal	bronze	winner		https://static.igem.org/websites/common/2023/icons/medal-bronze-flat.svg
2016	1932	Jilin_China	Gold	medal	gold	winner		https://static.igem.org/websites/common/2023/icons/medal-flat.svg
2016	2175	KAIT_Japan	Bronze	medal	bronze	winner		https://static.igem.org/websites/common/2023/icons/medal-bronze-flat.svg
2016	1985	Kent	Silver	medal	silver	winner		https://static.igem.org/websites/common/2023/icons/medal-silver-flat.svg
2016	1952	Kingsborough_NY						
2016	1999	KoreaSonyeodul						
2016	2094	Korea_U_Seoul	Gold	medal	gold	winner		https://static.igem.org/websites/common/2023/icons/medal-flat.svg
2016	1933	Kyoto	Gold	medal	gold	winner		https://static.igem.org/websites/common/2023/icons/medal-flat.svg
2016	2170	LMU-TUM_Munich	Best Entrepreneurship	special		nominee	overgrad	
2016	2170	LMU-TUM_Munich	Best Hardware	special		winner	overgrad	
2016	2170	LMU-TUM_Munich	Best Manufacturing Project	village		winner	overgrad	
2016	2170	LMU-TUM_Munich	Best Model	special		nominee	overgrad	
2016	2170	LMU-TUM_Munich	Best New Composite Part	special		nominee	overgrad	
2016	2170	LMU-TUM_Munich	Best Presentation	special		nominee	overgrad	
2016	2170	LMU-TUM_Munich	Best Software Tool	special		winner	overgrad	
2016	2170	LMU-TUM_Munich	Finalist	finalist		winner	overgrad	
2016	2170	LMU-TUM_Munich	Gold	medal	gold	winner		https://static.igem.org/websites/common/2023/icons/medal-flat.svg
2016	2170	LMU-TUM_Munich	Grand Prize Winner	grand-prize	winner	winner	overgrad	
2016	2112	LN-Shiyan-China						
2016	1911	LambertGA	Best Poster	special		nominee	high-school	
2016	1911	LambertGA	Best Wiki	special		nominee	high-school	
2016	1911	LambertGA	Silver	medal	silver	winner		https://static.igem.org/websites/common/2023/icons/medal-silver-flat.svg
2016	1995	Lanzhou	Silver	medal	silver	winner		https://static.igem.org/websites/common/2023/icons/medal-silver-flat.svg
2016	1902	Leicester						
2016	1938	Leiden	Bronze	medal	bronze	winner		https://static.igem.org/websites/common/2023/icons/medal-bronze-flat.svg
2016	2109	Lethbridge	Gold	medal	gold	winner		https://static.igem.org/websites/common/2023/icons/medal-flat.svg
2016	2124	Lethbridge_HS	Bronze	medal	bronze	winner		https://static.igem.org/websites/common/2023/icons/medal-bronze-flat.svg
2016	2095	Linkoping_Sweden	Bronze	medal	bronze	winner		https://static.igem.org/websites/common/2023/icons/medal-bronze-flat.svg
2016	2107	Lubbock_TTU	Silver	medal	silver	winner		https://static.igem.org/websites/common/2023/icons/medal-silver-flat.svg
2016	2052	METU_HS_Ankara	Best Applied Design	special		nominee	high-school	
2016	2052	METU_HS_Ankara	Best Education & Public Engagement	special		nominee	high-school	
2016	2052	METU_HS_Ankara	Gold	medal	gold	winner		https://static.igem.org/websites/common/2023/icons/medal-flat.svg
2016	2100	MIT	Best Part Collection	special		nominee	overgrad	
2016	2100	MIT	Best Poster	special		nominee	overgrad	
2016	2100	MIT	Gold	medal	gold	winner		https://static.igem.org/websites/common/2023/icons/medal-flat.svg
2016	2125	MSU-Michigan	Bronze	medal	bronze	winner		https://static.igem.org/websites/common/2023/icons/medal-bronze-flat.svg
2016	1998	Macquarie_Australia	Best New Composite Part	special		nominee	overgrad	
2016	1998	Macquarie_Australia	Gold	medal	gold	winner		https://static.igem.org/websites/common/2023/icons/medal-flat.svg
2016	2092	Manchester	Best Education & Public Engagement	special		nominee	undergrad	
2016	2092	Manchester	Best Model	special		winner	undergrad	
2016	2092	Manchester	Gold	medal	gold	winner		https://static.igem.org/websites/common/2023/icons/medal-flat.svg
2016	1964	Marburg	Silver	medal	silver	winner		https://static.igem.org/websites/common/2023/icons/medal-silver-flat.svg
2016	1929	McMasterU	Bronze	medal	bronze	winner		https://static.igem.org/websites/common/2023/icons/medal-bronze-flat.svg
2016	2140	Melbourne	Bronze	medal	bronze	winner		https://static.igem.org/websites/common/2023/icons/medal-bronze-flat.svg
2016	2105	Michigan	Silver	medal	silver	winner		https://static.igem.org/websites/common/2023/icons/medal-silver-flat.svg
2016	2104	Michigan_Software	Best Software Project	village		winner	underover	
2016	2104	Michigan_Software	Gold	medal	gold	winner		https://static.igem.org/websites/common/2023/icons/medal-flat.svg
2016	1991	Mingdao	Best New Composite Part	special		winner	high-school	
2016	1991	Mingdao	Gold	medal	gold	winner		https://static.igem.org/websites/common/2023/icons/medal-flat.svg
2016	2099	Minnesota	Bronze	medal	bronze	winner		https://static.igem.org/websites/common/2023/icons/medal-bronze-flat.svg
2016	2034	Missouri_Rolla						
2016	2088	NAU-CHINA	Gold	medal	gold	winner		https://static.igem.org/websites/common/2023/icons/medal-flat.svg
2016	2142	NAWI-Graz	Bronze	medal	bronze	winner		https://static.igem.org/websites/common/2023/icons/medal-bronze-flat.svg
2016	1920	NCKU_Tainan	Best Diagnostics Project	village		nominee	undergrad	https://static.igem.org/websites/common/2025/icons/villages/diagnostics.svg
2016	1920	NCKU_Tainan	Best Presentation	special		nominee	undergrad	
2016	1920	NCKU_Tainan	Gold	medal	gold	winner		https://static.igem.org/websites/common/2023/icons/medal-flat.svg
2016	1974	NCTU_Formosa	Best Applied Design	special		winner	undergrad	
2016	1974	NCTU_Formosa	Best Environment Project	village		nominee	undergrad	
2016	1974	NCTU_Formosa	Best Model	special		nominee	undergrad	
2016	1974	NCTU_Formosa	Best New Basic Part	special		nominee	undergrad	
2016	1974	NCTU_Formosa	Best New Composite Part	special		nominee	undergrad	
2016	1974	NCTU_Formosa	Best Part Collection	special		winner	undergrad	
2016	1974	NCTU_Formosa	Best Presentation	special		winner	undergrad	
2016	1974	NCTU_Formosa	Best Wiki	special		nominee	undergrad	
2016	1974	NCTU_Formosa	Gold	medal	gold	winner		https://static.igem.org/websites/common/2023/icons/medal-flat.svg
2016	1947	NEFU_China	Silver	medal	silver	winner		https://static.igem.org/websites/common/2023/icons/medal-silver-flat.svg
2016	1982	NEU-China	Best New Basic Part	special		nominee	overgrad	
2016	1982	NEU-China	Gold	medal	gold	winner		https://static.igem.org/websites/common/2023/icons/medal-flat.svg
2016	1942	NJU-China	Gold	medal	gold	winner		https://static.igem.org/websites/common/2023/icons/medal-flat.svg
2016	1981	NKU_China	Gold	medal	gold	winner		https://static.igem.org/websites/common/2023/icons/medal-flat.svg
2016	1957	NRP-UEA-Norwich	Silver	medal	silver	winner		https://static.igem.org/websites/common/2023/icons/medal-silver-flat.svg
2016	2073	NTHU_Taiwan	Bronze	medal	bronze	winner		https://static.igem.org/websites/common/2023/icons/medal-bronze-flat.svg
2016	1970	NTNU_Trondheim	Bronze	medal	bronze	winner		https://static.igem.org/websites/common/2023/icons/medal-bronze-flat.svg
2016	2130	NTU-Singapore	Best Measurement Project	village		winner	underover	
2016	2130	NTU-Singapore	Best New Basic Part	special		nominee	overgrad	
2016	2130	NTU-Singapore	Best Wiki	special		winner	overgrad	
2016	2130	NTU-Singapore	Gold	medal	gold	winner		https://static.igem.org/websites/common/2023/icons/medal-flat.svg
2016	1997	NUDT_CHINA	Best New Application Project	village		nominee	undergrad	https://static.igem.org/websites/common/2022/icons/village/newapplication.svg
2016	1997	NUDT_CHINA	Best New Composite Part	special		nominee	undergrad	
2016	1997	NUDT_CHINA	Best Part Collection	special		nominee	undergrad	
2016	1997	NUDT_CHINA	Gold	medal	gold	winner		https://static.igem.org/websites/common/2023/icons/medal-flat.svg
2016	1897	NUS_Singapore	Best Diagnostics Project	village		nominee	undergrad	https://static.igem.org/websites/common/2025/icons/villages/diagnostics.svg
2016	1897	NUS_Singapore	Gold	medal	gold	winner		https://static.igem.org/websites/common/2023/icons/medal-flat.svg
2016	2155	NWPU	Bronze	medal	bronze	winner		https://static.igem.org/websites/common/2023/icons/medal-bronze-flat.svg
2016	2040	NYMU-Taipei	Gold	medal	gold	winner		https://static.igem.org/websites/common/2023/icons/medal-flat.svg
2016	2122	NYU-AD	Silver	medal	silver	winner		https://static.igem.org/websites/common/2023/icons/medal-silver-flat.svg
2016	1990	NYU_Shanghai						
2016	1950	Nagahama	Silver	medal	silver	winner		https://static.igem.org/websites/common/2023/icons/medal-silver-flat.svg
2016	1958	Nanjing-China	Best Energy Project	village		winner	underover	
2016	1958	Nanjing-China	Best Poster	special		nominee	undergrad	
2016	1958	Nanjing-China	Gold	medal	gold	winner		https://static.igem.org/websites/common/2023/icons/medal-flat.svg
2016	1894	Nanjing_NFLS	Silver	medal	silver	winner		https://static.igem.org/websites/common/2023/icons/medal-silver-flat.svg
2016	1895	Newcastle	Best Hardware	special		nominee	undergrad	
2016	1895	Newcastle	Bronze	medal	bronze	winner		https://static.igem.org/websites/common/2023/icons/medal-bronze-flat.svg
2016	2182	Northeastern	Bronze	medal	bronze	winner		https://static.igem.org/websites/common/2023/icons/medal-bronze-flat.svg
2016	2108	NorthernBC						
2016	2019	Northwestern	Silver	medal	silver	winner		https://static.igem.org/websites/common/2023/icons/medal-silver-flat.svg
2016	1910	OLS_Canmore	Best Applied Design	special		nominee	high-school	
2016	1910	OLS_Canmore	Best Education & Public Engagement	special		nominee	high-school	
2016	1910	OLS_Canmore	Best Integrated Human Practices	special		nominee	high-school	
2016	1910	OLS_Canmore	Best Poster	special		nominee	high-school	
2016	1910	OLS_Canmore	Best Presentation	special		nominee	high-school	
2016	1910	OLS_Canmore	Silver	medal	silver	winner		https://static.igem.org/websites/common/2023/icons/medal-silver-flat.svg
2016	2047	OUC-China	Gold	medal	gold	winner		https://static.igem.org/websites/common/2023/icons/medal-flat.svg
2016	1980	Oxford	Best Education & Public Engagement	special		nominee	undergrad	
2016	1980	Oxford	Best Presentation	special		nominee	undergrad	
2016	1980	Oxford	Best Therapeutics Project	village		nominee	undergrad	
2016	1980	Oxford	Best Wiki	special		nominee	undergrad	
2016	1980	Oxford	Gold	medal	gold	winner		https://static.igem.org/websites/common/2023/icons/medal-flat.svg
2016	2043	Paris_Bettencourt	Best Applied Design	special		nominee	overgrad	
2016	2043	Paris_Bettencourt	Best Integrated Human Practices	special		winner	overgrad	
2016	2043	Paris_Bettencourt	Gold	medal	gold	winner		https://static.igem.org/websites/common/2023/icons/medal-flat.svg
2016	2039	Paris_Saclay	Bronze	medal	bronze	winner		https://static.igem.org/websites/common/2023/icons/medal-bronze-flat.svg
2016	2053	Pasteur_Paris	Best Applied Design	special		winner	overgrad	
2016	2053	Pasteur_Paris	Best Diagnostics Project	village		winner	overgrad	https://static.igem.org/websites/common/2025/icons/villages/diagnostics.svg
2016	2053	Pasteur_Paris	Best Entrepreneurship	special		winner	overgrad	
2016	2053	Pasteur_Paris	Best Presentation	special		nominee	overgrad	
2016	2053	Pasteur_Paris	Gold	medal	gold	winner		https://static.igem.org/websites/common/2023/icons/medal-flat.svg
2016	1989	Peking	Best Environment Project	village		winner	undergrad	
2016	1989	Peking	Best New Basic Part	special		nominee	undergrad	
2016	1989	Peking	Gold	medal	gold	winner		https://static.igem.org/websites/common/2023/icons/medal-flat.svg
2016	2056	Peshawar	Bronze	medal	bronze	winner		https://static.igem.org/websites/common/2023/icons/medal-bronze-flat.svg
2016	2084	Pittsburgh	Best Environment Project	village		nominee	undergrad	
2016	2084	Pittsburgh	Gold	medal	gold	winner		https://static.igem.org/websites/common/2023/icons/medal-flat.svg
2016	2037	Pretoria_UP	Silver	medal	silver	winner		https://static.igem.org/websites/common/2023/icons/medal-silver-flat.svg
2016	1986	Pumas_Mexico	Bronze	medal	bronze	winner		https://static.igem.org/websites/common/2023/icons/medal-bronze-flat.svg
2016	1988	Purdue	Silver	medal	silver	winner		https://static.igem.org/websites/common/2023/icons/medal-silver-flat.svg
2016	2064	Queens_Canada	Bronze	medal	bronze	winner		https://static.igem.org/websites/common/2023/icons/medal-bronze-flat.svg
2016	2077	RHIT	Bronze	medal	bronze	winner		https://static.igem.org/websites/common/2023/icons/medal-bronze-flat.svg
2016	1878	Rice	Silver	medal	silver	winner		https://static.igem.org/websites/common/2023/icons/medal-silver-flat.svg
2016	2031	Richard_Montgomery						
2016	2101	Ryerson_Toronto						
2016	1959	SCAU-China	Best Education & Public Engagement	special		winner	undergrad	
2016	1959	SCAU-China	Best New Application Project	village		winner	undergrad	https://static.igem.org/websites/common/2022/icons/village/newapplication.svg
2016	1959	SCAU-China	Best Plant Synthetic Biology	special		winner	undergrad	
2016	1959	SCAU-China	Finalist	finalist		winner	undergrad	
2016	1959	SCAU-China	Gold	medal	gold	winner		https://static.igem.org/websites/common/2023/icons/medal-flat.svg
2016	1959	SCAU-China	Second Runner Up	grand-prize	second-runner-up	winner	undergrad	
2016	2143	SCSU-New_Haven	Bronze	medal	bronze	winner		https://static.igem.org/websites/common/2023/icons/medal-bronze-flat.svg
2016	1919	SCU-China	Silver	medal	silver	winner		https://static.igem.org/websites/common/2023/icons/medal-silver-flat.svg
2016	1972	SCUT-China_A	Gold	medal	gold	winner		https://static.igem.org/websites/common/2023/icons/medal-flat.svg
2016	2080	SCUT-China_B	Bronze	medal	bronze	winner		https://static.igem.org/websites/common/2023/icons/medal-bronze-flat.svg
2016	1979	SDSZ_China	Gold	medal	gold	winner		https://static.igem.org/websites/common/2023/icons/medal-flat.svg
2016	2018	SDU-Denmark	Best Education & Public Engagement	special		nominee	overgrad	
2016	2018	SDU-Denmark	Best Poster	special		nominee	overgrad	
2016	2018	SDU-Denmark	Best Presentation	special		nominee	overgrad	
2016	2018	SDU-Denmark	Best Wiki	special		winner	overgrad	
2016	2018	SDU-Denmark	Gold	medal	gold	winner		https://static.igem.org/websites/common/2023/icons/medal-flat.svg
2016	1969	SJTU-BioX-Shanghai	Gold	medal	gold	winner		https://static.igem.org/websites/common/2023/icons/medal-flat.svg
2016	2162	SJTU-Software	Gold	medal	gold	winner		https://static.igem.org/websites/common/2023/icons/medal-flat.svg
2016	1892	SMS_Shenzhen	Silver	medal	silver	winner		https://static.igem.org/websites/common/2023/icons/medal-silver-flat.svg
2016	1948	SRM_Chennai						
2016	1943	SUSTech_Shenzhen	Silver	medal	silver	winner		https://static.igem.org/websites/common/2023/icons/medal-silver-flat.svg
2016	2113	SVCE_CHENNAI	Silver	medal	silver	winner		https://static.igem.org/websites/common/2023/icons/medal-silver-flat.svg
2016	1926	SYSU-CHINA	Gold	medal	gold	winner		https://static.igem.org/websites/common/2023/icons/medal-flat.svg
2016	1993	SYSU-MEDICINE	Best Model	special		nominee	undergrad	
2016	1993	SYSU-MEDICINE	Best New Composite Part	special		winner	undergrad	
2016	1993	SYSU-MEDICINE	Best Therapeutics Project	village		winner	undergrad	
2016	1993	SYSU-MEDICINE	Gold	medal	gold	winner		https://static.igem.org/websites/common/2023/icons/medal-flat.svg
2016	1883	SYSU-Software	Gold	medal	gold	winner		https://static.igem.org/websites/common/2023/icons/medal-flat.svg
2016	1884	SZU-China	Bronze	medal	bronze	winner		https://static.igem.org/websites/common/2023/icons/medal-bronze-flat.svg
2016	2115	Saint_Rose_School_A						
2016	2119	Saint_Rose_School_B						
2016	2152	ShanghaiTechChina_B	Silver	medal	silver	winner		https://static.igem.org/websites/common/2023/icons/medal-silver-flat.svg
2016	2132	ShanghaitechChina	Gold	medal	gold	winner		https://static.igem.org/websites/common/2023/icons/medal-flat.svg
2016	2016	Sheffield	Best Diagnostics Project	village		nominee	undergrad	https://static.igem.org/websites/common/2025/icons/villages/diagnostics.svg
2016	2016	Sheffield	Gold	medal	gold	winner		https://static.igem.org/websites/common/2023/icons/medal-flat.svg
2016	1928	Shenzhen_SFLS	Gold	medal	gold	winner		https://static.igem.org/websites/common/2023/icons/medal-flat.svg
2016	1965	Slovenia	Best Foundational Advance Project	village		winner	overgrad	
2016	1965	Slovenia	Best New Basic Part	special		nominee	overgrad	
2016	1965	Slovenia	Best Part Collection	special		nominee	overgrad	
2016	1965	Slovenia	Gold	medal	gold	winner		https://static.igem.org/websites/common/2023/icons/medal-flat.svg
2016	2027	Stanford-Brown	Best Manufacturing Project	village		nominee	undergrad	
2016	2027	Stanford-Brown	Best Measurement	special		winner	undergrad	
2016	2027	Stanford-Brown	Gold	medal	gold	winner		https://static.igem.org/websites/common/2023/icons/medal-flat.svg
2016	2144	Stockholm	Best Education & Public Engagement	special		nominee	overgrad	
2016	2144	Stockholm	Best Presentation	special		nominee	overgrad	
2016	2144	Stockholm	Gold	medal	gold	winner		https://static.igem.org/websites/common/2023/icons/medal-flat.svg
2016	1908	Stony_Brook	Silver	medal	silver	winner		https://static.igem.org/websites/common/2023/icons/medal-silver-flat.svg
2016	1996	Sydney_Australia	Best Applied Design	special		nominee	undergrad	
2016	1996	Sydney_Australia	Best Entrepreneurship	special		winner	undergrad	
2016	1996	Sydney_Australia	Best Food & Nutrition Project	village		winner	underover	
2016	1996	Sydney_Australia	Best Integrated Human Practices	special		nominee	undergrad	
2016	1996	Sydney_Australia	Best Poster	special		nominee	undergrad	
2016	1996	Sydney_Australia	Best Presentation	special		nominee	undergrad	
2016	1996	Sydney_Australia	Best Wiki	special		nominee	undergrad	
2016	1996	Sydney_Australia	Finalist	finalist		winner	undergrad	
2016	1996	Sydney_Australia	First Runner Up	grand-prize	first-runner-up	winner	undergrad	
2016	1996	Sydney_Australia	Gold	medal	gold	winner		https://static.igem.org/websites/common/2023/icons/medal-flat.svg
2016	1898	TAS_Taipei	Best Education & Public Engagement	special		winner	high-school	
2016	1898	TAS_Taipei	Best Integrated Human Practices	special		nominee	high-school	
2016	1898	TAS_Taipei	Best Model	special		winner	high-school	
2016	1898	TAS_Taipei	Best Part Collection	special		winner	high-school	
2016	1898	TAS_Taipei	Best Poster	special		nominee	high-school	
2016	1898	TAS_Taipei	Best Wiki	special		nominee	high-school	
2016	1898	TAS_Taipei	Gold	medal	gold	winner		https://static.igem.org/websites/common/2023/icons/medal-flat.svg
2016	2011	TCU_Taiwan						
2016	1903	TEC-Costa_Rica	Silver	medal	silver	winner		https://static.igem.org/websites/common/2023/icons/medal-silver-flat.svg
2016	2081	TEC_GenetiX_CCM						
2016	1921	TJUSLS_China	Best Environment Project	village		winner	overgrad	
2016	1921	TJUSLS_China	Best Model	special		nominee	overgrad	
2016	1921	TJUSLS_China	Best New Basic Part	special		nominee	overgrad	
2016	1921	TJUSLS_China	Best New Composite Part	special		nominee	overgrad	
2016	1921	TJUSLS_China	Best Part Collection	special		nominee	overgrad	
2016	1921	TJUSLS_China	Gold	medal	gold	winner		https://static.igem.org/websites/common/2023/icons/medal-flat.svg
2016	1887	TMMU_China	Gold	medal	gold	winner		https://static.igem.org/websites/common/2023/icons/medal-flat.svg
2016	2090	TP_CC_SanDiego						
2016	2065	TU-Eindhoven	Best Model	special		nominee	undergrad	
2016	2065	TU-Eindhoven	Best New Application Project	village		nominee	undergrad	https://static.igem.org/websites/common/2022/icons/village/newapplication.svg
2016	2065	TU-Eindhoven	Best New Basic Part	special		nominee	undergrad	
2016	2065	TU-Eindhoven	Gold	medal	gold	winner		https://static.igem.org/websites/common/2023/icons/medal-flat.svg
2016	1976	TU_Darmstadt	Silver	medal	silver	winner		https://static.igem.org/websites/common/2023/icons/medal-silver-flat.svg
2016	1890	TU_Delft	Best Model	special		winner	overgrad	
2016	1890	TU_Delft	Best New Application Project	village		winner	overgrad	https://static.igem.org/websites/common/2022/icons/village/newapplication.svg
2016	1890	TU_Delft	Best New Composite Part	special		winner	overgrad	
2016	1890	TU_Delft	Best Wiki	special		nominee	overgrad	
2016	1890	TU_Delft	Gold	medal	gold	winner		https://static.igem.org/websites/common/2023/icons/medal-flat.svg
2016	2069	Tec-Chihuahua	Bronze	medal	bronze	winner		https://static.igem.org/websites/common/2023/icons/medal-bronze-flat.svg
2016	2055	Tec-Monterrey	Gold	medal	gold	winner		https://static.igem.org/websites/common/2023/icons/medal-flat.svg
2016	1904	TecCEM	Bronze	medal	bronze	winner		https://static.igem.org/websites/common/2023/icons/medal-bronze-flat.svg
2016	1905	TecCEM_HS	Bronze	medal	bronze	winner		https://static.igem.org/websites/common/2023/icons/medal-bronze-flat.svg
2016	1992	Technion_Israel	Gold	medal	gold	winner		https://static.igem.org/websites/common/2023/icons/medal-flat.svg
2016	2061	Tel-Hai	Best Education & Public Engagement	special		winner	overgrad	
2016	2061	Tel-Hai	Best Integrated Human Practices	special		nominee	overgrad	
2016	2061	Tel-Hai	Best Presentation	special		winner	overgrad	
2016	2061	Tel-Hai	Best Therapeutics Project	village		winner	overgrad	
2016	2061	Tel-Hai	Bronze	medal	bronze	winner		https://static.igem.org/websites/common/2023/icons/medal-bronze-flat.svg
2016	2110	Tianjin	Best Environment Project	village		nominee	undergrad	
2016	2110	Tianjin	Gold	medal	gold	winner		https://static.igem.org/websites/common/2023/icons/medal-flat.svg
2016	1949	Tokyo_Tech	Gold	medal	gold	winner		https://static.igem.org/websites/common/2023/icons/medal-flat.svg
2016	1922	Tongji_Shanghai	Silver	medal	silver	winner		https://static.igem.org/websites/common/2023/icons/medal-silver-flat.svg
2016	2048	Toronto	Bronze	medal	bronze	winner		https://static.igem.org/websites/common/2023/icons/medal-bronze-flat.svg
2016	1937	Toulouse_France	Best Integrated Human Practices	special		nominee	overgrad	
2016	1937	Toulouse_France	Gold	medal	gold	winner		https://static.igem.org/websites/common/2023/icons/medal-flat.svg
2016	1984	TrinityCollegeDublin						
2016	1923	Tsinghua	Gold	medal	gold	winner		https://static.igem.org/websites/common/2023/icons/medal-flat.svg
2016	1918	Tsinghua-A						
2016	1882	Tuebingen	Bronze	medal	bronze	winner		https://static.igem.org/websites/common/2023/icons/medal-bronze-flat.svg
2016	2087	Tufts	Bronze	medal	bronze	winner		https://static.igem.org/websites/common/2023/icons/medal-bronze-flat.svg
2016	2014	UAM_Poznan	Best Manufacturing Project	village		winner	undergrad	
2016	2014	UAM_Poznan	Best Part Collection	special		nominee	undergrad	
2016	2014	UAM_Poznan	Gold	medal	gold	winner		https://static.igem.org/websites/common/2023/icons/medal-flat.svg
2016	2029	UBonn_HBRS	Best Poster	special		nominee	undergrad	
2016	2029	UBonn_HBRS	Silver	medal	silver	winner		https://static.igem.org/websites/common/2023/icons/medal-silver-flat.svg
2016	2150	UCAS	Silver	medal	silver	winner		https://static.igem.org/websites/common/2023/icons/medal-silver-flat.svg
2016	2002	UCC_Ireland	Gold	medal	gold	winner		https://static.igem.org/websites/common/2023/icons/medal-flat.svg
2016	1954	UCL	Best Entrepreneurship	special		nominee	undergrad	
2016	1954	UCL	Best New Composite Part	special		nominee	undergrad	
2016	1954	UCL	Best Therapeutics Project	village		nominee	undergrad	
2016	1954	UCL	Gold	medal	gold	winner		https://static.igem.org/websites/common/2023/icons/medal-flat.svg
2016	2068	UCLA	Best Part Collection	special		nominee	undergrad	
2016	2068	UCLA	Best Presentation	special		nominee	undergrad	
2016	2068	UCLA	Best Therapeutics Project	village		nominee	undergrad	
2016	2068	UCLA	Best Wiki	special		nominee	undergrad	
2016	2068	UCLA	Gold	medal	gold	winner		https://static.igem.org/websites/common/2023/icons/medal-flat.svg
2016	2093	UCLouvain	Bronze	medal	bronze	winner		https://static.igem.org/websites/common/2023/icons/medal-bronze-flat.svg
2016	2071	UCSC	Best Education & Public Engagement	special		nominee	overgrad	
2016	2071	UCSC	Silver	medal	silver	winner		https://static.igem.org/websites/common/2023/icons/medal-silver-flat.svg
2016	1916	UC_Davis	Gold	medal	gold	winner		https://static.igem.org/websites/common/2023/icons/medal-flat.svg
2016	2085	UC_San_Diego						
2016	2176	UChicago	Bronze	medal	bronze	winner		https://static.igem.org/websites/common/2023/icons/medal-bronze-flat.svg
2016	1953	UConn	Bronze	medal	bronze	winner		https://static.igem.org/websites/common/2023/icons/medal-bronze-flat.svg
2016	2013	UESTC-China	Best Energy Project	village		nominee	underover	
2016	2013	UESTC-China	Gold	medal	gold	winner		https://static.igem.org/websites/common/2023/icons/medal-flat.svg
2016	2025	UESTC-software	Gold	medal	gold	winner		https://static.igem.org/websites/common/2023/icons/medal-flat.svg
2016	2123	UFAM-UEA_Brazil	Silver	medal	silver	winner		https://static.igem.org/websites/common/2023/icons/medal-silver-flat.svg
2016	1939	UGA-Georgia	Silver	medal	silver	winner		https://static.igem.org/websites/common/2023/icons/medal-silver-flat.svg
2016	1896	UGent_Belgium	Best Measurement	special		nominee	overgrad	
2016	1896	UGent_Belgium	Gold	medal	gold	winner		https://static.igem.org/websites/common/2023/icons/medal-flat.svg
2016	2050	UI-Indonesia	Bronze	medal	bronze	winner		https://static.igem.org/websites/common/2023/icons/medal-bronze-flat.svg
2016	1987	UIUC_Illinois	Bronze	medal	bronze	winner		https://static.igem.org/websites/common/2023/icons/medal-bronze-flat.svg
2016	2007	ULV-LC-CV	Silver	medal	silver	winner		https://static.igem.org/websites/common/2023/icons/medal-silver-flat.svg
2016	2032	UMaryland	Best Hardware	special		nominee	undergrad	
2016	2032	UMaryland	Silver	medal	silver	winner		https://static.igem.org/websites/common/2023/icons/medal-silver-flat.svg
2016	2138	UMass-Dartmouth						
2016	2063	UNC-Chapel_Hill						
2016	2076	UNH_Durham						
2016	1975	UNIK_Copenhagen	Bronze	medal	bronze	winner		https://static.igem.org/websites/common/2023/icons/medal-bronze-flat.svg
2016	2022	UNSW_Australia	Gold	medal	gold	winner		https://static.igem.org/websites/common/2023/icons/medal-flat.svg
2016	2086	UNebraska-Lincoln	Silver	medal	silver	winner		https://static.igem.org/websites/common/2023/icons/medal-silver-flat.svg
2016	2118	UPF-CRG_Barcelona	Bronze	medal	bronze	winner		https://static.igem.org/websites/common/2023/icons/medal-bronze-flat.svg
2016	2180	UPMC-Paris	Bronze	medal	bronze	winner		https://static.igem.org/websites/common/2023/icons/medal-bronze-flat.svg
2016	1973	UPO-Sevilla	Gold	medal	gold	winner		https://static.igem.org/websites/common/2023/icons/medal-flat.svg
2016	2147	USNA-Annapolis						
2016	2149	USP-EEL-Brazil	Bronze	medal	bronze	winner		https://static.igem.org/websites/common/2023/icons/medal-bronze-flat.svg
2016	2136	USP_UNIFESP-Brazil	Silver	medal	silver	winner		https://static.igem.org/websites/common/2023/icons/medal-silver-flat.svg
2016	2009	USTC	Silver	medal	silver	winner		https://static.igem.org/websites/common/2023/icons/medal-silver-flat.svg
2016	2001	USTC-Software	Gold	medal	gold	winner		https://static.igem.org/websites/common/2023/icons/medal-flat.svg
2016	2072	UST_Beijing	Bronze	medal	bronze	winner		https://static.igem.org/websites/common/2023/icons/medal-bronze-flat.svg
2016	1966	UT-Knoxville	Gold	medal	gold	winner		https://static.igem.org/websites/common/2023/icons/medal-flat.svg
2016	2070	UT-Tokyo	Silver	medal	silver	winner		https://static.igem.org/websites/common/2023/icons/medal-silver-flat.svg
2016	1927	UiOslo_Norway	Gold	medal	gold	winner		https://static.igem.org/websites/common/2023/icons/medal-flat.svg
2016	2024	UoA_NewZealand						
2016	2008	UofC_Calgary	Best Applied Design	special		nominee	undergrad	
2016	2008	UofC_Calgary	Best Integrated Human Practices	special		winner	undergrad	
2016	2008	UofC_Calgary	Gold	medal	gold	winner		https://static.igem.org/websites/common/2023/icons/medal-flat.svg
2016	2003	Uppsala	Best Hardware Project	village		winner	underover	
2016	2003	Uppsala	Gold	medal	gold	winner		https://static.igem.org/websites/common/2023/icons/medal-flat.svg
2016	2179	UrbanTundra_Edmonton	Best Poster	special		winner	high-school	
2016	2179	UrbanTundra_Edmonton	Best Presentation	special		winner	high-school	
2016	2179	UrbanTundra_Edmonton	Best Wiki	special		winner	high-school	
2016	2179	UrbanTundra_Edmonton	Bronze	medal	bronze	winner		https://static.igem.org/websites/common/2023/icons/medal-bronze-flat.svg
2016	2017	Valencia_UPV	Best Hardware	special		winner	undergrad	
2016	2017	Valencia_UPV	Best Software Tool	special		winner	undergrad	
2016	2017	Valencia_UPV	Gold	medal	gold	winner		https://static.igem.org/websites/common/2023/icons/medal-flat.svg
2016	2005	Vanderbilt	Silver	medal	silver	winner		https://static.igem.org/websites/common/2023/icons/medal-silver-flat.svg
2016	2006	Vanderbilt_Software						
2016	1983	Vilnius-Lithuania	Best Therapeutics Project	village		nominee	undergrad	
2016	1983	Vilnius-Lithuania	Gold	medal	gold	winner		https://static.igem.org/websites/common/2023/icons/medal-flat.svg
2016	1879	Virginia	Gold	medal	gold	winner		https://static.igem.org/websites/common/2023/icons/medal-flat.svg
2016	1900	WLC-Milwaukee	Silver	medal	silver	winner		https://static.igem.org/websites/common/2023/icons/medal-silver-flat.svg
2016	2083	WPI_Worcester	Silver	medal	silver	winner		https://static.igem.org/websites/common/2023/icons/medal-silver-flat.svg
2016	1913	Wageningen_UR	Best Applied Design	special		nominee	overgrad	
2016	1913	Wageningen_UR	Best Food & Nutrition Project	village		nominee	underover	
2016	1913	Wageningen_UR	Best Integrated Human Practices	special		nominee	overgrad	
2016	1913	Wageningen_UR	Best Model	special		nominee	overgrad	
2016	1913	Wageningen_UR	Best Poster	special		nominee	overgrad	
2016	1913	Wageningen_UR	Best Wiki	special		nominee	overgrad	
2016	1913	Wageningen_UR	Finalist	finalist		winner	overgrad	
2016	1913	Wageningen_UR	First Runner Up	grand-prize	first-runner-up	winner	overgrad	
2016	1913	Wageningen_UR	Gold	medal	gold	winner		https://static.igem.org/websites/common/2023/icons/medal-flat.svg
2016	1994	Warwick	Best Software Tool	special		nominee	undergrad	
2016	1994	Warwick	Silver	medal	silver	winner		https://static.igem.org/websites/common/2023/icons/medal-silver-flat.svg
2016	2135	WashU_StLouis	Silver	medal	silver	winner		https://static.igem.org/websites/common/2023/icons/medal-silver-flat.svg
2016	2165	Washington	Bronze	medal	bronze	winner		https://static.igem.org/websites/common/2023/icons/medal-bronze-flat.svg
2016	2137	Waterloo	Best Poster	special		winner	overgrad	
2016	2137	Waterloo	Gold	medal	gold	winner		https://static.igem.org/websites/common/2023/icons/medal-flat.svg
2016	1977	Westminster_UoW	Bronze	medal	bronze	winner		https://static.igem.org/websites/common/2023/icons/medal-bronze-flat.svg
2016	2066	William_and_Mary	Best Foundational Advance Project	village		nominee	undergrad	
2016	2066	William_and_Mary	Best Poster	special		nominee	undergrad	
2016	2066	William_and_Mary	Gold	medal	gold	winner		https://static.igem.org/websites/common/2023/icons/medal-flat.svg
2016	1906	XJTLU-CHINA	Silver	medal	silver	winner		https://static.igem.org/websites/common/2023/icons/medal-silver-flat.svg
2016	1960	XMU-China	Gold	medal	gold	winner		https://static.igem.org/websites/common/2023/icons/medal-flat.svg
2016	2121	Yale	Bronze	medal	bronze	winner		https://static.igem.org/websites/common/2023/icons/medal-bronze-flat.svg
2016	1886	ZJU-China	Silver	medal	silver	winner		https://static.igem.org/websites/common/2023/icons/medal-silver-flat.svg
2017	2217	AFCM-Egypt	Gold	medal	gold	winner		https://static.igem.org/websites/common/2023/icons/medal-flat.svg
2017	2459	AHUT_China						
2017	2270	AQA_Unesp	Gold	medal	gold	winner		https://static.igem.org/websites/common/2023/icons/medal-flat.svg
2017	2226	ASIJ_TOKYO	Bronze	medal	bronze	winner		https://static.igem.org/websites/common/2023/icons/medal-bronze-flat.svg
2017	2509	ASTWS-China						
2017	2225	Aachen	Best Environment Project	village		nominee	overgrad	
2017	2225	Aachen	Best Hardware	special		nominee	overgrad	
2017	2225	Aachen	Gold	medal	gold	winner		https://static.igem.org/websites/common/2023/icons/medal-flat.svg
2017	2342	Aalto-Helsinki	Best Applied Design	special		nominee	overgrad	
2017	2342	Aalto-Helsinki	Silver	medal	silver	winner		https://static.igem.org/websites/common/2023/icons/medal-silver-flat.svg
2017	2255	Aix-Marseille	Gold	medal	gold	winner		https://static.igem.org/websites/common/2023/icons/medal-flat.svg
2017	2457	Amazonas_Brazil	Silver	medal	silver	winner		https://static.igem.org/websites/common/2023/icons/medal-silver-flat.svg
2017	2385	Amsterdam	Bronze	medal	bronze	winner		https://static.igem.org/websites/common/2023/icons/medal-bronze-flat.svg
2017	2357	Arizona_State	Best New Basic Part	special		nominee	overgrad	
2017	2357	Arizona_State	Best Presentation	special		nominee	overgrad	
2017	2357	Arizona_State	Gold	medal	gold	winner		https://static.igem.org/websites/common/2023/icons/medal-flat.svg
2017	2252	AshesiGhana	Chairmans Prize	special		winner		
2017	2252	AshesiGhana	Silver	medal	silver	winner		https://static.igem.org/websites/common/2023/icons/medal-silver-flat.svg
2017	2253	Austin_UTexas	Gold	medal	gold	winner		https://static.igem.org/websites/common/2023/icons/medal-flat.svg
2017	2458	Austin_UTexas_LASA	Bronze	medal	bronze	winner		https://static.igem.org/websites/common/2023/icons/medal-bronze-flat.svg
2017	2371	BGIC-Union	Silver	medal	silver	winner		https://static.igem.org/websites/common/2023/icons/medal-silver-flat.svg
2017	2305	BIT	Gold	medal	gold	winner		https://static.igem.org/websites/common/2023/icons/medal-flat.svg
2017	2368	BIT-China	Silver	medal	silver	winner		https://static.igem.org/websites/common/2023/icons/medal-silver-flat.svg
2017	2326	BNDS_China	Best Education & Public Engagement	special		nominee	high-school	
2017	2326	BNDS_China	Best Integrated Human Practices	special		nominee	high-school	
2017	2326	BNDS_China	Best Model	special		nominee	high-school	
2017	2326	BNDS_China	Best Presentation	special		nominee	high-school	
2017	2326	BNDS_China	Best Wiki	special		nominee	high-school	
2017	2326	BNDS_China	Gold	medal	gold	winner		https://static.igem.org/websites/common/2023/icons/medal-flat.svg
2017	2220	BNU-China	Bronze	medal	bronze	winner		https://static.igem.org/websites/common/2023/icons/medal-bronze-flat.svg
2017	2294	BOKU-Vienna	Silver	medal	silver	winner		https://static.igem.org/websites/common/2023/icons/medal-silver-flat.svg
2017	2436	Baltimore_Bio-Crew	Bronze	medal	bronze	winner		https://static.igem.org/websites/common/2023/icons/medal-bronze-flat.svg
2017	2482	Berlin_diagnostX	Best Education & Public Engagement	special		nominee	overgrad	
2017	2482	Berlin_diagnostX	Best Integrated Human Practices	special		nominee	overgrad	
2017	2482	Berlin_diagnostX	Best Presentation	special		nominee	overgrad	
2017	2482	Berlin_diagnostX	Gold	medal	gold	winner		https://static.igem.org/websites/common/2023/icons/medal-flat.svg
2017	2201	Bielefeld-CeBiTec	Best Foundational Advance Project	village		winner	overgrad	
2017	2201	Bielefeld-CeBiTec	Best Hardware	special		nominee	overgrad	
2017	2201	Bielefeld-CeBiTec	Best New Basic Part	special		winner	overgrad	
2017	2201	Bielefeld-CeBiTec	Best New Composite Part	special		nominee	overgrad	
2017	2201	Bielefeld-CeBiTec	Best Part Collection	special		nominee	overgrad	
2017	2201	Bielefeld-CeBiTec	Best Software Tool	special		nominee	overgrad	
2017	2201	Bielefeld-CeBiTec	Gold	medal	gold	winner		https://static.igem.org/websites/common/2023/icons/medal-flat.svg
2017	2234	Bilkent-UNAMBG	Bronze	medal	bronze	winner		https://static.igem.org/websites/common/2023/icons/medal-bronze-flat.svg
2017	2307	Bordeaux	Bronze	medal	bronze	winner		https://static.igem.org/websites/common/2023/icons/medal-bronze-flat.svg
2017	2411	BostonU	Silver	medal	silver	winner		https://static.igem.org/websites/common/2023/icons/medal-silver-flat.svg
2017	2409	BostonU_HW	Best Hardware Project	village		winner	underover	
2017	2409	BostonU_HW	Gold	medal	gold	winner		https://static.igem.org/websites/common/2023/icons/medal-flat.svg
2017	2337	Botchan_Lab_Tokyo	Bronze	medal	bronze	winner		https://static.igem.org/websites/common/2023/icons/medal-bronze-flat.svg
2017	2293	Bristol	Bronze	medal	bronze	winner		https://static.igem.org/websites/common/2023/icons/medal-bronze-flat.svg
2017	2433	British_Columbia	Best Environment Project	village		nominee	undergrad	
2017	2433	British_Columbia	Best Model	special		nominee	undergrad	
2017	2433	British_Columbia	Silver	medal	silver	winner		https://static.igem.org/websites/common/2023/icons/medal-silver-flat.svg
2017	2515	Bulgaria	Silver	medal	silver	winner		https://static.igem.org/websites/common/2023/icons/medal-silver-flat.svg
2017	2465	CAPS_Kansas						
2017	2491	CCA_San_Diego	Best New Composite Part	special		nominee	high-school	
2017	2491	CCA_San_Diego	Best Part Collection	special		winner	high-school	
2017	2491	CCA_San_Diego	Best Poster	special		winner	high-school	
2017	2491	CCA_San_Diego	Best Presentation	special		nominee	high-school	
2017	2292	CCU_Taiwan	Best Entrepreneurship	special		nominee	undergrad	
2017	2292	CCU_Taiwan	Silver	medal	silver	winner		https://static.igem.org/websites/common/2023/icons/medal-silver-flat.svg
2017	2376	CGU_Taiwan	Bronze	medal	bronze	winner		https://static.igem.org/websites/common/2023/icons/medal-bronze-flat.svg
2017	2281	CIEI-BJ						
2017	2322	CIEI-China						
2017	2206	CLSB-UK	Best Education & Public Engagement	special		nominee	high-school	
2017	2206	CLSB-UK	Best Hardware	special		winner	high-school	
2017	2206	CLSB-UK	Best Integrated Human Practices	special		winner	high-school	
2017	2206	CLSB-UK	Best Model	special		nominee	high-school	
2017	2206	CLSB-UK	Best New Composite Part	special		winner	high-school	
2017	2206	CLSB-UK	Best Software Tool	special		winner	high-school	
2017	2206	CLSB-UK	Best Wiki	special		nominee	high-school	
2017	2206	CLSB-UK	Gold	medal	gold	winner		https://static.igem.org/websites/common/2023/icons/medal-flat.svg
2017	2467	CMUQ	Bronze	medal	bronze	winner		https://static.igem.org/websites/common/2023/icons/medal-bronze-flat.svg
2017	2506	CPU_CHINA	Gold	medal	gold	winner		https://static.igem.org/websites/common/2023/icons/medal-flat.svg
2017	2382	CSMU_NCHU_Taiwan	Best Entrepreneurship	special		nominee	undergrad	
2017	2382	CSMU_NCHU_Taiwan	Best Food & Nutrition Project	village		nominee	underover	
2017	2382	CSMU_NCHU_Taiwan	Best Wiki	special		nominee	undergrad	
2017	2382	CSMU_NCHU_Taiwan	Gold	medal	gold	winner		https://static.igem.org/websites/common/2023/icons/medal-flat.svg
2017	2204	CSU_Fort_Collins						
2017	2249	CU-Boulder	Silver	medal	silver	winner		https://static.igem.org/websites/common/2023/icons/medal-silver-flat.svg
2017	2248	Cadets2Vets	Bronze	medal	bronze	winner		https://static.igem.org/websites/common/2023/icons/medal-bronze-flat.svg
2017	2260	Calgary	Best Manufacturing Project	village		nominee	undergrad	
2017	2260	Calgary	Gold	medal	gold	winner		https://static.igem.org/websites/common/2023/icons/medal-flat.svg
2017	2404	Cardiff_Wales	Best Therapeutics Project	village		nominee	undergrad	
2017	2329	Chalmers-Gothenburg	Silver	medal	silver	winner		https://static.igem.org/websites/common/2023/icons/medal-silver-flat.svg
2017	2498	ColegioFDR_Peru						
2017	2271	Cologne-Duesseldorf	Best Foundational Advance Project	village		nominee	overgrad	
2017	2271	Cologne-Duesseldorf	Best Model	special		nominee	overgrad	
2017	2271	Cologne-Duesseldorf	Best Presentation	special		nominee	overgrad	
2017	2271	Cologne-Duesseldorf	Bronze	medal	bronze	winner		https://static.igem.org/websites/common/2023/icons/medal-bronze-flat.svg
2017	2412	ColumbiaNYC	Silver	medal	silver	winner		https://static.igem.org/websites/common/2023/icons/medal-silver-flat.svg
2017	2296	Cornell	Best Entrepreneurship	special		winner	undergrad	
2017	2296	Cornell	Gold	medal	gold	winner		https://static.igem.org/websites/common/2023/icons/medal-flat.svg
2017	2441	DEIAGRA	Bronze	medal	bronze	winner		https://static.igem.org/websites/common/2023/icons/medal-bronze-flat.svg
2017	2355	DTU-Denmark	Silver	medal	silver	winner		https://static.igem.org/websites/common/2023/icons/medal-silver-flat.svg
2017	2331	Dalhousie	Bronze	medal	bronze	winner		https://static.igem.org/websites/common/2023/icons/medal-bronze-flat.svg
2017	2435	Dartmouth						
2017	2444	Delaware						
2017	2410	Delgado-Ivy-Marin						
2017	2464	Duke						
2017	2308	ECUST	Gold	medal	gold	winner		https://static.igem.org/websites/common/2023/icons/medal-flat.svg
2017	2203	EPFL	Best Diagnostics Project	village		nominee	undergrad	https://static.igem.org/websites/common/2025/icons/villages/diagnostics.svg
2017	2203	EPFL	Best Education & Public Engagement	special		winner	undergrad	
2017	2203	EPFL	Best Integrated Human Practices	special		nominee	undergrad	
2017	2203	EPFL	Best New Basic Part	special		nominee	undergrad	
2017	2203	EPFL	Best Software Tool	special		nominee	undergrad	
2017	2203	EPFL	Gold	medal	gold	winner		https://static.igem.org/websites/common/2023/icons/medal-flat.svg
2017	2500	ETH_Zurich	Best Model	special		winner	overgrad	
2017	2500	ETH_Zurich	Best New Basic Part	special		nominee	overgrad	
2017	2500	ETH_Zurich	Best Poster	special		winner	overgrad	
2017	2500	ETH_Zurich	Best Therapeutics Project	village		nominee	overgrad	
2017	2500	ETH_Zurich	Gold	medal	gold	winner		https://static.igem.org/websites/common/2023/icons/medal-flat.svg
2017	2290	East_Chapel_Hill	Best Measurement	special		winner	high-school	
2017	2290	East_Chapel_Hill	Best Poster	special		nominee	high-school	
2017	2330	Edinburgh_OG	Best Therapeutics Project	village		winner	overgrad	
2017	2330	Edinburgh_OG	Best Wiki	special		nominee	overgrad	
2017	2330	Edinburgh_OG	Gold	medal	gold	winner		https://static.igem.org/websites/common/2023/icons/medal-flat.svg
2017	2406	Edinburgh_UG	Best Measurement	special		nominee	undergrad	
2017	2406	Edinburgh_UG	Gold	medal	gold	winner		https://static.igem.org/websites/common/2023/icons/medal-flat.svg
2017	2487	Emory	Bronze	medal	bronze	winner		https://static.igem.org/websites/common/2023/icons/medal-bronze-flat.svg
2017	2511	EpiphanyNYC	Bronze	medal	bronze	winner		https://static.igem.org/websites/common/2023/icons/medal-bronze-flat.svg
2017	2448	Evry_Paris-Saclay	Gold	medal	gold	winner		https://static.igem.org/websites/common/2023/icons/medal-flat.svg
2017	2193	Example						
2017	2324	Exeter	Best Applied Design	special		winner	overgrad	
2017	2324	Exeter	Best Environment Project	village		winner	overgrad	
2017	2324	Exeter	Gold	medal	gold	winner		https://static.igem.org/websites/common/2023/icons/medal-flat.svg
2017	2384	FAFU-CHINA	Bronze	medal	bronze	winner		https://static.igem.org/websites/common/2023/icons/medal-bronze-flat.svg
2017	2367	FSU	Bronze	medal	bronze	winner		https://static.igem.org/websites/common/2023/icons/medal-bronze-flat.svg
2017	2523	Florida_Atlantic	Bronze	medal	bronze	winner		https://static.igem.org/websites/common/2023/icons/medal-bronze-flat.svg
2017	2419	Franconia	Silver	medal	silver	winner		https://static.igem.org/websites/common/2023/icons/medal-silver-flat.svg
2017	2295	Freiburg	Best New Basic Part	special		nominee	overgrad	
2017	2295	Freiburg	Best Wiki	special		nominee	overgrad	
2017	2295	Freiburg	Gold	medal	gold	winner		https://static.igem.org/websites/common/2023/icons/medal-flat.svg
2017	2446	Fudan	Best New Composite Part	special		nominee	undergrad	
2017	2446	Fudan	Best Part Collection	special		nominee	undergrad	
2017	2446	Fudan	Best Software Tool	special		nominee	undergrad	
2017	2446	Fudan	Best Therapeutics Project	village		winner	undergrad	
2017	2446	Fudan	Gold	medal	gold	winner		https://static.igem.org/websites/common/2023/icons/medal-flat.svg
2017	2460	Fudan_China	Silver	medal	silver	winner		https://static.igem.org/websites/common/2023/icons/medal-silver-flat.svg
2017	2415	GZHS-United	Gold	medal	gold	winner		https://static.igem.org/websites/common/2023/icons/medal-flat.svg
2017	2221	Gaston_Day_School						
2017	2524	Georgia_State	Best Integrated Human Practices	special		nominee	overgrad	
2017	2524	Georgia_State	Chairmans Prize	special		winner		
2017	2524	Georgia_State	Silver	medal	silver	winner		https://static.igem.org/websites/common/2023/icons/medal-silver-flat.svg
2017	2438	Gifu	Bronze	medal	bronze	winner		https://static.igem.org/websites/common/2023/icons/medal-bronze-flat.svg
2017	2442	Glasgow	Best Applied Design	special		nominee	undergrad	
2017	2442	Glasgow	Best Food & Nutrition Project	village		winner	underover	
2017	2442	Glasgow	Best Measurement	special		nominee	undergrad	
2017	2442	Glasgow	Best Part Collection	special		nominee	undergrad	
2017	2442	Glasgow	Best Wiki	special		nominee	undergrad	
2017	2442	Glasgow	Silver	medal	silver	winner		https://static.igem.org/websites/common/2023/icons/medal-silver-flat.svg
2017	2364	Greece	Best Therapeutics Project	village		nominee	undergrad	
2017	2364	Greece	Gold	medal	gold	winner		https://static.igem.org/websites/common/2023/icons/medal-flat.svg
2017	2299	Grenoble-Alpes	Gold	medal	gold	winner		https://static.igem.org/websites/common/2023/icons/medal-flat.svg
2017	2361	Groningen	Gold	medal	gold	winner		https://static.igem.org/websites/common/2023/icons/medal-flat.svg
2017	2304	HBUT-China	Silver	medal	silver	winner		https://static.igem.org/websites/common/2023/icons/medal-silver-flat.svg
2017	2346	HFLS_H2Z_Hangzhou	Silver	medal	silver	winner		https://static.igem.org/websites/common/2023/icons/medal-silver-flat.svg
2017	2466	HFUT-China	Gold	medal	gold	winner		https://static.igem.org/websites/common/2023/icons/medal-flat.svg
2017	2219	HK_SKHLPSS	Bronze	medal	bronze	winner		https://static.igem.org/websites/common/2023/icons/medal-bronze-flat.svg
2017	2336	HUST-China	Gold	medal	gold	winner		https://static.igem.org/websites/common/2023/icons/medal-flat.svg
2017	2381	HZAU-China	Best New Basic Part	special		nominee	undergrad	
2017	2381	HZAU-China	Gold	medal	gold	winner		https://static.igem.org/websites/common/2023/icons/medal-flat.svg
2017	2401	Hamburg	Silver	medal	silver	winner		https://static.igem.org/websites/common/2023/icons/medal-silver-flat.svg
2017	2251	Harvard	Bronze	medal	bronze	winner		https://static.igem.org/websites/common/2023/icons/medal-bronze-flat.svg
2017	2398	Heidelberg	Best Foundational Advance Project	village		winner	undergrad	
2017	2398	Heidelberg	Best Integrated Human Practices	special		winner	undergrad	
2017	2398	Heidelberg	Best Model	special		nominee	undergrad	
2017	2398	Heidelberg	Best New Basic Part	special		nominee	undergrad	
2017	2398	Heidelberg	Best New Composite Part	special		nominee	undergrad	
2017	2398	Heidelberg	Best Part Collection	special		nominee	undergrad	
2017	2398	Heidelberg	Best Poster	special		winner	undergrad	
2017	2398	Heidelberg	Best Presentation	special		winner	undergrad	
2017	2398	Heidelberg	Best Software Tool	special		winner	undergrad	
2017	2398	Heidelberg	Best Wiki	special		winner	undergrad	
2017	2398	Heidelberg	Finalist	finalist		winner	undergrad	
2017	2398	Heidelberg	Gold	medal	gold	winner		https://static.igem.org/websites/common/2023/icons/medal-flat.svg
2017	2398	Heidelberg	Second Runner Up	grand-prize	second-runner-up	winner	undergrad	
2017	2414	HokkaidoU_Japan	Bronze	medal	bronze	winner		https://static.igem.org/websites/common/2023/icons/medal-bronze-flat.svg
2017	2254	Hong_Kong-CUHK	Best Diagnostics Project	village		nominee	undergrad	https://static.igem.org/websites/common/2025/icons/villages/diagnostics.svg
2017	2254	Hong_Kong-CUHK	Gold	medal	gold	winner		https://static.igem.org/websites/common/2023/icons/medal-flat.svg
2017	2202	Hong_Kong_HKU	Bronze	medal	bronze	winner		https://static.igem.org/websites/common/2023/icons/medal-bronze-flat.svg
2017	2240	Hong_Kong_HKUST	Gold	medal	gold	winner		https://static.igem.org/websites/common/2023/icons/medal-flat.svg
2017	2197	Hong_Kong_UCCKE						
2017	2479	ICT-Mumbai	Bronze	medal	bronze	winner		https://static.igem.org/websites/common/2023/icons/medal-bronze-flat.svg
2017	2320	IISER-Mohali-INDIA	Bronze	medal	bronze	winner		https://static.igem.org/websites/common/2023/icons/medal-bronze-flat.svg
2017	2258	IISER-Pune-India	Silver	medal	silver	winner		https://static.igem.org/websites/common/2023/icons/medal-silver-flat.svg
2017	2319	IISc-Bangalore	Best Hardware	special		nominee	undergrad	
2017	2319	IISc-Bangalore	Gold	medal	gold	winner		https://static.igem.org/websites/common/2023/icons/medal-flat.svg
2017	2318	IIT-Madras	Silver	medal	silver	winner		https://static.igem.org/websites/common/2023/icons/medal-silver-flat.svg
2017	2525	IIT_Delhi	Bronze	medal	bronze	winner		https://static.igem.org/websites/common/2023/icons/medal-bronze-flat.svg
2017	2278	INSA-UPS_France	Best Applied Design	special		winner	undergrad	
2017	2278	INSA-UPS_France	Best Education & Public Engagement	special		nominee	undergrad	
2017	2278	INSA-UPS_France	Best Entrepreneurship	special		nominee	undergrad	
2017	2278	INSA-UPS_France	Best Information Processing Project	village		winner	underover	https://static.igem.org/websites/common/2022/icons/village/informationprocessing.svg
2017	2278	INSA-UPS_France	Best Integrated Human Practices	special		nominee	undergrad	
2017	2278	INSA-UPS_France	Best New Basic Part	special		nominee	undergrad	
2017	2278	INSA-UPS_France	Best Presentation	special		nominee	undergrad	
2017	2278	INSA-UPS_France	Best Wiki	special		nominee	undergrad	
2017	2278	INSA-UPS_France	Gold	medal	gold	winner		https://static.igem.org/websites/common/2023/icons/medal-flat.svg
2017	2282	IONIS-PARIS	Best Education & Public Engagement	special		nominee	overgrad	
2017	2282	IONIS-PARIS	Best Food & Nutrition Project	village		nominee	underover	
2017	2282	IONIS-PARIS	Best New Composite Part	special		nominee	overgrad	
2017	2282	IONIS-PARIS	Gold	medal	gold	winner		https://static.igem.org/websites/common/2023/icons/medal-flat.svg
2017	2378	ITB_Indonesia	Bronze	medal	bronze	winner		https://static.igem.org/websites/common/2023/icons/medal-bronze-flat.svg
2017	2358	JNFLS	Bronze	medal	bronze	winner		https://static.igem.org/websites/common/2023/icons/medal-bronze-flat.svg
2017	2317	Jilin_China	Silver	medal	silver	winner		https://static.igem.org/websites/common/2023/icons/medal-silver-flat.svg
2017	2245	Judd_UK	Best Education & Public Engagement	special		winner	high-school	
2017	2245	Judd_UK	Best Model	special		winner	high-school	
2017	2245	Judd_UK	Best Wiki	special		nominee	high-school	
2017	2245	Judd_UK	Silver	medal	silver	winner		https://static.igem.org/websites/common/2023/icons/medal-silver-flat.svg
2017	2335	KAIT_JAPAN	Bronze	medal	bronze	winner		https://static.igem.org/websites/common/2023/icons/medal-bronze-flat.svg
2017	2437	KUAS_Korea	Bronze	medal	bronze	winner		https://static.igem.org/websites/common/2023/icons/medal-bronze-flat.svg
2017	2263	KU_Leuven	Best New Application Project	village		winner	undergrad	https://static.igem.org/websites/common/2022/icons/village/newapplication.svg
2017	2263	KU_Leuven	Bronze	medal	bronze	winner		https://static.igem.org/websites/common/2023/icons/medal-bronze-flat.svg
2017	2340	Kent	Best Poster	special		winner	undergrad	
2017	2340	Kent	Bronze	medal	bronze	winner		https://static.igem.org/websites/common/2023/icons/medal-bronze-flat.svg
2017	2268	Kingsborough_NY	Bronze	medal	bronze	winner		https://static.igem.org/websites/common/2023/icons/medal-bronze-flat.svg
2017	2233	Kobe	Silver	medal	silver	winner		https://static.igem.org/websites/common/2023/icons/medal-silver-flat.svg
2017	2403	Kyoto	Silver	medal	silver	winner		https://static.igem.org/websites/common/2023/icons/medal-silver-flat.svg
2017	2478	LUBBOCK_TTU	Bronze	medal	bronze	winner		https://static.igem.org/websites/common/2023/icons/medal-bronze-flat.svg
2017	2353	Lambert_GA	Bronze	medal	bronze	winner		https://static.igem.org/websites/common/2023/icons/medal-bronze-flat.svg
2017	2377	Lanzhou	Bronze	medal	bronze	winner		https://static.igem.org/websites/common/2023/icons/medal-bronze-flat.svg
2017	2443	Lethbridge	Best Education & Public Engagement	special		nominee	overgrad	
2017	2443	Lethbridge	Best Integrated Human Practices	special		nominee	overgrad	
2017	2443	Lethbridge	Best Software Tool	special		nominee	overgrad	
2017	2443	Lethbridge	Gold	medal	gold	winner		https://static.igem.org/websites/common/2023/icons/medal-flat.svg
2017	2481	Lethbridge_HS	Silver	medal	silver	winner		https://static.igem.org/websites/common/2023/icons/medal-silver-flat.svg
2017	2474	Linkoping_Sweden	Silver	medal	silver	winner		https://static.igem.org/websites/common/2023/icons/medal-silver-flat.svg
2017	2266	Lund	Best Model	special		nominee	overgrad	
2017	2266	Lund	Bronze	medal	bronze	winner		https://static.igem.org/websites/common/2023/icons/medal-bronze-flat.svg
2017	2429	MIT	Bronze	medal	bronze	winner		https://static.igem.org/websites/common/2023/icons/medal-bronze-flat.svg
2017	2405	MSU-Michigan	Silver	medal	silver	winner		https://static.igem.org/websites/common/2023/icons/medal-silver-flat.svg
2017	2300	Macquarie_Australia	Best Energy Project	village		winner	underover	
2017	2300	Macquarie_Australia	Best Entrepreneurship	special		nominee	overgrad	
2017	2300	Macquarie_Australia	Gold	medal	gold	winner		https://static.igem.org/websites/common/2023/icons/medal-flat.svg
2017	2213	Manchester	Best Environment Project	village		nominee	overgrad	
2017	2213	Manchester	Gold	medal	gold	winner		https://static.igem.org/websites/common/2023/icons/medal-flat.svg
2017	2238	ManhattanCol_Bronx	Bronze	medal	bronze	winner		https://static.igem.org/websites/common/2023/icons/medal-bronze-flat.svg
2017	2470	McMasterU	Bronze	medal	bronze	winner		https://static.igem.org/websites/common/2023/icons/medal-bronze-flat.svg
2017	2493	McMaster_II	Bronze	medal	bronze	winner		https://static.igem.org/websites/common/2023/icons/medal-bronze-flat.svg
2017	2395	Melbourne						
2017	2301	Michigan	Bronze	medal	bronze	winner		https://static.igem.org/websites/common/2023/icons/medal-bronze-flat.svg
2017	2274	Michigan_Software	Gold	medal	gold	winner		https://static.igem.org/websites/common/2023/icons/medal-flat.svg
2017	2230	Mingdao	Best Applied Design	special		winner	high-school	
2017	2230	Mingdao	Best Education & Public Engagement	special		nominee	high-school	
2017	2230	Mingdao	Best Integrated Human Practices	special		nominee	high-school	
2017	2230	Mingdao	Best New Basic Part	special		winner	high-school	
2017	2230	Mingdao	Best New Composite Part	special		nominee	high-school	
2017	2230	Mingdao	Gold	medal	gold	winner		https://static.igem.org/websites/common/2023/icons/medal-flat.svg
2017	2375	Minnesota						
2017	2362	Missouri_Rolla	Silver	medal	silver	winner		https://static.igem.org/websites/common/2023/icons/medal-silver-flat.svg
2017	2488	Moscow_RF						
2017	2323	Munich	Best Applied Design	special		winner	overgrad	
2017	2323	Munich	Best Diagnostics Project	village		winner	overgrad	https://static.igem.org/websites/common/2025/icons/villages/diagnostics.svg
2017	2323	Munich	Best Education & Public Engagement	special		nominee	overgrad	
2017	2323	Munich	Best Hardware	special		winner	overgrad	
2017	2323	Munich	Best Integrated Human Practices	special		nominee	overgrad	
2017	2323	Munich	Best Measurement	special		nominee	overgrad	
2017	2323	Munich	Best Model	special		winner	overgrad	
2017	2323	Munich	Best New Composite Part	special		nominee	overgrad	
2017	2323	Munich	Best Part Collection	special		nominee	overgrad	
2017	2323	Munich	Best Poster	special		nominee	overgrad	
2017	2323	Munich	Best Presentation	special		nominee	overgrad	
2017	2323	Munich	Best Software Tool	special		winner	overgrad	
2017	2323	Munich	Best Wiki	special		nominee	overgrad	
2017	2323	Munich	Finalist	finalist		winner	overgrad	
2017	2323	Munich	First Runner Up	grand-prize	first-runner-up	winner	overgrad	
2017	2323	Munich	Gold	medal	gold	winner		https://static.igem.org/websites/common/2023/icons/medal-flat.svg
2017	2365	NAU-CHINA	Gold	medal	gold	winner		https://static.igem.org/websites/common/2023/icons/medal-flat.svg
2017	2348	NAWI_Graz	Silver	medal	silver	winner		https://static.igem.org/websites/common/2023/icons/medal-silver-flat.svg
2017	2275	NCKU_Tainan	Best Environment Project	village		winner	undergrad	
2017	2275	NCKU_Tainan	Gold	medal	gold	winner		https://static.igem.org/websites/common/2023/icons/medal-flat.svg
2017	2262	NCTU_Formosa	Gold	medal	gold	winner		https://static.igem.org/websites/common/2023/icons/medal-flat.svg
2017	2302	NEFU_China	Gold	medal	gold	winner		https://static.igem.org/websites/common/2023/icons/medal-flat.svg
2017	2288	NEU-China	Bronze	medal	bronze	winner		https://static.igem.org/websites/common/2023/icons/medal-bronze-flat.svg
2017	2473	NIPER-Guwahati						
2017	2208	NJU-China	Silver	medal	silver	winner		https://static.igem.org/websites/common/2023/icons/medal-silver-flat.svg
2017	2280	NKU_China	Gold	medal	gold	winner		https://static.igem.org/websites/common/2023/icons/medal-flat.svg
2017	2347	NPU-China	Bronze	medal	bronze	winner		https://static.igem.org/websites/common/2023/icons/medal-bronze-flat.svg
2017	2354	NTHU_Taiwan	Silver	medal	silver	winner		https://static.igem.org/websites/common/2023/icons/medal-silver-flat.svg
2017	2265	NTNU_Trondheim	Gold	medal	gold	winner		https://static.igem.org/websites/common/2023/icons/medal-flat.svg
2017	2316	NTU_SINGAPORE	Gold	medal	gold	winner		https://static.igem.org/websites/common/2023/icons/medal-flat.svg
2017	2440	NUDT_CHINA	Gold	medal	gold	winner		https://static.igem.org/websites/common/2023/icons/medal-flat.svg
2017	2447	NUS_Singapore	Gold	medal	gold	winner		https://static.igem.org/websites/common/2023/icons/medal-flat.svg
2017	2516	NU_Kazakhstan	Gold	medal	gold	winner		https://static.igem.org/websites/common/2023/icons/medal-flat.svg
2017	2399	NWU-CHINA	Bronze	medal	bronze	winner		https://static.igem.org/websites/common/2023/icons/medal-bronze-flat.svg
2017	2350	NYMU-Taipei	Gold	medal	gold	winner		https://static.igem.org/websites/common/2023/icons/medal-flat.svg
2017	2495	NYU_Abu_Dhabi	Gold	medal	gold	winner		https://static.igem.org/websites/common/2023/icons/medal-flat.svg
2017	2400	NYU_Shanghai	Bronze	medal	bronze	winner		https://static.igem.org/websites/common/2023/icons/medal-bronze-flat.svg
2017	2256	Nagahama	Bronze	medal	bronze	winner		https://static.igem.org/websites/common/2023/icons/medal-bronze-flat.svg
2017	2257	Nanjing-China						
2017	2209	Nanjing_NFLS						
2017	2205	Newcastle	Best Education & Public Engagement	special		nominee	overgrad	
2017	2205	Newcastle	Best Measurement	special		nominee	overgrad	
2017	2205	Newcastle	Best Part Collection	special		nominee	overgrad	
2017	2205	Newcastle	Best Poster	special		nominee	overgrad	
2017	2205	Newcastle	Gold	medal	gold	winner		https://static.igem.org/websites/common/2023/icons/medal-flat.svg
2017	2431	NortheasternU-Boston	Bronze	medal	bronze	winner		https://static.igem.org/websites/common/2023/icons/medal-bronze-flat.svg
2017	2396	Northwestern	Silver	medal	silver	winner		https://static.igem.org/websites/common/2023/icons/medal-silver-flat.svg
2017	2314	OUC-China	Best New Basic Part	special		nominee	undergrad	
2017	2314	OUC-China	Gold	medal	gold	winner		https://static.igem.org/websites/common/2023/icons/medal-flat.svg
2017	2450	Oxford	Best Applied Design	special		nominee	undergrad	
2017	2450	Oxford	Best Diagnostics Project	village		winner	undergrad	https://static.igem.org/websites/common/2025/icons/villages/diagnostics.svg
2017	2450	Oxford	Best Integrated Human Practices	special		nominee	undergrad	
2017	2450	Oxford	Best Model	special		nominee	undergrad	
2017	2450	Oxford	Best Presentation	special		nominee	undergrad	
2017	2450	Oxford	Best Wiki	special		nominee	undergrad	
2017	2450	Oxford	Gold	medal	gold	winner		https://static.igem.org/websites/common/2023/icons/medal-flat.svg
2017	2454	PASantiago_Chile						
2017	2510	Paris_Bettencourt	Gold	medal	gold	winner		https://static.igem.org/websites/common/2023/icons/medal-flat.svg
2017	2198	Pasteur_Paris	Bronze	medal	bronze	winner		https://static.igem.org/websites/common/2023/icons/medal-bronze-flat.svg
2017	2243	Peking	Best Information Processing Project	village		nominee	underover	https://static.igem.org/websites/common/2022/icons/village/informationprocessing.svg
2017	2243	Peking	Gold	medal	gold	winner		https://static.igem.org/websites/common/2023/icons/medal-flat.svg
2017	2456	Penn						
2017	2518	Peshawar	Silver	medal	silver	winner		https://static.igem.org/websites/common/2023/icons/medal-silver-flat.svg
2017	2476	Pittsburgh	Silver	medal	silver	winner		https://static.igem.org/websites/common/2023/icons/medal-silver-flat.svg
2017	2483	Potsdam						
2017	2432	Princeton						
2017	2228	Purdue	Silver	medal	silver	winner		https://static.igem.org/websites/common/2023/icons/medal-silver-flat.svg
2017	2484	Queens_Canada	Gold	medal	gold	winner		https://static.igem.org/websites/common/2023/icons/medal-flat.svg
2017	2210	RDFZ-China	Bronze	medal	bronze	winner		https://static.igem.org/websites/common/2023/icons/medal-bronze-flat.svg
2017	2338	REC-CHENNAI	Bronze	medal	bronze	winner		https://static.igem.org/websites/common/2023/icons/medal-bronze-flat.svg
2017	2390	RHIT						
2017	2503	RPI_Troy_NY	Bronze	medal	bronze	winner		https://static.igem.org/websites/common/2023/icons/medal-bronze-flat.svg
2017	2194	Rice	Best Environment Project	village		nominee	undergrad	
2017	2194	Rice	Gold	medal	gold	winner		https://static.igem.org/websites/common/2023/icons/medal-flat.svg
2017	2334	SCU-WestChina	Gold	medal	gold	winner		https://static.igem.org/websites/common/2023/icons/medal-flat.svg
2017	2360	SCUT-China_A	Gold	medal	gold	winner		https://static.igem.org/websites/common/2023/icons/medal-flat.svg
2017	2366	SCUT-China_B						
2017	2325	SCUT-FSE-CHINA	Best New Application Project	village		nominee	undergrad	https://static.igem.org/websites/common/2022/icons/village/newapplication.svg
2017	2325	SCUT-FSE-CHINA	Gold	medal	gold	winner		https://static.igem.org/websites/common/2023/icons/medal-flat.svg
2017	2276	SCU_China	Gold	medal	gold	winner		https://static.igem.org/websites/common/2023/icons/medal-flat.svg
2017	2239	SDSZ-China	Silver	medal	silver	winner		https://static.igem.org/websites/common/2023/icons/medal-silver-flat.svg
2017	2449	SDU-Denmark	Best Energy Project	village		nominee	underover	
2017	2449	SDU-Denmark	Gold	medal	gold	winner		https://static.igem.org/websites/common/2023/icons/medal-flat.svg
2017	2321	SDU_CHINA	Best Therapeutics Project	village		nominee	undergrad	
2017	2321	SDU_CHINA	Bronze	medal	bronze	winner		https://static.igem.org/websites/common/2023/icons/medal-bronze-flat.svg
2017	2291	SECA_NZ	Best Entrepreneurship	special		nominee	undergrad	
2017	2507	SHSBNU_China	Best Model	special		nominee	high-school	
2017	2507	SHSBNU_China	Best Part Collection	special		nominee	high-school	
2017	2507	SHSBNU_China	Best Presentation	special		nominee	high-school	
2017	2507	SHSBNU_China	Gold	medal	gold	winner		https://static.igem.org/websites/common/2023/icons/medal-flat.svg
2017	2472	SIAT-SCIE						
2017	2285	SJTU-BioX-Shanghai	Gold	medal	gold	winner		https://static.igem.org/websites/common/2023/icons/medal-flat.svg
2017	2211	SJTU-Software	Bronze	medal	bronze	winner		https://static.igem.org/websites/common/2023/icons/medal-bronze-flat.svg
2017	2224	SMS_Shenzhen	Best Education & Public Engagement	special		nominee	high-school	
2017	2224	SMS_Shenzhen	Best Integrated Human Practices	special		nominee	high-school	
2017	2224	SMS_Shenzhen	Best Poster	special		nominee	high-school	
2017	2224	SMS_Shenzhen	Best Presentation	special		winner	high-school	
2017	2224	SMS_Shenzhen	Gold	medal	gold	winner		https://static.igem.org/websites/common/2023/icons/medal-flat.svg
2017	2244	SSTi-SZGD	Gold	medal	gold	winner		https://static.igem.org/websites/common/2023/icons/medal-flat.svg
2017	2216	SUIS_Alpha_Shanghai	Bronze	medal	bronze	winner		https://static.igem.org/websites/common/2023/icons/medal-bronze-flat.svg
2017	2492	SUSTech_Shenzhen	Best Foundational Advance Project	village		nominee	undergrad	
2017	2492	SUSTech_Shenzhen	Best Hardware	special		nominee	undergrad	
2017	2492	SUSTech_Shenzhen	Best New Basic Part	special		nominee	undergrad	
2017	2492	SUSTech_Shenzhen	Gold	medal	gold	winner		https://static.igem.org/websites/common/2023/icons/medal-flat.svg
2017	2379	SVCE_CHENNAI	Silver	medal	silver	winner		https://static.igem.org/websites/common/2023/icons/medal-silver-flat.svg
2017	2298	SYSU-CHINA						
2017	2214	SYSU-Software	Best Applied Design	special		nominee	undergrad	
2017	2214	SYSU-Software	Best Model	special		nominee	undergrad	
2017	2214	SYSU-Software	Best Software Project	village		winner	underover	
2017	2214	SYSU-Software	Gold	medal	gold	winner		https://static.igem.org/websites/common/2023/icons/medal-flat.svg
2017	2232	SZU-China	Best Manufacturing Project	village		winner	undergrad	
2017	2232	SZU-China	Gold	medal	gold	winner		https://static.igem.org/websites/common/2023/icons/medal-flat.svg
2017	2315	Shanghaitech	Best Education & Public Engagement	special		nominee	undergrad	
2017	2315	Shanghaitech	Best Foundational Advance Project	village		nominee	undergrad	
2017	2315	Shanghaitech	Best Hardware	special		winner	undergrad	
2017	2315	Shanghaitech	Best New Composite Part	special		nominee	undergrad	
2017	2315	Shanghaitech	Gold	medal	gold	winner		https://static.igem.org/websites/common/2023/icons/medal-flat.svg
2017	2508	Sheffield	Gold	medal	gold	winner		https://static.igem.org/websites/common/2023/icons/medal-flat.svg
2017	2200	Shenzhen_SFLS	Best Poster	special		nominee	high-school	
2017	2200	Shenzhen_SFLS	Best Presentation	special		winner	high-school	
2017	2200	Shenzhen_SFLS	Best Wiki	special		nominee	high-school	
2017	2200	Shenzhen_SFLS	Bronze	medal	bronze	winner		https://static.igem.org/websites/common/2023/icons/medal-bronze-flat.svg
2017	2311	SiCAU-China	Bronze	medal	bronze	winner		https://static.igem.org/websites/common/2023/icons/medal-bronze-flat.svg
2017	2485	Stanford-Brown	Bronze	medal	bronze	winner		https://static.igem.org/websites/common/2023/icons/medal-bronze-flat.svg
2017	2235	Stockholm	Best Entrepreneurship	special		nominee	overgrad	
2017	2235	Stockholm	Gold	medal	gold	winner		https://static.igem.org/websites/common/2023/icons/medal-flat.svg
2017	2196	Stony_Brook	Bronze	medal	bronze	winner		https://static.igem.org/websites/common/2023/icons/medal-bronze-flat.svg
2017	2497	Stuttgart	Bronze	medal	bronze	winner		https://static.igem.org/websites/common/2023/icons/medal-bronze-flat.svg
2017	2417	Sydney_Australia	Best Poster	special		nominee	overgrad	
2017	2417	Sydney_Australia	Gold	medal	gold	winner		https://static.igem.org/websites/common/2023/icons/medal-flat.svg
2017	2418	Szeged_SA_RMG						
2017	2229	TAS_Taipei	Best Integrated Human Practices	special		nominee	high-school	
2017	2229	TAS_Taipei	Best Part Collection	special		nominee	high-school	
2017	2229	TAS_Taipei	Best Poster	special		nominee	high-school	
2017	2229	TAS_Taipei	Best Presentation	special		nominee	high-school	
2017	2229	TAS_Taipei	Best Wiki	special		winner	high-school	
2017	2229	TAS_Taipei	Finalist	finalist		winner	high-school	
2017	2229	TAS_Taipei	Gold	medal	gold	winner		https://static.igem.org/websites/common/2023/icons/medal-flat.svg
2017	2229	TAS_Taipei	Grand Prize Winner	grand-prize	winner	winner	high-school	
2017	2383	TCFSH_Taiwan						
2017	2520	TECHNION-ISRAEL	Gold	medal	gold	winner		https://static.igem.org/websites/common/2023/icons/medal-flat.svg
2017	2328	TJU_China						
2017	2279	TMMU-China	Silver	medal	silver	winner		https://static.igem.org/websites/common/2023/icons/medal-silver-flat.svg
2017	2496	TNCR_Korea						
2017	2369	TP-CC_San_Diego						
2017	2356	TU-Eindhoven	Best New Application Project	village		nominee	undergrad	https://static.igem.org/websites/common/2022/icons/village/newapplication.svg
2017	2356	TU-Eindhoven	Gold	medal	gold	winner		https://static.igem.org/websites/common/2023/icons/medal-flat.svg
2017	2306	TUDelft	Best Applied Design	special		nominee	overgrad	
2017	2306	TUDelft	Best Education & Public Engagement	special		winner	overgrad	
2017	2306	TUDelft	Best Entrepreneurship	special		winner	overgrad	
2017	2306	TUDelft	Best Integrated Human Practices	special		winner	overgrad	
2017	2306	TUDelft	Best Measurement	special		winner	overgrad	
2017	2306	TUDelft	Best Model	special		nominee	overgrad	
2017	2306	TUDelft	Best New Application Project	village		winner	overgrad	https://static.igem.org/websites/common/2022/icons/village/newapplication.svg
2017	2306	TUDelft	Best New Composite Part	special		winner	overgrad	
2017	2306	TUDelft	Best Part Collection	special		winner	overgrad	
2017	2306	TUDelft	Best Poster	special		nominee	overgrad	
2017	2306	TUDelft	Best Presentation	special		winner	overgrad	
2017	2306	TUDelft	Best Wiki	special		nominee	overgrad	
2017	2306	TUDelft	Finalist	finalist		winner	overgrad	
2017	2306	TUDelft	Gold	medal	gold	winner		https://static.igem.org/websites/common/2023/icons/medal-flat.svg
2017	2306	TUDelft	Grand Prize Winner	grand-prize	winner	winner	overgrad	
2017	2267	TUST_China	Gold	medal	gold	winner		https://static.igem.org/websites/common/2023/icons/medal-flat.svg
2017	2380	TU_Darmstadt	Silver	medal	silver	winner		https://static.igem.org/websites/common/2023/icons/medal-silver-flat.svg
2017	2273	TU_Dresden	Best Foundational Advance Project	village		nominee	overgrad	
2017	2273	TU_Dresden	Best New Basic Part	special		nominee	overgrad	
2017	2273	TU_Dresden	Best Part Collection	special		nominee	overgrad	
2017	2273	TU_Dresden	Best Poster	special		nominee	overgrad	
2017	2273	TU_Dresden	Gold	medal	gold	winner		https://static.igem.org/websites/common/2023/icons/medal-flat.svg
2017	2349	Tartu_TUIT						
2017	2471	Tec-Chihuahua	Gold	medal	gold	winner		https://static.igem.org/websites/common/2023/icons/medal-flat.svg
2017	2246	TecCEM	Gold	medal	gold	winner		https://static.igem.org/websites/common/2023/icons/medal-flat.svg
2017	2434	TecMonterrey_GDA	Bronze	medal	bronze	winner		https://static.igem.org/websites/common/2023/icons/medal-bronze-flat.svg
2017	2408	Tel-Hai	Bronze	medal	bronze	winner		https://static.igem.org/websites/common/2023/icons/medal-bronze-flat.svg
2017	2407	Tianjin	Silver	medal	silver	winner		https://static.igem.org/websites/common/2023/icons/medal-silver-flat.svg
2017	2505	TokyoTech	Gold	medal	gold	winner		https://static.igem.org/websites/common/2023/icons/medal-flat.svg
2017	2374	Tongji_China	Silver	medal	silver	winner		https://static.igem.org/websites/common/2023/icons/medal-silver-flat.svg
2017	2469	Toronto	Bronze	medal	bronze	winner		https://static.igem.org/websites/common/2023/icons/medal-bronze-flat.svg
2017	2247	Tsinghua	Gold	medal	gold	winner		https://static.igem.org/websites/common/2023/icons/medal-flat.svg
2017	2250	Tsinghua-A	Silver	medal	silver	winner		https://static.igem.org/websites/common/2023/icons/medal-silver-flat.svg
2017	2372	Tuebingen	Bronze	medal	bronze	winner		https://static.igem.org/websites/common/2023/icons/medal-bronze-flat.svg
2017	2416	Tufts						
2017	2389	UAlberta	Gold	medal	gold	winner		https://static.igem.org/websites/common/2023/icons/medal-flat.svg
2017	2402	UBonn_HBRS						
2017	2287	UCAS	Gold	medal	gold	winner		https://static.igem.org/websites/common/2023/icons/medal-flat.svg
2017	2344	UCC_Ireland	Silver	medal	silver	winner		https://static.igem.org/websites/common/2023/icons/medal-silver-flat.svg
2017	2332	UCL	Gold	medal	gold	winner		https://static.igem.org/websites/common/2023/icons/medal-flat.svg
2017	2341	UCLouvain	Bronze	medal	bronze	winner		https://static.igem.org/websites/common/2023/icons/medal-bronze-flat.svg
2017	2223	UCSC	Best Manufacturing Project	village		nominee	undergrad	
2017	2223	UCSC	Bronze	medal	bronze	winner		https://static.igem.org/websites/common/2023/icons/medal-bronze-flat.svg
2017	2212	UC_San_Diego	Bronze	medal	bronze	winner		https://static.igem.org/websites/common/2023/icons/medal-bronze-flat.svg
2017	2428	UChicago	Bronze	medal	bronze	winner		https://static.igem.org/websites/common/2023/icons/medal-bronze-flat.svg
2017	2289	UChile_Biotec						
2017	2425	UChile_OpenBio-CeBiB						
2017	2386	UConn	Bronze	medal	bronze	winner		https://static.igem.org/websites/common/2023/icons/medal-bronze-flat.svg
2017	2455	UCopenhagen	Bronze	medal	bronze	winner		https://static.igem.org/websites/common/2023/icons/medal-bronze-flat.svg
2017	2286	UESTC-China	Best Plant Synthetic Biology	special		winner	undergrad	
2017	2286	UESTC-China	Gold	medal	gold	winner		https://static.igem.org/websites/common/2023/icons/medal-flat.svg
2017	2352	UFlorida						
2017	2392	UGA-Georgia	Bronze	medal	bronze	winner		https://static.igem.org/websites/common/2023/icons/medal-bronze-flat.svg
2017	2427	UIOWA	Bronze	medal	bronze	winner		https://static.igem.org/websites/common/2023/icons/medal-bronze-flat.svg
2017	2468	UIUC_Illinois						
2017	2215	ULaVerne_Collab						
2017	2430	UMBC						
2017	2477	UMaryland	Best Hardware	special		nominee	undergrad	
2017	2477	UMaryland	Bronze	medal	bronze	winner		https://static.igem.org/websites/common/2023/icons/medal-bronze-flat.svg
2017	2236	UNBC-Canada	Bronze	medal	bronze	winner		https://static.igem.org/websites/common/2023/icons/medal-bronze-flat.svg
2017	2499	UNC-Asheville						
2017	2343	UNIFI	Silver	medal	silver	winner		https://static.igem.org/websites/common/2023/icons/medal-silver-flat.svg
2017	2284	UNOTT	Bronze	medal	bronze	winner		https://static.igem.org/websites/common/2023/icons/medal-bronze-flat.svg
2017	2461	UNebraska-Lincoln	Gold	medal	gold	winner		https://static.igem.org/websites/common/2023/icons/medal-flat.svg
2017	2504	UPMC_PARIS						
2017	2222	USMA-West_Point	Bronze	medal	bronze	winner		https://static.igem.org/websites/common/2023/icons/medal-bronze-flat.svg
2017	2199	USNA_Annapolis						
2017	2486	USP-Brazil	Gold	medal	gold	winner		https://static.igem.org/websites/common/2023/icons/medal-flat.svg
2017	2242	USTC	Best New Application Project	village		nominee	undergrad	https://static.igem.org/websites/common/2022/icons/village/newapplication.svg
2017	2242	USTC	Silver	medal	silver	winner		https://static.igem.org/websites/common/2023/icons/medal-silver-flat.svg
2017	2241	USTC-Software	Gold	medal	gold	winner		https://static.igem.org/websites/common/2023/icons/medal-flat.svg
2017	2519	UST_Beijing	Bronze	medal	bronze	winner		https://static.igem.org/websites/common/2023/icons/medal-bronze-flat.svg
2017	2522	US_AFRL_CarrollHS	Gold	medal	gold	winner		https://static.igem.org/websites/common/2023/icons/medal-flat.svg
2017	2451	UT-Knoxville						
2017	2490	U_of_Guelph						
2017	2424	UiOslo_Norway	Bronze	medal	bronze	winner		https://static.igem.org/websites/common/2023/icons/medal-bronze-flat.svg
2017	2423	Uppsala	Best Manufacturing Project	village		winner	overgrad	
2017	2423	Uppsala	Gold	medal	gold	winner		https://static.igem.org/websites/common/2023/icons/medal-flat.svg
2017	2397	UrbanTundra_Edmonton	Bronze	medal	bronze	winner		https://static.igem.org/websites/common/2023/icons/medal-bronze-flat.svg
2017	2351	Utrecht	Best Integrated Human Practices	special		nominee	undergrad	
2017	2351	Utrecht	Gold	medal	gold	winner		https://static.igem.org/websites/common/2023/icons/medal-flat.svg
2017	2269	Valencia_UPV	Best Applied Design	special		nominee	undergrad	
2017	2269	Valencia_UPV	Best Poster	special		nominee	undergrad	
2017	2269	Valencia_UPV	Best Software Tool	special		nominee	undergrad	
2017	2269	Valencia_UPV	Gold	medal	gold	winner		https://static.igem.org/websites/common/2023/icons/medal-flat.svg
2017	2259	Vilnius-Lithuania	Best Education & Public Engagement	special		nominee	undergrad	
2017	2259	Vilnius-Lithuania	Best Foundational Advance Project	village		nominee	undergrad	
2017	2259	Vilnius-Lithuania	Best New Basic Part	special		winner	undergrad	
2017	2259	Vilnius-Lithuania	Best New Composite Part	special		winner	undergrad	
2017	2259	Vilnius-Lithuania	Best Part Collection	special		winner	undergrad	
2017	2259	Vilnius-Lithuania	Best Poster	special		nominee	undergrad	
2017	2259	Vilnius-Lithuania	Best Presentation	special		nominee	undergrad	
2017	2259	Vilnius-Lithuania	Best Wiki	special		nominee	undergrad	
2017	2259	Vilnius-Lithuania	Finalist	finalist		winner	undergrad	
2017	2259	Vilnius-Lithuania	Gold	medal	gold	winner		https://static.igem.org/websites/common/2023/icons/medal-flat.svg
2017	2259	Vilnius-Lithuania	Grand Prize Winner	grand-prize	winner	winner	undergrad	
2017	2272	Virginia	Best Environment Project	village		nominee	undergrad	
2017	2272	Virginia	Best New Basic Part	special		nominee	undergrad	
2017	2272	Virginia	Gold	medal	gold	winner		https://static.igem.org/websites/common/2023/icons/medal-flat.svg
2017	2462	WHU-China	Silver	medal	silver	winner		https://static.igem.org/websites/common/2023/icons/medal-silver-flat.svg
2017	2452	WLC-Milwaukee	Bronze	medal	bronze	winner		https://static.igem.org/websites/common/2023/icons/medal-bronze-flat.svg
2017	2413	WPI_Worcester	Bronze	medal	bronze	winner		https://static.igem.org/websites/common/2023/icons/medal-bronze-flat.svg
2017	2387	Wageningen_UR	Best Applied Design	special		nominee	overgrad	
2017	2387	Wageningen_UR	Best Hardware	special		nominee	overgrad	
2017	2387	Wageningen_UR	Best Integrated Human Practices	special		nominee	overgrad	
2017	2387	Wageningen_UR	Best Model	special		nominee	overgrad	
2017	2387	Wageningen_UR	Best New Composite Part	special		nominee	overgrad	
2017	2387	Wageningen_UR	Best Presentation	special		nominee	overgrad	
2017	2387	Wageningen_UR	Best Wiki	special		winner	overgrad	
2017	2387	Wageningen_UR	Gold	medal	gold	winner		https://static.igem.org/websites/common/2023/icons/medal-flat.svg
2017	2387	Wageningen_UR	iGEMers Prize	special	community	winner		
2017	2463	Warwick	Bronze	medal	bronze	winner		https://static.igem.org/websites/common/2023/icons/medal-bronze-flat.svg
2017	2195	WashU_StLouis	Best Environment Project	village		nominee	undergrad	
2017	2195	WashU_StLouis	Best Hardware	special		nominee	undergrad	
2017	2195	WashU_StLouis	Gold	medal	gold	winner		https://static.igem.org/websites/common/2023/icons/medal-flat.svg
2017	2391	Washington	Silver	medal	silver	winner		https://static.igem.org/websites/common/2023/icons/medal-silver-flat.svg
2017	2475	Waterloo						
2017	2420	Westminster_UK						
2017	2333	William_and_Mary	Best Education & Public Engagement	special		nominee	undergrad	
2017	2333	William_and_Mary	Best Foundational Advance Project	village		nominee	undergrad	
2017	2333	William_and_Mary	Best Measurement	special		winner	undergrad	
2017	2333	William_and_Mary	Best Model	special		winner	undergrad	
2017	2333	William_and_Mary	Best New Composite Part	special		nominee	undergrad	
2017	2333	William_and_Mary	Best Part Collection	special		nominee	undergrad	
2017	2333	William_and_Mary	Best Poster	special		nominee	undergrad	
2017	2333	William_and_Mary	Best Presentation	special		nominee	undergrad	
2017	2333	William_and_Mary	Finalist	finalist		winner	undergrad	
2017	2333	William_and_Mary	First Runner Up	grand-prize	first-runner-up	winner	undergrad	
2017	2333	William_and_Mary	Gold	medal	gold	winner		https://static.igem.org/websites/common/2023/icons/medal-flat.svg
2017	2513	Worldshaper-Nanjing						
2017	2514	Worldshaper-Wuhan	Bronze	medal	bronze	winner		https://static.igem.org/websites/common/2023/icons/medal-bronze-flat.svg
2017	2512	Worldshaper-XSHS	Best New Composite Part	special		nominee	high-school	
2017	2309	XJTLU-CHINA	Gold	medal	gold	winner		https://static.igem.org/websites/common/2023/icons/medal-flat.svg
2017	2310	XMU-China	Gold	medal	gold	winner		https://static.igem.org/websites/common/2023/icons/medal-flat.svg
2017	2489	York	Bronze	medal	bronze	winner		https://static.igem.org/websites/common/2023/icons/medal-bronze-flat.svg
2017	2207	ZJU-China	Gold	medal	gold	winner		https://static.igem.org/websites/common/2023/icons/medal-flat.svg
2017	2277	ZJUT-China	Bronze	medal	bronze	winner		https://static.igem.org/websites/common/2023/icons/medal-bronze-flat.svg
2017	2363	iTesla-SoundBio	Bronze	medal	bronze	winner		https://static.igem.org/websites/common/2023/icons/medal-bronze-flat.svg
2017	2327	uOttawa	Silver	medal	silver	winner		https://static.igem.org/websites/common/2023/icons/medal-silver-flat.svg
2018	2815	ACIBADEM_ISTANBUL	Bronze	medal	bronze	winner		https://static.igem.org/websites/common/2023/icons/medal-bronze-flat.svg
2018	2534	AFCM-Egypt	Silver	medal	silver	winner		https://static.igem.org/websites/common/2023/icons/medal-silver-flat.svg
2018	2547	AHUT_China	Silver	medal	silver	winner		https://static.igem.org/websites/common/2023/icons/medal-silver-flat.svg
2018	2562	ASIJ_Tokyo	Silver	medal	silver	winner		https://static.igem.org/websites/common/2023/icons/medal-silver-flat.svg
2018	2826	ASTWS-China	Gold	medal	gold	winner		https://static.igem.org/websites/common/2023/icons/medal-flat.svg
2018	2702	Aachen	Best Hardware	special		nominee	overgrad	
2018	2702	Aachen	Gold	medal	gold	winner		https://static.igem.org/websites/common/2023/icons/medal-flat.svg
2018	2647	Aalto-Helsinki	Best Product Design	special		nominee	overgrad	
2018	2647	Aalto-Helsinki	Gold	medal	gold	winner		https://static.igem.org/websites/common/2023/icons/medal-flat.svg
2018	2718	Aix-Marseille	Gold	medal	gold	winner		https://static.igem.org/websites/common/2023/icons/medal-flat.svg
2018	2709	Athens	Bronze	medal	bronze	winner		https://static.igem.org/websites/common/2023/icons/medal-bronze-flat.svg
2018	2642	Auckland_MOD						
2018	2877	Austin_LASA	Bronze	medal	bronze	winner		https://static.igem.org/websites/common/2023/icons/medal-bronze-flat.svg
2018	2657	Austin_UTexas	Bronze	medal	bronze	winner		https://static.igem.org/websites/common/2023/icons/medal-bronze-flat.svg
2018	2567	BCU	Bronze	medal	bronze	winner		https://static.igem.org/websites/common/2023/icons/medal-bronze-flat.svg
2018	2555	BFSUICC-China	Silver	medal	silver	winner		https://static.igem.org/websites/common/2023/icons/medal-silver-flat.svg
2018	2728	BGIC-Global	Silver	medal	silver	winner		https://static.igem.org/websites/common/2023/icons/medal-silver-flat.svg
2018	2538	BGU_Israel	Best Wiki	special		nominee	overgrad	
2018	2538	BGU_Israel	Gold	medal	gold	winner		https://static.igem.org/websites/common/2023/icons/medal-flat.svg
2018	2708	BIT	Gold	medal	gold	winner		https://static.igem.org/websites/common/2023/icons/medal-flat.svg
2018	2765	BIT-China	Gold	medal	gold	winner		https://static.igem.org/websites/common/2023/icons/medal-flat.svg
2018	2833	BJRS_China	Gold	medal	gold	winner		https://static.igem.org/websites/common/2023/icons/medal-flat.svg
2018	2548	BNDS_CHINA	Best Model	special		nominee	high-school	
2018	2548	BNDS_CHINA	Best Wiki	special		nominee	high-school	
2018	2548	BNDS_CHINA	Silver	medal	silver	winner		https://static.igem.org/websites/common/2023/icons/medal-silver-flat.svg
2018	2717	BNU-China	Silver	medal	silver	winner		https://static.igem.org/websites/common/2023/icons/medal-silver-flat.svg
2018	2670	BOKU-Vienna	Bronze	medal	bronze	winner		https://static.igem.org/websites/common/2023/icons/medal-bronze-flat.svg
2018	2782	BUCT-China	Bronze	medal	bronze	winner		https://static.igem.org/websites/common/2023/icons/medal-bronze-flat.svg
2018	2893	Baltimore_BioCrew	Best Presentation	special		winner	high-school	
2018	2893	Baltimore_BioCrew	Bronze	medal	bronze	winner		https://static.igem.org/websites/common/2023/icons/medal-bronze-flat.svg
2018	2638	Bielefeld-CeBiTec	Gold	medal	gold	winner		https://static.igem.org/websites/common/2023/icons/medal-flat.svg
2018	2638	Bielefeld-CeBiTec	Safety & Security	special		winner	underover	
2018	2759	Bilkent-UNAMBG	Silver	medal	silver	winner		https://static.igem.org/websites/common/2023/icons/medal-silver-flat.svg
2018	2879	BioIQS-Barcelona	Bronze	medal	bronze	winner		https://static.igem.org/websites/common/2023/icons/medal-bronze-flat.svg
2018	2885	BioMarvel	Best Integrated Human Practices	special		nominee	high-school	
2018	2885	BioMarvel	Best New Composite Part	special		nominee	high-school	
2018	2885	BioMarvel	Best Part Collection	special		nominee	high-school	
2018	2885	BioMarvel	Finalist	finalist		nominee	high-school	
2018	2885	BioMarvel	Silver	medal	silver	winner		https://static.igem.org/websites/common/2023/icons/medal-silver-flat.svg
2018	2860	Bio_Without_Borders	Bronze	medal	bronze	winner		https://static.igem.org/websites/common/2023/icons/medal-bronze-flat.svg
2018	2636	Bordeaux						
2018	2805	BostonU	Silver	medal	silver	winner		https://static.igem.org/websites/common/2023/icons/medal-silver-flat.svg
2018	2661	BostonU_HW	Best Hardware	special		nominee	undergrad	
2018	2661	BostonU_HW	Best Software Tool	special		nominee	undergrad	
2018	2661	BostonU_HW	Gold	medal	gold	winner		https://static.igem.org/websites/common/2023/icons/medal-flat.svg
2018	2786	Botchan_Lab_Tokyo	Silver	medal	silver	winner		https://static.igem.org/websites/common/2023/icons/medal-silver-flat.svg
2018	2700	British_Columbia	Bronze	medal	bronze	winner		https://static.igem.org/websites/common/2023/icons/medal-bronze-flat.svg
2018	2811	BrockU	Bronze	medal	bronze	winner		https://static.igem.org/websites/common/2023/icons/medal-bronze-flat.svg
2018	2847	Bulgaria	Bronze	medal	bronze	winner		https://static.igem.org/websites/common/2023/icons/medal-bronze-flat.svg
2018	2566	CCA-San_Diego	Bronze	medal	bronze	winner		https://static.igem.org/websites/common/2023/icons/medal-bronze-flat.svg
2018	2809	CCU_Taiwan	Best New Application Project	village		nominee	undergrad	https://static.igem.org/websites/common/2022/icons/village/newapplication.svg
2018	2809	CCU_Taiwan	Best Product Design	special		nominee	undergrad	
2018	2809	CCU_Taiwan	Gold	medal	gold	winner		https://static.igem.org/websites/common/2023/icons/medal-flat.svg
2018	2726	CDHSU-CHINA	Bronze	medal	bronze	winner		https://static.igem.org/websites/common/2023/icons/medal-bronze-flat.svg
2018	2631	CIEI-BJ	Silver	medal	silver	winner		https://static.igem.org/websites/common/2023/icons/medal-silver-flat.svg
2018	2872	CMUQ						
2018	2880	CO_Mines	Bronze	medal	bronze	winner		https://static.igem.org/websites/common/2023/icons/medal-bronze-flat.svg
2018	2624	CPU_CHINA	Gold	medal	gold	winner		https://static.igem.org/websites/common/2023/icons/medal-flat.svg
2018	2580	CSU_CHINA	Silver	medal	silver	winner		https://static.igem.org/websites/common/2023/icons/medal-silver-flat.svg
2018	2727	CSU_Fort_Collins	Bronze	medal	bronze	winner		https://static.igem.org/websites/common/2023/icons/medal-bronze-flat.svg
2018	2674	CU-Boulder	Bronze	medal	bronze	winner		https://static.igem.org/websites/common/2023/icons/medal-bronze-flat.svg
2018	2648	CUNY_Kingsborough						
2018	2605	Calgary	Best Software Tool	special		nominee	undergrad	
2018	2605	Calgary	Gold	medal	gold	winner		https://static.igem.org/websites/common/2023/icons/medal-flat.svg
2018	2810	Cardiff_Wales	Best Plant Synthetic Biology	special		winner	undergrad	
2018	2810	Cardiff_Wales	Gold	medal	gold	winner		https://static.igem.org/websites/common/2023/icons/medal-flat.svg
2018	2625	Chalmers-Gothenburg	Best Model	special		nominee	overgrad	
2018	2625	Chalmers-Gothenburg	Gold	medal	gold	winner		https://static.igem.org/websites/common/2023/icons/medal-flat.svg
2018	2892	Claremont						
2018	2758	ColegioFDR_Peru						
2018	2846	ColumbiaNYC						
2018	2561	Cornell	Bronze	medal	bronze	winner		https://static.igem.org/websites/common/2023/icons/medal-bronze-flat.svg
2018	2752	DLUT_China						
2018	2772	DLUT_China_B	Best New Application Project	village		nominee	undergrad	https://static.igem.org/websites/common/2022/icons/village/newapplication.svg
2018	2772	DLUT_China_B	Silver	medal	silver	winner		https://static.igem.org/websites/common/2023/icons/medal-silver-flat.svg
2018	2630	DNHS_SanDiego	Bronze	medal	bronze	winner		https://static.igem.org/websites/common/2023/icons/medal-bronze-flat.svg
2018	2799	DTU-Denmark	Bronze	medal	bronze	winner		https://static.igem.org/websites/common/2023/icons/medal-bronze-flat.svg
2018	2803	Dalhousie_Halifax_NS	Best Environment Project	village		nominee	undergrad	
2018	2803	Dalhousie_Halifax_NS	Silver	medal	silver	winner		https://static.igem.org/websites/common/2023/icons/medal-silver-flat.svg
2018	2698	Delgado-Ivy-Marin						
2018	2587	Duesseldorf	Best New Basic Part	special		nominee	overgrad	
2018	2587	Duesseldorf	Gold	medal	gold	winner		https://static.igem.org/websites/common/2023/icons/medal-flat.svg
2018	2837	Duke						
2018	2737	ECUST	Gold	medal	gold	winner		https://static.igem.org/websites/common/2023/icons/medal-flat.svg
2018	2686	EPFL	Best Software Tool	special		nominee	overgrad	
2018	2686	EPFL	Best Therapeutics Project	village		nominee	overgrad	
2018	2686	EPFL	Gold	medal	gold	winner		https://static.igem.org/websites/common/2023/icons/medal-flat.svg
2018	2845	ETH_Zurich	Best Hardware	special		nominee	overgrad	
2018	2845	ETH_Zurich	Best New Application Project	village		nominee	overgrad	https://static.igem.org/websites/common/2022/icons/village/newapplication.svg
2018	2845	ETH_Zurich	Best Presentation	special		nominee	overgrad	
2018	2845	ETH_Zurich	Best Product Design	special		nominee	overgrad	
2018	2845	ETH_Zurich	Finalist	finalist		nominee	overgrad	
2018	2845	ETH_Zurich	Gold	medal	gold	winner		https://static.igem.org/websites/common/2023/icons/medal-flat.svg
2018	2845	ETH_Zurich	iGEMers Prize	special	community	winner		
2018	2843	East_Chapel_Hill	Bronze	medal	bronze	winner		https://static.igem.org/websites/common/2023/icons/medal-bronze-flat.svg
2018	2804	Ecuador	Silver	medal	silver	winner		https://static.igem.org/websites/common/2023/icons/medal-silver-flat.svg
2018	2739	Edinburgh_OG	Gold	medal	gold	winner		https://static.igem.org/websites/common/2023/icons/medal-flat.svg
2018	2725	Edinburgh_UG	Best Foundational Advance Project	village		nominee	undergrad	
2018	2725	Edinburgh_UG	Gold	medal	gold	winner		https://static.igem.org/websites/common/2023/icons/medal-flat.svg
2018	2679	Emory	Bronze	medal	bronze	winner		https://static.igem.org/websites/common/2023/icons/medal-bronze-flat.svg
2018	2675	Evry_Paris-Saclay	Best New Composite Part	special		nominee	overgrad	
2018	2675	Evry_Paris-Saclay	Gold	medal	gold	winner		https://static.igem.org/websites/common/2023/icons/medal-flat.svg
2018	2695	Exeter	Gold	medal	gold	winner		https://static.igem.org/websites/common/2023/icons/medal-flat.svg
2018	2641	FAU_Erlangen	Bronze	medal	bronze	winner		https://static.igem.org/websites/common/2023/icons/medal-bronze-flat.svg
2018	2570	FJNU-China	Gold	medal	gold	winner		https://static.igem.org/websites/common/2023/icons/medal-flat.svg
2018	2832	FSU						
2018	2549	Fudan	Silver	medal	silver	winner		https://static.igem.org/websites/common/2023/icons/medal-silver-flat.svg
2018	2886	Fudan-CHINA	Bronze	medal	bronze	winner		https://static.igem.org/websites/common/2023/icons/medal-bronze-flat.svg
2018	2585	GDSYZX	Bronze	medal	bronze	winner		https://static.igem.org/websites/common/2023/icons/medal-bronze-flat.svg
2018	2688	GO_Paris-Saclay	Gold	medal	gold	winner		https://static.igem.org/websites/common/2023/icons/medal-flat.svg
2018	2840	GZHS-United	Bronze	medal	bronze	winner		https://static.igem.org/websites/common/2023/icons/medal-bronze-flat.svg
2018	2882	Galilee_Culture						
2018	2536	Gaston_Day_School	Bronze	medal	bronze	winner		https://static.igem.org/websites/common/2023/icons/medal-bronze-flat.svg
2018	2640	Georgia_State	Silver	medal	silver	winner		https://static.igem.org/websites/common/2023/icons/medal-silver-flat.svg
2018	2776	GiFFM-Germany						
2018	2798	Gifu	Bronze	medal	bronze	winner		https://static.igem.org/websites/common/2023/icons/medal-bronze-flat.svg
2018	2586	Goettingen	Best New Basic Part	special		nominee	overgrad	
2018	2586	Goettingen	Gold	medal	gold	winner		https://static.igem.org/websites/common/2023/icons/medal-flat.svg
2018	2753	GreatBay_China	Best Education & Public Engagement	special		nominee	high-school	
2018	2753	GreatBay_China	Best Integrated Human Practices	special		nominee	high-school	
2018	2753	GreatBay_China	Best Model	special		winner	high-school	
2018	2753	GreatBay_China	Best New Basic Part	special		winner	high-school	
2018	2753	GreatBay_China	Best New Composite Part	special		winner	high-school	
2018	2753	GreatBay_China	Best Part Collection	special		winner	high-school	
2018	2753	GreatBay_China	Best Poster	special		winner	high-school	
2018	2753	GreatBay_China	Best Presentation	special		nominee	high-school	
2018	2753	GreatBay_China	Best Product Design	special		winner	high-school	
2018	2753	GreatBay_China	Best Wiki	special		winner	high-school	
2018	2753	GreatBay_China	Finalist	finalist		winner	high-school	
2018	2753	GreatBay_China	Gold	medal	gold	winner		https://static.igem.org/websites/common/2023/icons/medal-flat.svg
2018	2753	GreatBay_China	Grand Prize Winner	grand-prize	winner	winner	high-school	
2018	2629	Grenoble-Alpes	Best Hardware	special		nominee	undergrad	
2018	2629	Grenoble-Alpes	Bronze	medal	bronze	winner		https://static.igem.org/websites/common/2023/icons/medal-bronze-flat.svg
2018	2783	Groningen	Best Manufacturing Project	village		nominee	overgrad	
2018	2783	Groningen	Best Measurement	special		winner	overgrad	
2018	2783	Groningen	Best Model	special		nominee	overgrad	
2018	2783	Groningen	Best Poster	special		nominee	overgrad	
2018	2783	Groningen	Best Presentation	special		nominee	overgrad	
2018	2783	Groningen	Gold	medal	gold	winner		https://static.igem.org/websites/common/2023/icons/medal-flat.svg
2018	2856	H14Z1_Hangzhou	Best New Basic Part	special		nominee	high-school	
2018	2856	H14Z1_Hangzhou	Silver	medal	silver	winner		https://static.igem.org/websites/common/2023/icons/medal-silver-flat.svg
2018	2859	HAFS	Best Education & Public Engagement	special		nominee	high-school	
2018	2859	HAFS	Best Poster	special		nominee	high-school	
2018	2859	HAFS	Best Presentation	special		nominee	high-school	
2018	2859	HAFS	Bronze	medal	bronze	winner		https://static.igem.org/websites/common/2023/icons/medal-bronze-flat.svg
2018	2652	HBUT-China	Silver	medal	silver	winner		https://static.igem.org/websites/common/2023/icons/medal-silver-flat.svg
2018	2890	HFLS_ZhejiangUnited	Silver	medal	silver	winner		https://static.igem.org/websites/common/2023/icons/medal-silver-flat.svg
2018	2720	HKJS_S	Bronze	medal	bronze	winner		https://static.igem.org/websites/common/2023/icons/medal-bronze-flat.svg
2018	2618	HK_HCY_LFC	Bronze	medal	bronze	winner		https://static.igem.org/websites/common/2023/icons/medal-bronze-flat.svg
2018	2639	HSHL						
2018	2800	HUBU-Wuhan	Silver	medal	silver	winner		https://static.igem.org/websites/common/2023/icons/medal-silver-flat.svg
2018	2533	HUST-China	Silver	medal	silver	winner		https://static.igem.org/websites/common/2023/icons/medal-silver-flat.svg
2018	2632	HZAU-China	Gold	medal	gold	winner		https://static.igem.org/websites/common/2023/icons/medal-flat.svg
2018	2855	HZNFHS_China						
2018	2588	Hamburg	Gold	medal	gold	winner		https://static.igem.org/websites/common/2023/icons/medal-flat.svg
2018	2895	Harvard						
2018	2574	Hawaii	Bronze	medal	bronze	winner		https://static.igem.org/websites/common/2023/icons/medal-bronze-flat.svg
2018	2667	HebrewU	Best Environment Project	village		nominee	overgrad	
2018	2667	HebrewU	Best Plant Synthetic Biology	special		winner	overgrad	
2018	2667	HebrewU	Best Software Tool	special		nominee	overgrad	
2018	2667	HebrewU	Gold	medal	gold	winner		https://static.igem.org/websites/common/2023/icons/medal-flat.svg
2018	2582	Hong_Kong-CUHK	Gold	medal	gold	winner		https://static.igem.org/websites/common/2023/icons/medal-flat.svg
2018	2592	Hong_Kong_HKU	Best Part Collection	special		nominee	undergrad	
2018	2592	Hong_Kong_HKU	Gold	medal	gold	winner		https://static.igem.org/websites/common/2023/icons/medal-flat.svg
2018	2764	Hong_Kong_HKUST	Gold	medal	gold	winner		https://static.igem.org/websites/common/2023/icons/medal-flat.svg
2018	2578	Hong_Kong_JSS	Bronze	medal	bronze	winner		https://static.igem.org/websites/common/2023/icons/medal-bronze-flat.svg
2018	2802	ICT-Mumbai	Bronze	medal	bronze	winner		https://static.igem.org/websites/common/2023/icons/medal-bronze-flat.svg
2018	2790	IISER-Bhopal-India	Bronze	medal	bronze	winner		https://static.igem.org/websites/common/2023/icons/medal-bronze-flat.svg
2018	2773	IISER-Kolkata	Gold	medal	gold	winner		https://static.igem.org/websites/common/2023/icons/medal-flat.svg
2018	2743	IISER-Mohali	Best Food & Nutrition Project	village		nominee	underover	
2018	2743	IISER-Mohali	Bronze	medal	bronze	winner		https://static.igem.org/websites/common/2023/icons/medal-bronze-flat.svg
2018	2609	IISc-Bangalore	Best Software Tool	special		nominee	undergrad	
2018	2609	IISc-Bangalore	Gold	medal	gold	winner		https://static.igem.org/websites/common/2023/icons/medal-flat.svg
2018	2857	IIT-Madras	Gold	medal	gold	winner		https://static.igem.org/websites/common/2023/icons/medal-flat.svg
2018	2814	IIT_Delhi	Bronze	medal	bronze	winner		https://static.igem.org/websites/common/2023/icons/medal-bronze-flat.svg
2018	2874	IIT_Kanpur	Silver	medal	silver	winner		https://static.igem.org/websites/common/2023/icons/medal-silver-flat.svg
2018	2862	Imperial_College	Gold	medal	gold	winner		https://static.igem.org/websites/common/2023/icons/medal-flat.svg
2018	2614	JMU_Wuerzburg	Silver	medal	silver	winner		https://static.igem.org/websites/common/2023/icons/medal-silver-flat.svg
2018	2608	JNFLS	Bronze	medal	bronze	winner		https://static.igem.org/websites/common/2023/icons/medal-bronze-flat.svg
2018	2568	Jiangnan	Gold	medal	gold	winner		https://static.igem.org/websites/common/2023/icons/medal-flat.svg
2018	2606	Jiangnan_China	Silver	medal	silver	winner		https://static.igem.org/websites/common/2023/icons/medal-silver-flat.svg
2018	2541	Jilin_China	Best New Basic Part	special		nominee	undergrad	
2018	2541	Jilin_China	Best Part Collection	special		winner	undergrad	
2018	2541	Jilin_China	Gold	medal	gold	winner		https://static.igem.org/websites/common/2023/icons/medal-flat.svg
2018	2821	KAIT_JAPAN	Bronze	medal	bronze	winner		https://static.igem.org/websites/common/2023/icons/medal-bronze-flat.svg
2018	2595	KCL_UK	Silver	medal	silver	winner		https://static.igem.org/websites/common/2023/icons/medal-silver-flat.svg
2018	2564	KUAS_Korea	Bronze	medal	bronze	winner		https://static.igem.org/websites/common/2023/icons/medal-bronze-flat.svg
2018	2665	Kyoto	Silver	medal	silver	winner		https://static.igem.org/websites/common/2023/icons/medal-silver-flat.svg
2018	2701	LACAS_BioBots						
2018	2796	LZU-CHINA	Best New Composite Part	special		winner	undergrad	
2018	2796	LZU-CHINA	Best Part Collection	special		nominee	undergrad	
2018	2796	LZU-CHINA	Best Therapeutics Project	village		nominee	undergrad	
2018	2796	LZU-CHINA	Gold	medal	gold	winner		https://static.igem.org/websites/common/2023/icons/medal-flat.svg
2018	2550	Lambert_GA	Best Hardware	special		winner	high-school	
2018	2550	Lambert_GA	Best Integrated Human Practices	special		winner	high-school	
2018	2550	Lambert_GA	Best Measurement	special		winner	high-school	
2018	2550	Lambert_GA	Best Model	special		nominee	high-school	
2018	2550	Lambert_GA	Best Poster	special		nominee	high-school	
2018	2550	Lambert_GA	Best Presentation	special		winner	high-school	
2018	2550	Lambert_GA	Best Product Design	special		nominee	high-school	
2018	2550	Lambert_GA	Best Wiki	special		nominee	high-school	
2018	2550	Lambert_GA	Finalist	finalist		nominee	high-school	
2018	2550	Lambert_GA	Gold	medal	gold	winner		https://static.igem.org/websites/common/2023/icons/medal-flat.svg
2018	2610	Leiden	Best Entrepreneurship	special		nominee	overgrad	
2018	2610	Leiden	Best Integrated Human Practices	special		nominee	overgrad	
2018	2610	Leiden	Best Model	special		winner	overgrad	
2018	2610	Leiden	Best Part Collection	special		nominee	overgrad	
2018	2610	Leiden	Best Therapeutics Project	village		winner	overgrad	
2018	2610	Leiden	Best Wiki	special		nominee	overgrad	
2018	2610	Leiden	Finalist	finalist		nominee	overgrad	
2018	2610	Leiden	Gold	medal	gold	winner		https://static.igem.org/websites/common/2023/icons/medal-flat.svg
2018	2683	Lethbridge	Gold	medal	gold	winner		https://static.igem.org/websites/common/2023/icons/medal-flat.svg
2018	2692	Lethbridge_HS	Best Model	special		nominee	high-school	
2018	2692	Lethbridge_HS	Silver	medal	silver	winner		https://static.igem.org/websites/common/2023/icons/medal-silver-flat.svg
2018	2671	Linkoping_Sweden	Silver	medal	silver	winner		https://static.igem.org/websites/common/2023/icons/medal-silver-flat.svg
2018	2697	Lubbock_TTU	Bronze	medal	bronze	winner		https://static.igem.org/websites/common/2023/icons/medal-bronze-flat.svg
2018	2602	Lund	Gold	medal	gold	winner		https://static.igem.org/websites/common/2023/icons/medal-flat.svg
2018	2571	METU_HS_Ankara	Best New Basic Part	special		nominee	high-school	
2018	2571	METU_HS_Ankara	Best New Composite Part	special		nominee	high-school	
2018	2571	METU_HS_Ankara	Best Part Collection	special		nominee	high-school	
2018	2571	METU_HS_Ankara	Best Wiki	special		nominee	high-school	
2018	2571	METU_HS_Ankara	Finalist	finalist		nominee	high-school	
2018	2571	METU_HS_Ankara	Silver	medal	silver	winner		https://static.igem.org/websites/common/2023/icons/medal-silver-flat.svg
2018	2649	MIT	Bronze	medal	bronze	winner		https://static.igem.org/websites/common/2023/icons/medal-bronze-flat.svg
2018	2664	Macquarie_Australia	Bronze	medal	bronze	winner		https://static.igem.org/websites/common/2023/icons/medal-bronze-flat.svg
2018	2792	Madrid-OLM	Best Open Project	village		nominee	underover	
2018	2792	Madrid-OLM	Silver	medal	silver	winner		https://static.igem.org/websites/common/2023/icons/medal-silver-flat.svg
2018	2714	Makerere_University						
2018	2613	Manchester	Bronze	medal	bronze	winner		https://static.igem.org/websites/common/2023/icons/medal-bronze-flat.svg
2018	2560	Marburg	Best Education & Public Engagement	special		nominee	overgrad	
2018	2560	Marburg	Best Foundational Advance Project	village		winner	overgrad	
2018	2560	Marburg	Best Integrated Human Practices	special		nominee	overgrad	
2018	2560	Marburg	Best Measurement	special		nominee	overgrad	
2018	2560	Marburg	Best Model	special		nominee	overgrad	
2018	2560	Marburg	Best New Basic Part	special		nominee	overgrad	
2018	2560	Marburg	Best New Composite Part	special		nominee	overgrad	
2018	2560	Marburg	Best Part Collection	special		winner	overgrad	
2018	2560	Marburg	Best Poster	special		winner	overgrad	
2018	2560	Marburg	Best Presentation	special		nominee	overgrad	
2018	2560	Marburg	Best Wiki	special		nominee	overgrad	
2018	2560	Marburg	Finalist	finalist		winner	overgrad	
2018	2560	Marburg	Gold	medal	gold	winner		https://static.igem.org/websites/common/2023/icons/medal-flat.svg
2018	2560	Marburg	Grand Prize Winner	grand-prize	winner	winner	overgrad	
2018	2767	McGill	Bronze	medal	bronze	winner		https://static.igem.org/websites/common/2023/icons/medal-bronze-flat.svg
2018	2658	McMaster	Bronze	medal	bronze	winner		https://static.igem.org/websites/common/2023/icons/medal-bronze-flat.svg
2018	2691	McMasterA						
2018	2681	Melbourne						
2018	2813	Michigan	Bronze	medal	bronze	winner		https://static.igem.org/websites/common/2023/icons/medal-bronze-flat.svg
2018	2633	MichiganState	Bronze	medal	bronze	winner		https://static.igem.org/websites/common/2023/icons/medal-bronze-flat.svg
2018	2829	Michigan_Software						
2018	2543	Mingdao	Best New Basic Part	special		nominee	high-school	
2018	2543	Mingdao	Best Part Collection	special		nominee	high-school	
2018	2543	Mingdao	Gold	medal	gold	winner		https://static.igem.org/websites/common/2023/icons/medal-flat.svg
2018	2873	Minnesota						
2018	2678	Missouri_Rolla	Bronze	medal	bronze	winner		https://static.igem.org/websites/common/2023/icons/medal-bronze-flat.svg
2018	2666	Montpellier	Best Education & Public Engagement	special		winner	overgrad	
2018	2666	Montpellier	Gold	medal	gold	winner		https://static.igem.org/websites/common/2023/icons/medal-flat.svg
2018	2722	Munich	Best Entrepreneurship	special		winner	overgrad	
2018	2722	Munich	Best Integrated Human Practices	special		nominee	overgrad	
2018	2722	Munich	Best Manufacturing Project	village		winner	overgrad	
2018	2722	Munich	Best Poster	special		nominee	overgrad	
2018	2722	Munich	Best Presentation	special		winner	overgrad	
2018	2722	Munich	Best Software Tool	special		winner	overgrad	
2018	2722	Munich	Best Wiki	special		winner	overgrad	
2018	2722	Munich	Bronze	medal	bronze	winner		https://static.igem.org/websites/common/2023/icons/medal-bronze-flat.svg
2018	2722	Munich	Finalist	finalist		winner	overgrad	
2018	2722	Munich	First Runner Up	grand-prize	first-runner-up	winner	overgrad	
2018	2557	NAU-CHINA	Gold	medal	gold	winner		https://static.igem.org/websites/common/2023/icons/medal-flat.svg
2018	2850	NAWI_Graz	Bronze	medal	bronze	winner		https://static.igem.org/websites/common/2023/icons/medal-bronze-flat.svg
2018	2546	NCHU_Taichung	Gold	medal	gold	winner		https://static.igem.org/websites/common/2023/icons/medal-flat.svg
2018	2762	NCKU_Tainan	Best Environment Project	village		winner	undergrad	
2018	2762	NCKU_Tainan	Best Hardware	special		nominee	undergrad	
2018	2762	NCKU_Tainan	Best Measurement	special		nominee	undergrad	
2018	2762	NCKU_Tainan	Best Presentation	special		winner	undergrad	
2018	2762	NCKU_Tainan	Best Product Design	special		nominee	undergrad	
2018	2762	NCKU_Tainan	Finalist	finalist		nominee	undergrad	
2018	2762	NCKU_Tainan	Gold	medal	gold	winner		https://static.igem.org/websites/common/2023/icons/medal-flat.svg
2018	2599	NCTU_Formosa	Best Presentation	special		nominee	undergrad	
2018	2599	NCTU_Formosa	Silver	medal	silver	winner		https://static.igem.org/websites/common/2023/icons/medal-silver-flat.svg
2018	2694	NDC-HighRiverAB	Silver	medal	silver	winner		https://static.igem.org/websites/common/2023/icons/medal-silver-flat.svg
2018	2542	NEFU_China	Best Information Processing Project	village		winner	underover	https://static.igem.org/websites/common/2022/icons/village/informationprocessing.svg
2018	2542	NEFU_China	Gold	medal	gold	winner		https://static.igem.org/websites/common/2023/icons/medal-flat.svg
2018	2817	NEU_China_A	Gold	medal	gold	winner		https://static.igem.org/websites/common/2023/icons/medal-flat.svg
2018	2824	NEU_China_B	Silver	medal	silver	winner		https://static.igem.org/websites/common/2023/icons/medal-silver-flat.svg
2018	2781	NJU-China	Bronze	medal	bronze	winner		https://static.igem.org/websites/common/2023/icons/medal-bronze-flat.svg
2018	2705	NKU_CHINA	Best Model	special		nominee	undergrad	
2018	2705	NKU_CHINA	Best New Application Project	village		nominee	undergrad	https://static.igem.org/websites/common/2022/icons/village/newapplication.svg
2018	2705	NKU_CHINA	Best New Basic Part	special		nominee	undergrad	
2018	2705	NKU_CHINA	Best New Composite Part	special		nominee	undergrad	
2018	2705	NKU_CHINA	Gold	medal	gold	winner		https://static.igem.org/websites/common/2023/icons/medal-flat.svg
2018	2707	NPU-China	Silver	medal	silver	winner		https://static.igem.org/websites/common/2023/icons/medal-silver-flat.svg
2018	2635	NTHU_Formosa	Best Diagnostics Project	village		nominee	overgrad	https://static.igem.org/websites/common/2025/icons/villages/diagnostics.svg
2018	2635	NTHU_Formosa	Best Presentation	special		nominee	overgrad	
2018	2635	NTHU_Formosa	Gold	medal	gold	winner		https://static.igem.org/websites/common/2023/icons/medal-flat.svg
2018	2774	NTHU_Taiwan						
2018	2754	NTNU_Trondheim	Best Measurement	special		nominee	overgrad	
2018	2754	NTNU_Trondheim	Gold	medal	gold	winner		https://static.igem.org/websites/common/2023/icons/medal-flat.svg
2018	2818	NTU-Singapore	Best Foundational Advance Project	village		nominee	overgrad	
2018	2818	NTU-Singapore	Best New Basic Part	special		winner	overgrad	
2018	2818	NTU-Singapore	Gold	medal	gold	winner		https://static.igem.org/websites/common/2023/icons/medal-flat.svg
2018	2653	NUDT_CHINA						
2018	2819	NUS_Singapore-A	Best Hardware	special		nominee	undergrad	
2018	2819	NUS_Singapore-A	Best Manufacturing Project	village		nominee	undergrad	
2018	2819	NUS_Singapore-A	Gold	medal	gold	winner		https://static.igem.org/websites/common/2023/icons/medal-flat.svg
2018	2819	NUS_Singapore-A	Safety & Security	special		nominee	underover	
2018	2807	NUS_Singapore-Sci	Bronze	medal	bronze	winner		https://static.igem.org/websites/common/2023/icons/medal-bronze-flat.svg
2018	2896	NU_Kazakhstan	Best Environment Project	village		nominee	undergrad	
2018	2896	NU_Kazakhstan	Gold	medal	gold	winner		https://static.igem.org/websites/common/2023/icons/medal-flat.svg
2018	2544	NWU-China	Bronze	medal	bronze	winner		https://static.igem.org/websites/common/2023/icons/medal-bronze-flat.svg
2018	2751	NYMU-Taipei	Best New Application Project	village		nominee	undergrad	https://static.igem.org/websites/common/2022/icons/village/newapplication.svg
2018	2751	NYMU-Taipei	Gold	medal	gold	winner		https://static.igem.org/websites/common/2023/icons/medal-flat.svg
2018	2808	NYU_Abu_Dhabi	Best Diagnostics Project	village		nominee	undergrad	https://static.igem.org/websites/common/2025/icons/villages/diagnostics.svg
2018	2808	NYU_Abu_Dhabi	Finalist	finalist		nominee	undergrad	
2018	2808	NYU_Abu_Dhabi	Gold	medal	gold	winner		https://static.igem.org/websites/common/2023/icons/medal-flat.svg
2018	2740	Nanjing-China	Gold	medal	gold	winner		https://static.igem.org/websites/common/2023/icons/medal-flat.svg
2018	2597	Nanjing_NFLS	Bronze	medal	bronze	winner		https://static.igem.org/websites/common/2023/icons/medal-bronze-flat.svg
2018	2687	Navarra_BG	Best Measurement	special		nominee	high-school	
2018	2687	Navarra_BG	Best Plant Synthetic Biology	special		winner	high-school	
2018	2687	Navarra_BG	Best Poster	special		nominee	high-school	
2018	2831	New_York_City	Bronze	medal	bronze	winner		https://static.igem.org/websites/common/2023/icons/medal-bronze-flat.svg
2018	2797	Newcastle	Best Measurement	special		nominee	overgrad	
2018	2797	Newcastle	Gold	medal	gold	winner		https://static.igem.org/websites/common/2023/icons/medal-flat.svg
2018	2659	NorthernBC-Canada						
2018	2806	Northwestern	Bronze	medal	bronze	winner		https://static.igem.org/websites/common/2023/icons/medal-bronze-flat.svg
2018	2715	Nottingham	Best New Composite Part	special		nominee	undergrad	
2018	2715	Nottingham	Gold	medal	gold	winner		https://static.igem.org/websites/common/2023/icons/medal-flat.svg
2018	2650	OLS_Canmore_Canada	Chairmans Prize	special		winner		
2018	2615	OUC-China	Best Foundational Advance Project	village		winner	undergrad	
2018	2615	OUC-China	Best New Basic Part	special		nominee	undergrad	
2018	2615	OUC-China	Gold	medal	gold	winner		https://static.igem.org/websites/common/2023/icons/medal-flat.svg
2018	2757	Oxford	Best Entrepreneurship	special		nominee	undergrad	
2018	2757	Oxford	Best Integrated Human Practices	special		nominee	undergrad	
2018	2757	Oxford	Best Therapeutics Project	village		winner	undergrad	
2018	2757	Oxford	Best Wiki	special		nominee	undergrad	
2018	2757	Oxford	Gold	medal	gold	winner		https://static.igem.org/websites/common/2023/icons/medal-flat.svg
2018	2738	Paris_Bettencourt	Best New Composite Part	special		nominee	overgrad	
2018	2738	Paris_Bettencourt	Best Software Tool	special		nominee	overgrad	
2018	2738	Paris_Bettencourt	Gold	medal	gold	winner		https://static.igem.org/websites/common/2023/icons/medal-flat.svg
2018	2616	Pasteur_Paris	Best Product Design	special		nominee	overgrad	
2018	2616	Pasteur_Paris	Gold	medal	gold	winner		https://static.igem.org/websites/common/2023/icons/medal-flat.svg
2018	2601	Peking	Best Foundational Advance Project	village		nominee	undergrad	
2018	2601	Peking	Best New Composite Part	special		nominee	undergrad	
2018	2601	Peking	Best Part Collection	special		nominee	undergrad	
2018	2601	Peking	Gold	medal	gold	winner		https://static.igem.org/websites/common/2023/icons/medal-flat.svg
2018	2785	Pittsburgh	Silver	medal	silver	winner		https://static.igem.org/websites/common/2023/icons/medal-silver-flat.svg
2018	2565	Pittsburgh_CSL	Bronze	medal	bronze	winner		https://static.igem.org/websites/common/2023/icons/medal-bronze-flat.svg
2018	2696	Purdue	Bronze	medal	bronze	winner		https://static.igem.org/websites/common/2023/icons/medal-bronze-flat.svg
2018	2612	Queens_Canada	Best Diagnostics Project	village		nominee	undergrad	https://static.igem.org/websites/common/2025/icons/villages/diagnostics.svg
2018	2612	Queens_Canada	Best Entrepreneurship	special		nominee	undergrad	
2018	2612	Queens_Canada	Best Poster	special		nominee	undergrad	
2018	2612	Queens_Canada	Best Presentation	special		nominee	undergrad	
2018	2612	Queens_Canada	Best Product Design	special		nominee	undergrad	
2018	2612	Queens_Canada	Gold	medal	gold	winner		https://static.igem.org/websites/common/2023/icons/medal-flat.svg
2018	2572	RDFZ-China	Gold	medal	gold	winner		https://static.igem.org/websites/common/2023/icons/medal-flat.svg
2018	2645	REC-CHENNAI	Bronze	medal	bronze	winner		https://static.igem.org/websites/common/2023/icons/medal-bronze-flat.svg
2018	2716	RHIT	Bronze	medal	bronze	winner		https://static.igem.org/websites/common/2023/icons/medal-bronze-flat.svg
2018	2741	RMHS_Maryland	Bronze	medal	bronze	winner		https://static.igem.org/websites/common/2023/icons/medal-bronze-flat.svg
2018	2655	Rheda_Bielefeld	Bronze	medal	bronze	winner		https://static.igem.org/websites/common/2023/icons/medal-bronze-flat.svg
2018	2540	Rice	Best Education & Public Engagement	special		nominee	undergrad	
2018	2540	Rice	Best Foundational Advance Project	village		nominee	undergrad	
2018	2540	Rice	Gold	medal	gold	winner		https://static.igem.org/websites/common/2023/icons/medal-flat.svg
2018	2604	Rotterdam_HR	Bronze	medal	bronze	winner		https://static.igem.org/websites/common/2023/icons/medal-bronze-flat.svg
2018	2749	Ruia-Mumbai	Best Environment Project	village		nominee	undergrad	
2018	2749	Ruia-Mumbai	Best Integrated Human Practices	special		winner	undergrad	
2018	2749	Ruia-Mumbai	Best Presentation	special		nominee	undergrad	
2018	2749	Ruia-Mumbai	Gold	medal	gold	winner		https://static.igem.org/websites/common/2023/icons/medal-flat.svg
2018	2888	SBS_SH_112144	Silver	medal	silver	winner		https://static.igem.org/websites/common/2023/icons/medal-silver-flat.svg
2018	2559	SCAU-China	Silver	medal	silver	winner		https://static.igem.org/websites/common/2023/icons/medal-silver-flat.svg
2018	2611	SCU-China	Silver	medal	silver	winner		https://static.igem.org/websites/common/2023/icons/medal-silver-flat.svg
2018	2733	SCUT-ChinaA	Bronze	medal	bronze	winner		https://static.igem.org/websites/common/2023/icons/medal-bronze-flat.svg
2018	2763	SCUT_ChinaB						
2018	2553	SDSZ_China	Best Integrated Human Practices	special		nominee	high-school	
2018	2553	SDSZ_China	Bronze	medal	bronze	winner		https://static.igem.org/websites/common/2023/icons/medal-bronze-flat.svg
2018	2627	SDU-CHINA	Gold	medal	gold	winner		https://static.igem.org/websites/common/2023/icons/medal-flat.svg
2018	2816	SFLS_Shenzhen						
2018	2745	SHPH-Shanghai	Bronze	medal	bronze	winner		https://static.igem.org/websites/common/2023/icons/medal-bronze-flat.svg
2018	2684	SHSBNU_China	Gold	medal	gold	winner		https://static.igem.org/websites/common/2023/icons/medal-flat.svg
2018	2836	SHSID_China	Bronze	medal	bronze	winner		https://static.igem.org/websites/common/2023/icons/medal-bronze-flat.svg
2018	2794	SHSU_China	Silver	medal	silver	winner		https://static.igem.org/websites/common/2023/icons/medal-silver-flat.svg
2018	2830	SIAT-SCIE	Bronze	medal	bronze	winner		https://static.igem.org/websites/common/2023/icons/medal-bronze-flat.svg
2018	2552	SJTU-BioX-Shanghai	Best Diagnostics Project	village		nominee	undergrad	https://static.igem.org/websites/common/2025/icons/villages/diagnostics.svg
2018	2552	SJTU-BioX-Shanghai	Gold	medal	gold	winner		https://static.igem.org/websites/common/2023/icons/medal-flat.svg
2018	2704	SJTU-software	Silver	medal	silver	winner		https://static.igem.org/websites/common/2023/icons/medal-silver-flat.svg
2018	2569	SKLMT-China	Bronze	medal	bronze	winner		https://static.igem.org/websites/common/2023/icons/medal-bronze-flat.svg
2018	2865	SMMU-China	Silver	medal	silver	winner		https://static.igem.org/websites/common/2023/icons/medal-silver-flat.svg
2018	2551	SMS_Shenzhen	Bronze	medal	bronze	winner		https://static.igem.org/websites/common/2023/icons/medal-bronze-flat.svg
2018	2878	SSHS-Shenzhen	Silver	medal	silver	winner		https://static.igem.org/websites/common/2023/icons/medal-silver-flat.svg
2018	2593	SSTi-SZGD	Bronze	medal	bronze	winner		https://static.igem.org/websites/common/2023/icons/medal-bronze-flat.svg
2018	2690	SUIS_Shanghai	Best Education & Public Engagement	special		winner	high-school	
2018	2690	SUIS_Shanghai	Bronze	medal	bronze	winner		https://static.igem.org/websites/common/2023/icons/medal-bronze-flat.svg
2018	2591	SUSTech_Shenzhen	Silver	medal	silver	winner		https://static.igem.org/websites/common/2023/icons/medal-silver-flat.svg
2018	2748	SYSU-CHINA	Best Measurement	special		nominee	undergrad	
2018	2748	SYSU-CHINA	Best New Basic Part	special		winner	undergrad	
2018	2748	SYSU-CHINA	Best Therapeutics Project	village		nominee	undergrad	
2018	2748	SYSU-CHINA	Gold	medal	gold	winner		https://static.igem.org/websites/common/2023/icons/medal-flat.svg
2018	2750	SYSU-Software	Silver	medal	silver	winner		https://static.igem.org/websites/common/2023/icons/medal-silver-flat.svg
2018	2788	SZU-China	Best Education & Public Engagement	special		nominee	undergrad	
2018	2788	SZU-China	Best Integrated Human Practices	special		nominee	undergrad	
2018	2788	SZU-China	Best Manufacturing Project	village		winner	undergrad	
2018	2788	SZU-China	Best Model	special		nominee	undergrad	
2018	2788	SZU-China	Best Product Design	special		winner	undergrad	
2018	2788	SZU-China	Best Wiki	special		nominee	undergrad	
2018	2788	SZU-China	Finalist	finalist		winner	undergrad	
2018	2788	SZU-China	Gold	medal	gold	winner		https://static.igem.org/websites/common/2023/icons/medal-flat.svg
2018	2788	SZU-China	Second Runner Up	grand-prize	second-runner-up	winner	undergrad	
2018	2897	Saint_Joseph	Bronze	medal	bronze	winner		https://static.igem.org/websites/common/2023/icons/medal-bronze-flat.svg
2018	2787	ShanghaiTech	Gold	medal	gold	winner		https://static.igem.org/websites/common/2023/icons/medal-flat.svg
2018	2703	Sorbonne_U_Paris	Bronze	medal	bronze	winner		https://static.igem.org/websites/common/2023/icons/medal-bronze-flat.svg
2018	2844	St_Andrews	Bronze	medal	bronze	winner		https://static.igem.org/websites/common/2023/icons/medal-bronze-flat.svg
2018	2876	Stanford	Silver	medal	silver	winner		https://static.igem.org/websites/common/2023/icons/medal-silver-flat.svg
2018	2868	Stanford-Brown-RISD	Best Manufacturing Project	village		nominee	undergrad	
2018	2868	Stanford-Brown-RISD	Best New Composite Part	special		nominee	undergrad	
2018	2868	Stanford-Brown-RISD	Bronze	medal	bronze	winner		https://static.igem.org/websites/common/2023/icons/medal-bronze-flat.svg
2018	2835	Stockholm	Best Education & Public Engagement	special		nominee	overgrad	
2018	2835	Stockholm	Best Entrepreneurship	special		nominee	overgrad	
2018	2835	Stockholm	Best Environment Project	village		winner	overgrad	
2018	2835	Stockholm	Best Integrated Human Practices	special		winner	overgrad	
2018	2835	Stockholm	Best Model	special		nominee	overgrad	
2018	2835	Stockholm	Best Presentation	special		nominee	overgrad	
2018	2835	Stockholm	Best Product Design	special		nominee	overgrad	
2018	2835	Stockholm	Gold	medal	gold	winner		https://static.igem.org/websites/common/2023/icons/medal-flat.svg
2018	2596	Stony_Brook	Best Energy Project	village		nominee	underover	
2018	2596	Stony_Brook	Gold	medal	gold	winner		https://static.igem.org/websites/common/2023/icons/medal-flat.svg
2018	2848	Stuttgart	Gold	medal	gold	winner		https://static.igem.org/websites/common/2023/icons/medal-flat.svg
2018	2539	TAS_Taipei	Best Education & Public Engagement	special		nominee	high-school	
2018	2539	TAS_Taipei	Best Entrepreneurship	special		winner	high-school	
2018	2539	TAS_Taipei	Best Integrated Human Practices	special		nominee	high-school	
2018	2539	TAS_Taipei	Best Model	special		nominee	high-school	
2018	2539	TAS_Taipei	Best Poster	special		nominee	high-school	
2018	2539	TAS_Taipei	Best Presentation	special		nominee	high-school	
2018	2539	TAS_Taipei	Best Product Design	special		nominee	high-school	
2018	2539	TAS_Taipei	Best Wiki	special		nominee	high-school	
2018	2539	TAS_Taipei	Finalist	finalist		nominee	high-school	
2018	2539	TAS_Taipei	Gold	medal	gold	winner		https://static.igem.org/websites/common/2023/icons/medal-flat.svg
2018	2644	TJU_China	Bronze	medal	bronze	winner		https://static.igem.org/websites/common/2023/icons/medal-bronze-flat.svg
2018	2590	TPHS_San_Diego	Bronze	medal	bronze	winner		https://static.igem.org/websites/common/2023/icons/medal-bronze-flat.svg
2018	2812	TU-Eindhoven	Best New Basic Part	special		nominee	overgrad	
2018	2812	TU-Eindhoven	Best New Composite Part	special		nominee	overgrad	
2018	2812	TU-Eindhoven	Gold	medal	gold	winner		https://static.igem.org/websites/common/2023/icons/medal-flat.svg
2018	2643	TUDelft	Best Education & Public Engagement	special		nominee	overgrad	
2018	2643	TUDelft	Best Entrepreneurship	special		nominee	overgrad	
2018	2643	TUDelft	Best Integrated Human Practices	special		nominee	overgrad	
2018	2643	TUDelft	Best New Application Project	village		winner	overgrad	https://static.igem.org/websites/common/2022/icons/village/newapplication.svg
2018	2643	TUDelft	Best Part Collection	special		nominee	overgrad	
2018	2643	TUDelft	Best Poster	special		nominee	overgrad	
2018	2643	TUDelft	Best Product Design	special		winner	overgrad	
2018	2643	TUDelft	Best Wiki	special		nominee	overgrad	
2018	2643	TUDelft	Finalist	finalist		nominee	overgrad	
2018	2643	TUDelft	Gold	medal	gold	winner		https://static.igem.org/websites/common/2023/icons/medal-flat.svg
2018	2685	TUST_China	Silver	medal	silver	winner		https://static.igem.org/websites/common/2023/icons/medal-silver-flat.svg
2018	2770	TU_Darmstadt	Best New Composite Part	special		winner	overgrad	
2018	2770	TU_Darmstadt	Silver	medal	silver	winner		https://static.igem.org/websites/common/2023/icons/medal-silver-flat.svg
2018	2673	Tacoma_RAINmakers	Best Education & Public Engagement	special		nominee	high-school	
2018	2673	Tacoma_RAINmakers	Bronze	medal	bronze	winner		https://static.igem.org/websites/common/2023/icons/medal-bronze-flat.svg
2018	2576	Tartu_TUIT	Silver	medal	silver	winner		https://static.igem.org/websites/common/2023/icons/medal-silver-flat.svg
2018	2834	Tec-Chihuahua	Best Education & Public Engagement	special		nominee	undergrad	
2018	2834	Tec-Chihuahua	Best Entrepreneurship	special		nominee	undergrad	
2018	2834	Tec-Chihuahua	Best Food & Nutrition Project	village		nominee	underover	
2018	2834	Tec-Chihuahua	Gold	medal	gold	winner		https://static.igem.org/websites/common/2023/icons/medal-flat.svg
2018	2761	Tec-Monterrey	Silver	medal	silver	winner		https://static.igem.org/websites/common/2023/icons/medal-silver-flat.svg
2018	2719	TecCEM	Best Hardware	special		nominee	undergrad	
2018	2719	TecCEM	Best Measurement	special		nominee	undergrad	
2018	2719	TecCEM	Best Software Tool	special		nominee	undergrad	
2018	2719	TecCEM	Best Therapeutics Project	village		nominee	undergrad	
2018	2719	TecCEM	Gold	medal	gold	winner		https://static.igem.org/websites/common/2023/icons/medal-flat.svg
2018	2760	TecMonterrey_GDL	Bronze	medal	bronze	winner		https://static.igem.org/websites/common/2023/icons/medal-bronze-flat.svg
2018	2839	Thessaloniki	Silver	medal	silver	winner		https://static.igem.org/websites/common/2023/icons/medal-silver-flat.svg
2018	2637	Tianjin						
2018	2729	Tokyo_Tech	Bronze	medal	bronze	winner		https://static.igem.org/websites/common/2023/icons/medal-bronze-flat.svg
2018	2863	Tongji-Software	Gold	medal	gold	winner		https://static.igem.org/websites/common/2023/icons/medal-flat.svg
2018	2730	Tongji_China	Bronze	medal	bronze	winner		https://static.igem.org/websites/common/2023/icons/medal-bronze-flat.svg
2018	2699	Toronto	Silver	medal	silver	winner		https://static.igem.org/websites/common/2023/icons/medal-silver-flat.svg
2018	2668	Toulouse-INSA-UPS	Best Manufacturing Project	village		nominee	undergrad	
2018	2668	Toulouse-INSA-UPS	Best New Basic Part	special		winner	undergrad	
2018	2668	Toulouse-INSA-UPS	Gold	medal	gold	winner		https://static.igem.org/websites/common/2023/icons/medal-flat.svg
2018	2558	Tsinghua	Best Information Processing Project	village		nominee	underover	https://static.igem.org/websites/common/2022/icons/village/informationprocessing.svg
2018	2558	Tsinghua	Gold	medal	gold	winner		https://static.igem.org/websites/common/2023/icons/medal-flat.svg
2018	2583	Tsinghua-A	Gold	medal	gold	winner		https://static.igem.org/websites/common/2023/icons/medal-flat.svg
2018	2689	Tuebingen	Silver	medal	silver	winner		https://static.igem.org/websites/common/2023/icons/medal-silver-flat.svg
2018	2875	Tufts	Bronze	medal	bronze	winner		https://static.igem.org/websites/common/2023/icons/medal-bronze-flat.svg
2018	2779	UAlberta	Best Food & Nutrition Project	village		winner	underover	
2018	2779	UAlberta	Best Integrated Human Practices	special		nominee	undergrad	
2018	2779	UAlberta	Gold	medal	gold	winner		https://static.igem.org/websites/common/2023/icons/medal-flat.svg
2018	2676	UBonn_HBRS						
2018	2598	UCAS-China	Best Open Project	village		winner	underover	
2018	2598	UCAS-China	Gold	medal	gold	winner		https://static.igem.org/websites/common/2023/icons/medal-flat.svg
2018	2842	UCL	Silver	medal	silver	winner		https://static.igem.org/websites/common/2023/icons/medal-silver-flat.svg
2018	2654	UCLouvain	Bronze	medal	bronze	winner		https://static.igem.org/websites/common/2023/icons/medal-bronze-flat.svg
2018	2628	UCSC						
2018	2869	UC_Davis	Best Measurement	special		winner	undergrad	
2018	2869	UC_Davis	Best Presentation	special		nominee	undergrad	
2018	2869	UC_Davis	Gold	medal	gold	winner		https://static.igem.org/websites/common/2023/icons/medal-flat.svg
2018	2881	UC_San_Diego	Best Diagnostics Project	village		winner	undergrad	https://static.igem.org/websites/common/2025/icons/villages/diagnostics.svg
2018	2881	UC_San_Diego	Best Education & Public Engagement	special		winner	undergrad	
2018	2881	UC_San_Diego	Best Entrepreneurship	special		winner	undergrad	
2018	2881	UC_San_Diego	Best Integrated Human Practices	special		nominee	undergrad	
2018	2881	UC_San_Diego	Best Poster	special		winner	undergrad	
2018	2881	UC_San_Diego	Best Wiki	special		nominee	undergrad	
2018	2881	UC_San_Diego	Finalist	finalist		winner	undergrad	
2018	2881	UC_San_Diego	First Runner Up	grand-prize	first-runner-up	winner	undergrad	
2018	2881	UC_San_Diego	Gold	medal	gold	winner		https://static.igem.org/websites/common/2023/icons/medal-flat.svg
2018	2780	UChicago	Silver	medal	silver	winner		https://static.igem.org/websites/common/2023/icons/medal-silver-flat.svg
2018	2723	UChile_Biotec	Bronze	medal	bronze	winner		https://static.igem.org/websites/common/2023/icons/medal-bronze-flat.svg
2018	2706	UConn	Bronze	medal	bronze	winner		https://static.igem.org/websites/common/2023/icons/medal-bronze-flat.svg
2018	2871	UCopenhagen	Best Poster	special		nominee	overgrad	
2018	2871	UCopenhagen	Gold	medal	gold	winner		https://static.igem.org/websites/common/2023/icons/medal-flat.svg
2018	2617	UESTC-China	Best Energy Project	village		winner	underover	
2018	2617	UESTC-China	Gold	medal	gold	winner		https://static.igem.org/websites/common/2023/icons/medal-flat.svg
2018	2646	UESTC-Software	Best Product Design	special		nominee	undergrad	
2018	2646	UESTC-Software	Best Software Project	village		winner	underover	
2018	2646	UESTC-Software	Gold	medal	gold	winner		https://static.igem.org/websites/common/2023/icons/medal-flat.svg
2018	2677	UFlorida	Silver	medal	silver	winner		https://static.igem.org/websites/common/2023/icons/medal-silver-flat.svg
2018	2575	UGA	Bronze	medal	bronze	winner		https://static.igem.org/websites/common/2023/icons/medal-bronze-flat.svg
2018	2712	UIOWA	Bronze	medal	bronze	winner		https://static.igem.org/websites/common/2023/icons/medal-bronze-flat.svg
2018	2828	UIUC_Illinois	Bronze	medal	bronze	winner		https://static.igem.org/websites/common/2023/icons/medal-bronze-flat.svg
2018	2607	UI_Indonesia	Gold	medal	gold	winner		https://static.igem.org/websites/common/2023/icons/medal-flat.svg
2018	2651	ULaVerne_Collab						
2018	2672	ULaval	Bronze	medal	bronze	winner		https://static.igem.org/websites/common/2023/icons/medal-bronze-flat.svg
2018	2825	UMaryland	Gold	medal	gold	winner		https://static.igem.org/websites/common/2023/icons/medal-flat.svg
2018	2858	UMass_Dartmouth						
2018	2710	UNSW_Australia	Best Poster	special		nominee	undergrad	
2018	2710	UNSW_Australia	Best Software Tool	special		nominee	undergrad	
2018	2710	UNSW_Australia	Gold	medal	gold	winner		https://static.igem.org/websites/common/2023/icons/medal-flat.svg
2018	2662	UNebraska-Lincoln	Best Poster	special		nominee	undergrad	
2018	2662	UNebraska-Lincoln	Silver	medal	silver	winner		https://static.igem.org/websites/common/2023/icons/medal-silver-flat.svg
2018	2581	UPF_CRG_Barcelona	Best Measurement	special		nominee	undergrad	
2018	2581	UPF_CRG_Barcelona	Best Model	special		nominee	undergrad	
2018	2581	UPF_CRG_Barcelona	Best New Composite Part	special		nominee	undergrad	
2018	2581	UPF_CRG_Barcelona	Best Therapeutics Project	village		nominee	undergrad	
2018	2581	UPF_CRG_Barcelona	Gold	medal	gold	winner		https://static.igem.org/websites/common/2023/icons/medal-flat.svg
2018	2732	USAFA	Bronze	medal	bronze	winner		https://static.igem.org/websites/common/2023/icons/medal-bronze-flat.svg
2018	2838	USMA-West_Point	Bronze	medal	bronze	winner		https://static.igem.org/websites/common/2023/icons/medal-bronze-flat.svg
2018	2724	USNA_Annapolis						
2018	2771	USP-Brazil	Best Measurement	special		winner	overgrad	
2018	2771	USP-Brazil	Silver	medal	silver	winner		https://static.igem.org/websites/common/2023/icons/medal-silver-flat.svg
2018	2603	USP-EEL-Brazil	Bronze	medal	bronze	winner		https://static.igem.org/websites/common/2023/icons/medal-bronze-flat.svg
2018	2768	USTC	Bronze	medal	bronze	winner		https://static.igem.org/websites/common/2023/icons/medal-bronze-flat.svg
2018	2769	USTC-Software	Silver	medal	silver	winner		https://static.igem.org/websites/common/2023/icons/medal-silver-flat.svg
2018	2537	UST_Beijing	Bronze	medal	bronze	winner		https://static.igem.org/websites/common/2023/icons/medal-bronze-flat.svg
2018	2594	US_AFRL_CarrollHS	Bronze	medal	bronze	winner		https://static.igem.org/websites/common/2023/icons/medal-bronze-flat.svg
2018	2742	UT-Knoxville	Silver	medal	silver	winner		https://static.igem.org/websites/common/2023/icons/medal-silver-flat.svg
2018	2711	UiOslo_Norway	Best Diagnostics Project	village		winner	overgrad	https://static.igem.org/websites/common/2025/icons/villages/diagnostics.svg
2018	2711	UiOslo_Norway	Best Presentation	special		nominee	overgrad	
2018	2711	UiOslo_Norway	Gold	medal	gold	winner		https://static.igem.org/websites/common/2023/icons/medal-flat.svg
2018	2660	Unesp_Brazil	Best Education & Public Engagement	special		nominee	overgrad	
2018	2660	Unesp_Brazil	Best Hardware	special		winner	overgrad	
2018	2660	Unesp_Brazil	Best Part Collection	special		nominee	overgrad	
2018	2660	Unesp_Brazil	Gold	medal	gold	winner		https://static.igem.org/websites/common/2023/icons/medal-flat.svg
2018	2777	UofGuelph						
2018	2669	Uppsala	Gold	medal	gold	winner		https://static.igem.org/websites/common/2023/icons/medal-flat.svg
2018	2736	Utrecht	Best Environment Project	village		nominee	undergrad	
2018	2736	Utrecht	Best Wiki	special		nominee	undergrad	
2018	2736	Utrecht	Bronze	medal	bronze	winner		https://static.igem.org/websites/common/2023/icons/medal-bronze-flat.svg
2018	2775	VIT_Vellore	Bronze	medal	bronze	winner		https://static.igem.org/websites/common/2023/icons/medal-bronze-flat.svg
2018	2656	Valencia_UPV	Best Education & Public Engagement	special		nominee	undergrad	
2018	2656	Valencia_UPV	Best Hardware	special		winner	undergrad	
2018	2656	Valencia_UPV	Best Model	special		winner	undergrad	
2018	2656	Valencia_UPV	Best New Application Project	village		winner	undergrad	https://static.igem.org/websites/common/2022/icons/village/newapplication.svg
2018	2656	Valencia_UPV	Best Part Collection	special		nominee	undergrad	
2018	2656	Valencia_UPV	Best Poster	special		nominee	undergrad	
2018	2656	Valencia_UPV	Best Software Tool	special		winner	undergrad	
2018	2656	Valencia_UPV	Best Wiki	special		winner	undergrad	
2018	2656	Valencia_UPV	Finalist	finalist		winner	undergrad	
2018	2656	Valencia_UPV	Gold	medal	gold	winner		https://static.igem.org/websites/common/2023/icons/medal-flat.svg
2018	2656	Valencia_UPV	Grand Prize Winner	grand-prize	winner	winner	undergrad	
2018	2622	Vilnius-Lithuania	Best Foundational Advance Project	village		nominee	undergrad	
2018	2622	Vilnius-Lithuania	Best Model	special		nominee	undergrad	
2018	2622	Vilnius-Lithuania	Bronze	medal	bronze	winner		https://static.igem.org/websites/common/2023/icons/medal-bronze-flat.svg
2018	2621	Vilnius-Lithuania-OG	Best Foundational Advance Project	village		nominee	overgrad	
2018	2621	Vilnius-Lithuania-OG	Best Model	special		winner	overgrad	
2018	2621	Vilnius-Lithuania-OG	Best New Composite Part	special		nominee	overgrad	
2018	2621	Vilnius-Lithuania-OG	Best Part Collection	special		nominee	overgrad	
2018	2621	Vilnius-Lithuania-OG	Gold	medal	gold	winner		https://static.igem.org/websites/common/2023/icons/medal-flat.svg
2018	2535	Virginia	Best Software Tool	special		nominee	undergrad	
2018	2535	Virginia	Bronze	medal	bronze	winner		https://static.igem.org/websites/common/2023/icons/medal-bronze-flat.svg
2018	2789	WHU-China	Gold	medal	gold	winner		https://static.igem.org/websites/common/2023/icons/medal-flat.svg
2018	2589	WLC-Milwaukee	Bronze	medal	bronze	winner		https://static.igem.org/websites/common/2023/icons/medal-bronze-flat.svg
2018	2577	WPI_Worcester	Silver	medal	silver	winner		https://static.igem.org/websites/common/2023/icons/medal-silver-flat.svg
2018	2841	Warwick	Gold	medal	gold	winner		https://static.igem.org/websites/common/2023/icons/medal-flat.svg
2018	2663	WashU_StLouis	Best Integrated Human Practices	special		nominee	overgrad	
2018	2663	WashU_StLouis	Bronze	medal	bronze	winner		https://static.igem.org/websites/common/2023/icons/medal-bronze-flat.svg
2018	2682	Washington	Silver	medal	silver	winner		https://static.igem.org/websites/common/2023/icons/medal-silver-flat.svg
2018	2573	Waterloo	Silver	medal	silver	winner		https://static.igem.org/websites/common/2023/icons/medal-silver-flat.svg
2018	2626	Westminster_UK	Silver	medal	silver	winner		https://static.igem.org/websites/common/2023/icons/medal-silver-flat.svg
2018	2680	William_and_Mary	Gold	medal	gold	winner		https://static.igem.org/websites/common/2023/icons/medal-flat.svg
2018	2889	Worldshaper-Wuhan	Bronze	medal	bronze	winner		https://static.igem.org/websites/common/2023/icons/medal-bronze-flat.svg
2018	2827	Worldshaper-XSHS	Silver	medal	silver	winner		https://static.igem.org/websites/common/2023/icons/medal-silver-flat.svg
2018	2619	XJTLU-CHINA	Silver	medal	silver	winner		https://static.igem.org/websites/common/2023/icons/medal-silver-flat.svg
2018	2791	XJTU-China	Gold	medal	gold	winner		https://static.igem.org/websites/common/2023/icons/medal-flat.svg
2018	2623	XMU-China	Gold	medal	gold	winner		https://static.igem.org/websites/common/2023/icons/medal-flat.svg
2018	2795	Yale	Silver	medal	silver	winner		https://static.igem.org/websites/common/2023/icons/medal-silver-flat.svg
2018	2721	ZJU-China	Gold	medal	gold	winner		https://static.igem.org/websites/common/2023/icons/medal-flat.svg
2018	2556	ZJUT-China	Gold	medal	gold	winner		https://static.igem.org/websites/common/2023/icons/medal-flat.svg
2018	2563	iTesla-SoundBio	Bronze	medal	bronze	winner		https://static.igem.org/websites/common/2023/icons/medal-bronze-flat.svg
2019	3272	ACIBADEM_ISTANBUL						
2019	3244	AFCM-Egypt	Bronze	medal	bronze	winner		https://static.igem.org/websites/common/2023/icons/medal-bronze-flat.svg
2019	2949	AHUT_China	Bronze	medal	bronze	winner		https://static.igem.org/websites/common/2023/icons/medal-bronze-flat.svg
2019	2928	ASIJ_Tokyo						
2019	3152	ASTWS-China	Gold	medal	gold	winner		https://static.igem.org/websites/common/2023/icons/medal-flat.svg
2019	3013	Aachen	Best Environment Project	village		nominee	overgrad	
2019	3013	Aachen	Gold	medal	gold	winner		https://static.igem.org/websites/common/2023/icons/medal-flat.svg
2019	3016	Aalto-Helsinki	Silver	medal	silver	winner		https://static.igem.org/websites/common/2023/icons/medal-silver-flat.svg
2019	2941	Aboa	Silver	medal	silver	winner		https://static.igem.org/websites/common/2023/icons/medal-silver-flat.svg
2019	2915	Aix-Marseille	Silver	medal	silver	winner		https://static.igem.org/websites/common/2023/icons/medal-silver-flat.svg
2019	3085	Alabama						
2019	2905	Alma	Silver	medal	silver	winner		https://static.igem.org/websites/common/2023/icons/medal-silver-flat.svg
2019	3320	Amazonas-Brazil	Bronze	medal	bronze	winner		https://static.igem.org/websites/common/2023/icons/medal-bronze-flat.svg
2019	3201	Athens	Best New Application Project	village		nominee	undergrad	https://static.igem.org/websites/common/2022/icons/village/newapplication.svg
2019	3201	Athens	Gold	medal	gold	winner		https://static.igem.org/websites/common/2023/icons/medal-flat.svg
2019	2975	Auburn_Alabama	Bronze	medal	bronze	winner		https://static.igem.org/websites/common/2023/icons/medal-bronze-flat.svg
2019	3174	Austin_UTexas	Best Foundational Advance Project	village		nominee	undergrad	
2019	3174	Austin_UTexas	Best Measurement	special		winner	undergrad	
2019	3174	Austin_UTexas	Gold	medal	gold	winner		https://static.igem.org/websites/common/2023/icons/medal-flat.svg
2019	3143	BEAS_China	Gold	medal	gold	winner		https://static.igem.org/websites/common/2023/icons/medal-flat.svg
2019	2938	BGU_Israel	Gold	medal	gold	winner		https://static.igem.org/websites/common/2023/icons/medal-flat.svg
2019	3202	BHSF_ND	Gold	medal	gold	winner		https://static.igem.org/websites/common/2023/icons/medal-flat.svg
2019	3020	BIT	Best Hardware	special		nominee	undergrad	
2019	3020	BIT	Gold	medal	gold	winner		https://static.igem.org/websites/common/2023/icons/medal-flat.svg
2019	2972	BIT-China	Gold	medal	gold	winner		https://static.igem.org/websites/common/2023/icons/medal-flat.svg
2019	3120	BM-AMU	Best Foundational Advance Project	village		nominee	undergrad	
2019	3120	BM-AMU	Gold	medal	gold	winner		https://static.igem.org/websites/common/2023/icons/medal-flat.svg
2019	2950	BNDS_China	Silver	medal	silver	winner		https://static.igem.org/websites/common/2023/icons/medal-silver-flat.svg
2019	3036	BNU-China	Best Therapeutics Project	village		nominee	undergrad	
2019	3036	BNU-China	Gold	medal	gold	winner		https://static.igem.org/websites/common/2023/icons/medal-flat.svg
2019	3015	BOKU-Vienna	Gold	medal	gold	winner		https://static.igem.org/websites/common/2023/icons/medal-flat.svg
2019	3141	BSC_United	Silver	medal	silver	winner		https://static.igem.org/websites/common/2023/icons/medal-silver-flat.svg
2019	3238	BUAP_Mexico	Bronze	medal	bronze	winner		https://static.igem.org/websites/common/2023/icons/medal-bronze-flat.svg
2019	3197	BUCT-China	Bronze	medal	bronze	winner		https://static.igem.org/websites/common/2023/icons/medal-bronze-flat.svg
2019	3301	Baltimore_BioCrew	Best Measurement	special		winner	high-school	
2019	3301	Baltimore_BioCrew	Gold	medal	gold	winner		https://static.igem.org/websites/common/2023/icons/medal-flat.svg
2019	2926	Bielefeld-CeBiTec	Best Foundational Advance Project	village		nominee	overgrad	
2019	2926	Bielefeld-CeBiTec	Best Hardware	special		nominee	overgrad	
2019	2926	Bielefeld-CeBiTec	Best Measurement	special		winner	overgrad	
2019	2926	Bielefeld-CeBiTec	Best New Basic Part	special		nominee	overgrad	
2019	2926	Bielefeld-CeBiTec	Gold	medal	gold	winner		https://static.igem.org/websites/common/2023/icons/medal-flat.svg
2019	3003	Bilkent-UNAMBG	Gold	medal	gold	winner		https://static.igem.org/websites/common/2023/icons/medal-flat.svg
2019	3277	Bio_Without_Borders	Bronze	medal	bronze	winner		https://static.igem.org/websites/common/2023/icons/medal-bronze-flat.svg
2019	3000	Bioriidl_Somaiya						
2019	2954	Bonn						
2019	3226	Botchan_Lab_Tokyo	Bronze	medal	bronze	winner		https://static.igem.org/websites/common/2023/icons/medal-bronze-flat.svg
2019	3175	British_Columbia	Gold	medal	gold	winner		https://static.igem.org/websites/common/2023/icons/medal-flat.svg
2019	3236	BrockU						
2019	3260	BrownStanfordPrinctn	Gold	medal	gold	winner		https://static.igem.org/websites/common/2023/icons/medal-flat.svg
2019	3260	BrownStanfordPrinctn	iGEMers Prize	special	community	winner		
2019	3208	Bulgaria						
2019	3279	CAU_China	Gold	medal	gold	winner		https://static.igem.org/websites/common/2023/icons/medal-flat.svg
2019	3270	CCA_San_Diego	Bronze	medal	bronze	winner		https://static.igem.org/websites/common/2023/icons/medal-bronze-flat.svg
2019	2927	CCU_Taiwan	Silver	medal	silver	winner		https://static.igem.org/websites/common/2023/icons/medal-silver-flat.svg
2019	3214	CLS_CLSG_UK						
2019	2961	CMUQ	Bronze	medal	bronze	winner		https://static.igem.org/websites/common/2023/icons/medal-bronze-flat.svg
2019	2976	CPU_CHINA	Gold	medal	gold	winner		https://static.igem.org/websites/common/2023/icons/medal-flat.svg
2019	3276	CSL_Pittsburgh						
2019	2951	CSMU_Taiwan	Gold	medal	gold	winner		https://static.igem.org/websites/common/2023/icons/medal-flat.svg
2019	2908	CSU_CHINA	Gold	medal	gold	winner		https://static.igem.org/websites/common/2023/icons/medal-flat.svg
2019	3083	CSU_Fort_Collins						
2019	3144	CU	Bronze	medal	bronze	winner		https://static.igem.org/websites/common/2023/icons/medal-bronze-flat.svg
2019	3115	CU-Boulder						
2019	3114	Calgary	Best Food & Nutrition Project	village		winner	undergrad	
2019	3114	Calgary	Best Integrated Human Practices	special		winner	undergrad	
2019	3114	Calgary	Best Model	special		nominee	undergrad	
2019	3114	Calgary	Best New Basic Part	special		nominee	undergrad	
2019	3114	Calgary	Best Part Collection	special		nominee	undergrad	
2019	3114	Calgary	Best Poster	special		nominee	undergrad	
2019	3114	Calgary	Best Presentation	special		nominee	undergrad	
2019	3114	Calgary	Best Software Tool	special		winner	undergrad	
2019	3114	Calgary	Best Supporting Entrepreneurship	special		nominee	undergrad	
2019	3114	Calgary	Best Wiki	special		nominee	undergrad	
2019	3114	Calgary	Finalist	finalist		winner	undergrad	
2019	3114	Calgary	First Runner Up	grand-prize	first-runner-up	winner	undergrad	
2019	3114	Calgary	Gold	medal	gold	winner		https://static.igem.org/websites/common/2023/icons/medal-flat.svg
2019	3220	Canterbury_Chch_NZ						
2019	3054	Chalmers-Gothenburg	Bronze	medal	bronze	winner		https://static.igem.org/websites/common/2023/icons/medal-bronze-flat.svg
2019	2944	Concordia-Montreal	Best Presentation	special		nominee	overgrad	
2019	2944	Concordia-Montreal	Gold	medal	gold	winner		https://static.igem.org/websites/common/2023/icons/medal-flat.svg
2019	2960	Cornell	Gold	medal	gold	winner		https://static.igem.org/websites/common/2023/icons/medal-flat.svg
2019	2978	Costa_Rica	Silver	medal	silver	winner		https://static.igem.org/websites/common/2023/icons/medal-silver-flat.svg
2019	3130	DNHS_SanDiego	Silver	medal	silver	winner		https://static.igem.org/websites/common/2023/icons/medal-silver-flat.svg
2019	3046	DTU-Denmark	Best Foundational Advance Project	village		nominee	overgrad	
2019	3046	DTU-Denmark	Best Part Collection	special		nominee	overgrad	
2019	3046	DTU-Denmark	Best Software Tool	special		winner	overgrad	
2019	3046	DTU-Denmark	Gold	medal	gold	winner		https://static.igem.org/websites/common/2023/icons/medal-flat.svg
2019	3060	DUT_China_A	Gold	medal	gold	winner		https://static.igem.org/websites/common/2023/icons/medal-flat.svg
2019	3061	DUT_China_B	Gold	medal	gold	winner		https://static.igem.org/websites/common/2023/icons/medal-flat.svg
2019	2924	Duesseldorf	Best Education & Public Engagement	special		nominee	overgrad	
2019	2924	Duesseldorf	Gold	medal	gold	winner		https://static.igem.org/websites/common/2023/icons/medal-flat.svg
2019	3093	ECUST_China	Best Manufacturing Project	village		winner	undergrad	
2019	3093	ECUST_China	Gold	medal	gold	winner		https://static.igem.org/websites/common/2023/icons/medal-flat.svg
2019	2916	EPFL	Best Environment Project	village		winner	overgrad	
2019	2916	EPFL	Best Integrated Human Practices	special		winner	overgrad	
2019	2916	EPFL	Best Part Collection	special		nominee	overgrad	
2019	2916	EPFL	Best Presentation	special		nominee	overgrad	
2019	2916	EPFL	Best Wiki	special		nominee	overgrad	
2019	2916	EPFL	Finalist	finalist		winner	overgrad	
2019	2916	EPFL	Gold	medal	gold	winner		https://static.igem.org/websites/common/2023/icons/medal-flat.svg
2019	2916	EPFL	Grand Prize Winner	grand-prize	winner	winner	overgrad	
2019	3211	ETH_Zurich	Gold	medal	gold	winner		https://static.igem.org/websites/common/2023/icons/medal-flat.svg
2019	3004	East_Chapel_Hill_HS	Silver	medal	silver	winner		https://static.igem.org/websites/common/2023/icons/medal-silver-flat.svg
2019	2940	Edinburgh_OG	Silver	medal	silver	winner		https://static.igem.org/websites/common/2023/icons/medal-silver-flat.svg
2019	2952	Edinburgh_UG	Gold	medal	gold	winner		https://static.igem.org/websites/common/2023/icons/medal-flat.svg
2019	2983	Evry_Paris-Saclay	Best Measurement	special		nominee	overgrad	
2019	2983	Evry_Paris-Saclay	Gold	medal	gold	winner		https://static.igem.org/websites/common/2023/icons/medal-flat.svg
2019	2931	Example						
2019	3039	Exeter	Best Environment Project	village		nominee	overgrad	
2019	3039	Exeter	Best Hardware	special		winner	overgrad	
2019	3039	Exeter	Best Integrated Human Practices	special		winner	overgrad	
2019	3039	Exeter	Best Model	special		nominee	overgrad	
2019	3039	Exeter	Best Supporting Entrepreneurship	special		winner	overgrad	
2019	3039	Exeter	Best Wiki	special		nominee	overgrad	
2019	3039	Exeter	Finalist	finalist		nominee	overgrad	
2019	3039	Exeter	Gold	medal	gold	winner		https://static.igem.org/websites/common/2023/icons/medal-flat.svg
2019	2935	FAFU-CHINA	Bronze	medal	bronze	winner		https://static.igem.org/websites/common/2023/icons/medal-bronze-flat.svg
2019	3117	FAU_Erlangen						
2019	3082	FDR-HB_Peru	Best Education & Public Engagement	special		winner	high-school	
2019	3082	FDR-HB_Peru	Best Integrated Human Practices	special		winner	high-school	
2019	3082	FDR-HB_Peru	Bronze	medal	bronze	winner		https://static.igem.org/websites/common/2023/icons/medal-bronze-flat.svg
2019	3172	FSU	Gold	medal	gold	winner		https://static.igem.org/websites/common/2023/icons/medal-flat.svg
2019	3086	Florida	Silver	medal	silver	winner		https://static.igem.org/websites/common/2023/icons/medal-silver-flat.svg
2019	3009	Freiburg	Gold	medal	gold	winner		https://static.igem.org/websites/common/2023/icons/medal-flat.svg
2019	3245	Fudan	Best Part Collection	special		nominee	undergrad	
2019	3245	Fudan	Gold	medal	gold	winner		https://static.igem.org/websites/common/2023/icons/medal-flat.svg
2019	3257	Fudan-TSI	Best Measurement	special		nominee	undergrad	
2019	3257	Fudan-TSI	Best Model	special		nominee	undergrad	
2019	3257	Fudan-TSI	Gold	medal	gold	winner		https://static.igem.org/websites/common/2023/icons/medal-flat.svg
2019	2947	GDSYZX	Best Presentation	special		nominee	high-school	
2019	2947	GDSYZX	Gold	medal	gold	winner		https://static.igem.org/websites/common/2023/icons/medal-flat.svg
2019	3254	GENAS_China	Best Measurement	special		nominee	high-school	
2019	3254	GENAS_China	Best Model	special		winner	high-school	
2019	3254	GENAS_China	Best New Basic Part	special		nominee	high-school	
2019	3254	GENAS_China	Best Part Collection	special		nominee	high-school	
2019	3254	GENAS_China	Best Wiki	special		nominee	high-school	
2019	3254	GENAS_China	Gold	medal	gold	winner		https://static.igem.org/websites/common/2023/icons/medal-flat.svg
2019	3222	GIFU_TOKAI	Bronze	medal	bronze	winner		https://static.igem.org/websites/common/2023/icons/medal-bronze-flat.svg
2019	3027	GO_Paris-Saclay	Best Model	special		winner	overgrad	
2019	3027	GO_Paris-Saclay	Best New Basic Part	special		nominee	overgrad	
2019	3027	GO_Paris-Saclay	Best New Composite Part	special		nominee	overgrad	
2019	3027	GO_Paris-Saclay	Gold	medal	gold	winner		https://static.igem.org/websites/common/2023/icons/medal-flat.svg
2019	2948	GZHS-United	Bronze	medal	bronze	winner		https://static.igem.org/websites/common/2023/icons/medal-bronze-flat.svg
2019	2994	Gaston_Day_School	Bronze	medal	bronze	winner		https://static.igem.org/websites/common/2023/icons/medal-bronze-flat.svg
2019	3042	Georgia_State	Bronze	medal	bronze	winner		https://static.igem.org/websites/common/2023/icons/medal-bronze-flat.svg
2019	3264	GreatBay_SZ	Best Education & Public Engagement	special		nominee	high-school	
2019	3264	GreatBay_SZ	Best Hardware	special		winner	high-school	
2019	3264	GreatBay_SZ	Best Integrated Human Practices	special		nominee	high-school	
2019	3264	GreatBay_SZ	Best Measurement	special		nominee	high-school	
2019	3264	GreatBay_SZ	Best Model	special		nominee	high-school	
2019	3264	GreatBay_SZ	Best New Basic Part	special		winner	high-school	
2019	3264	GreatBay_SZ	Best New Composite Part	special		nominee	high-school	
2019	3264	GreatBay_SZ	Best Part Collection	special		winner	high-school	
2019	3264	GreatBay_SZ	Best Poster	special		nominee	high-school	
2019	3264	GreatBay_SZ	Best Presentation	special		winner	high-school	
2019	3264	GreatBay_SZ	Best Wiki	special		winner	high-school	
2019	3264	GreatBay_SZ	Finalist	finalist		winner	high-school	
2019	3264	GreatBay_SZ	Gold	medal	gold	winner		https://static.igem.org/websites/common/2023/icons/medal-flat.svg
2019	3264	GreatBay_SZ	Grand Prize Winner	grand-prize	winner	winner	high-school	
2019	3264	GreatBay_SZ	iGEMers Prize	special	community	winner		
2019	3089	Greatbay_SCIE	Best Part Collection	special		nominee	high-school	
2019	3089	Greatbay_SCIE	Gold	medal	gold	winner		https://static.igem.org/websites/common/2023/icons/medal-flat.svg
2019	3128	Grenoble-Alpes	Best Diagnostics Project	village		nominee	undergrad	https://static.igem.org/websites/common/2025/icons/villages/diagnostics.svg
2019	3128	Grenoble-Alpes	Best New Composite Part	special		nominee	undergrad	
2019	3128	Grenoble-Alpes	Best Software Tool	special		nominee	undergrad	
2019	3128	Grenoble-Alpes	Gold	medal	gold	winner		https://static.igem.org/websites/common/2023/icons/medal-flat.svg
2019	3171	Groningen	Gold	medal	gold	winner		https://static.igem.org/websites/common/2023/icons/medal-flat.svg
2019	3189	Guelph	Gold	medal	gold	winner		https://static.igem.org/websites/common/2023/icons/medal-flat.svg
2019	3050	Gunma	Bronze	medal	bronze	winner		https://static.igem.org/websites/common/2023/icons/medal-bronze-flat.svg
2019	3126	HBUT-China	Best Environment Project	village		nominee	undergrad	
2019	3126	HBUT-China	Finalist	finalist		nominee	undergrad	
2019	3126	HBUT-China	Gold	medal	gold	winner		https://static.igem.org/websites/common/2023/icons/medal-flat.svg
2019	2982	HK_GTC	Gold	medal	gold	winner		https://static.igem.org/websites/common/2023/icons/medal-flat.svg
2019	3087	HK_SKHLPSS	Bronze	medal	bronze	winner		https://static.igem.org/websites/common/2023/icons/medal-bronze-flat.svg
2019	3219	HK_SSC	Best New Basic Part	special		nominee	high-school	
2019	3219	HK_SSC	Best Poster	special		nominee	high-school	
2019	3219	HK_SSC	Silver	medal	silver	winner		https://static.igem.org/websites/common/2023/icons/medal-silver-flat.svg
2019	3241	HUBU-WUHAN	Silver	medal	silver	winner		https://static.igem.org/websites/common/2023/icons/medal-silver-flat.svg
2019	3196	HUST-China	Gold	medal	gold	winner		https://static.igem.org/websites/common/2023/icons/medal-flat.svg
2019	3205	HZAU-China	Gold	medal	gold	winner		https://static.igem.org/websites/common/2023/icons/medal-flat.svg
2019	3293	HZNFHS_Hangzhou						
2019	2970	Hamburg	Gold	medal	gold	winner		https://static.igem.org/websites/common/2023/icons/medal-flat.svg
2019	3313	Hangzhou_WestLake						
2019	3281	Harvard						
2019	3071	Hong_Kong-CUHK	Gold	medal	gold	winner		https://static.igem.org/websites/common/2023/icons/medal-flat.svg
2019	3063	Hong_Kong_HKU	Silver	medal	silver	winner		https://static.igem.org/websites/common/2023/icons/medal-silver-flat.svg
2019	3017	Hong_Kong_HKUST	Silver	medal	silver	winner		https://static.igem.org/websites/common/2023/icons/medal-silver-flat.svg
2019	3076	Hong_Kong_JSS	Gold	medal	gold	winner		https://static.igem.org/websites/common/2023/icons/medal-flat.svg
2019	3058	Hong_Kong_LFC_PC	Best Model	special		nominee	high-school	
2019	3058	Hong_Kong_LFC_PC	Gold	medal	gold	winner		https://static.igem.org/websites/common/2023/icons/medal-flat.svg
2019	3077	Hong_Kong_UCCKE	Bronze	medal	bronze	winner		https://static.igem.org/websites/common/2023/icons/medal-bronze-flat.svg
2019	2984	Humboldt_Berlin	Best Plant Synthetic Biology	special		winner	overgrad	
2019	2984	Humboldt_Berlin	Gold	medal	gold	winner		https://static.igem.org/websites/common/2023/icons/medal-flat.svg
2019	3305	ICT-Mumbai						
2019	3285	IISER-Pune-India	Silver	medal	silver	winner		https://static.igem.org/websites/common/2023/icons/medal-silver-flat.svg
2019	3121	IISER_Bhopal	Silver	medal	silver	winner		https://static.igem.org/websites/common/2023/icons/medal-silver-flat.svg
2019	3011	IISER_Kolkata	Best Model	special		nominee	undergrad	
2019	3011	IISER_Kolkata	Gold	medal	gold	winner		https://static.igem.org/websites/common/2023/icons/medal-flat.svg
2019	3110	IISER_Tirupati	Gold	medal	gold	winner		https://static.igem.org/websites/common/2023/icons/medal-flat.svg
2019	3165	IISc-Bangalore	Gold	medal	gold	winner		https://static.igem.org/websites/common/2023/icons/medal-flat.svg
2019	3163	IIT-Madras	Best Education & Public Engagement	special		nominee	undergrad	
2019	3163	IIT-Madras	Silver	medal	silver	winner		https://static.igem.org/websites/common/2023/icons/medal-silver-flat.svg
2019	3103	IIT_Chicago						
2019	3252	ITB_Indonesia						
2019	3106	ITESO_Guadalajara						
2019	3102	Ionis_Paris	Silver	medal	silver	winner		https://static.igem.org/websites/common/2023/icons/medal-silver-flat.svg
2019	3209	JNFLS	Best New Basic Part	special		nominee	high-school	
2019	3209	JNFLS	Gold	medal	gold	winner		https://static.igem.org/websites/common/2023/icons/medal-flat.svg
2019	2963	JNU-China	Best Education & Public Engagement	special		nominee	undergrad	
2019	2963	JNU-China	Best Manufacturing Project	village		nominee	undergrad	
2019	2963	JNU-China	Gold	medal	gold	winner		https://static.igem.org/websites/common/2023/icons/medal-flat.svg
2019	2985	Jiangnan-China	Gold	medal	gold	winner		https://static.igem.org/websites/common/2023/icons/medal-flat.svg
2019	3137	JiangnanU_China	Gold	medal	gold	winner		https://static.igem.org/websites/common/2023/icons/medal-flat.svg
2019	3133	Jiangsu_high-school	Silver	medal	silver	winner		https://static.igem.org/websites/common/2023/icons/medal-silver-flat.svg
2019	3078	Jilin_China	Gold	medal	gold	winner		https://static.igem.org/websites/common/2023/icons/medal-flat.svg
2019	2925	Johns_Hopkins						
2019	3303	KAIT_JAPAN						
2019	2968	KCL_UK	Silver	medal	silver	winner		https://static.igem.org/websites/common/2023/icons/medal-silver-flat.svg
2019	3200	KOREA	Bronze	medal	bronze	winner		https://static.igem.org/websites/common/2023/icons/medal-bronze-flat.svg
2019	3107	KUAS_Korea						
2019	3084	KU_LEUVEN	Silver	medal	silver	winner		https://static.igem.org/websites/common/2023/icons/medal-silver-flat.svg
2019	3090	Korea_HS	Gold	medal	gold	winner		https://static.igem.org/websites/common/2023/icons/medal-flat.svg
2019	3185	Kyoto	Best Environment Project	village		nominee	undergrad	
2019	3185	Kyoto	Best Part Collection	special		nominee	undergrad	
2019	3185	Kyoto	Gold	medal	gold	winner		https://static.igem.org/websites/common/2023/icons/medal-flat.svg
2019	3080	LACAS_BioBots						
2019	3170	LZU-CHINA	Silver	medal	silver	winner		https://static.igem.org/websites/common/2023/icons/medal-silver-flat.svg
2019	2974	Lambert_GA	Best Education & Public Engagement	special		nominee	high-school	
2019	2974	Lambert_GA	Best Integrated Human Practices	special		nominee	high-school	
2019	2974	Lambert_GA	Best Model	special		nominee	high-school	
2019	2974	Lambert_GA	Best Poster	special		winner	high-school	
2019	2974	Lambert_GA	Best Presentation	special		nominee	high-school	
2019	2974	Lambert_GA	Best Wiki	special		nominee	high-school	
2019	2974	Lambert_GA	Finalist	finalist		nominee	high-school	
2019	2974	Lambert_GA	Gold	medal	gold	winner		https://static.igem.org/websites/common/2023/icons/medal-flat.svg
2019	3041	Leiden	Best Manufacturing Project	village		winner	overgrad	
2019	3041	Leiden	Silver	medal	silver	winner		https://static.igem.org/websites/common/2023/icons/medal-silver-flat.svg
2019	3237	Lethbridge	Gold	medal	gold	winner		https://static.igem.org/websites/common/2023/icons/medal-flat.svg
2019	3001	Lethbridge_HS	Silver	medal	silver	winner		https://static.igem.org/websites/common/2023/icons/medal-silver-flat.svg
2019	3182	Linkoping_Sweden	Best Integrated Human Practices	special		nominee	overgrad	
2019	3182	Linkoping_Sweden	Best Model	special		nominee	overgrad	
2019	3182	Linkoping_Sweden	Best New Basic Part	special		nominee	overgrad	
2019	3182	Linkoping_Sweden	Best New Composite Part	special		nominee	overgrad	
2019	3182	Linkoping_Sweden	Best Part Collection	special		nominee	overgrad	
2019	3182	Linkoping_Sweden	Best Presentation	special		winner	overgrad	
2019	3182	Linkoping_Sweden	Best Therapeutics Project	village		winner	overgrad	
2019	3182	Linkoping_Sweden	Best Wiki	special		winner	overgrad	
2019	3182	Linkoping_Sweden	Finalist	finalist		nominee	overgrad	
2019	3182	Linkoping_Sweden	Gold	medal	gold	winner		https://static.igem.org/websites/common/2023/icons/medal-flat.svg
2019	3246	Lubbock_TTU						
2019	3282	Lund	Gold	medal	gold	winner		https://static.igem.org/websites/common/2023/icons/medal-flat.svg
2019	3122	MADRID_UCM	Silver	medal	silver	winner		https://static.igem.org/websites/common/2023/icons/medal-silver-flat.svg
2019	3255	MADRID_UCM_HS	Silver	medal	silver	winner		https://static.igem.org/websites/common/2023/icons/medal-silver-flat.svg
2019	2957	MIT	Gold	medal	gold	winner		https://static.igem.org/websites/common/2023/icons/medal-flat.svg
2019	3306	MITADTBIO_Pune	Bronze	medal	bronze	winner		https://static.igem.org/websites/common/2023/icons/medal-bronze-flat.svg
2019	3218	MSP-Maastricht						
2019	3151	Macquarie_Australia	Best Energy Project	village		winner	underover	
2019	3151	Macquarie_Australia	Gold	medal	gold	winner		https://static.igem.org/websites/common/2023/icons/medal-flat.svg
2019	2906	Manchester	Best New Application Project	village		nominee	undergrad	https://static.igem.org/websites/common/2022/icons/village/newapplication.svg
2019	2906	Manchester	Gold	medal	gold	winner		https://static.igem.org/websites/common/2023/icons/medal-flat.svg
2019	3228	Marburg	Silver	medal	silver	winner		https://static.igem.org/websites/common/2023/icons/medal-silver-flat.svg
2019	3251	Michigan	Bronze	medal	bronze	winner		https://static.igem.org/websites/common/2023/icons/medal-bronze-flat.svg
2019	2919	MichiganState	Bronze	medal	bronze	winner		https://static.igem.org/websites/common/2023/icons/medal-bronze-flat.svg
2019	3297	Mines						
2019	2932	Mingdao	Best Education & Public Engagement	special		nominee	high-school	
2019	2932	Mingdao	Best Integrated Human Practices	special		nominee	high-school	
2019	2932	Mingdao	Best Model	special		nominee	high-school	
2019	2932	Mingdao	Best New Basic Part	special		nominee	high-school	
2019	2932	Mingdao	Best New Composite Part	special		winner	high-school	
2019	2932	Mingdao	Best Part Collection	special		nominee	high-school	
2019	2932	Mingdao	Best Poster	special		nominee	high-school	
2019	2932	Mingdao	Best Supporting Entrepreneurship	special		winner	high-school	
2019	2932	Mingdao	Best Wiki	special		nominee	high-school	
2019	2932	Mingdao	Finalist	finalist		nominee	high-school	
2019	2932	Mingdao	Gold	medal	gold	winner		https://static.igem.org/websites/common/2023/icons/medal-flat.svg
2019	3043	Missouri_Miners	Bronze	medal	bronze	winner		https://static.igem.org/websites/common/2023/icons/medal-bronze-flat.svg
2019	3147	Montpellier	Gold	medal	gold	winner		https://static.igem.org/websites/common/2023/icons/medal-flat.svg
2019	3028	Moscow						
2019	3113	Munich	Best Diagnostics Project	village		nominee	overgrad	https://static.igem.org/websites/common/2025/icons/villages/diagnostics.svg
2019	3113	Munich	Best New Composite Part	special		nominee	overgrad	
2019	3113	Munich	Best Supporting Entrepreneurship	special		nominee	overgrad	
2019	3113	Munich	Gold	medal	gold	winner		https://static.igem.org/websites/common/2023/icons/medal-flat.svg
2019	3139	NAU-CHINA	Best Model	special		nominee	undergrad	
2019	3139	NAU-CHINA	Gold	medal	gold	winner		https://static.igem.org/websites/common/2023/icons/medal-flat.svg
2019	3204	NAWI_Graz	Best Diagnostics Project	village		winner	overgrad	https://static.igem.org/websites/common/2025/icons/villages/diagnostics.svg
2019	3204	NAWI_Graz	Best Integrated Human Practices	special		winner	overgrad	
2019	3204	NAWI_Graz	Best Poster	special		nominee	overgrad	
2019	3204	NAWI_Graz	Best Presentation	special		nominee	overgrad	
2019	3204	NAWI_Graz	Finalist	finalist		nominee	overgrad	
2019	3204	NAWI_Graz	Gold	medal	gold	winner		https://static.igem.org/websites/common/2023/icons/medal-flat.svg
2019	3029	NCHU_Taichung						
2019	2997	NCKU_Tainan	Best Education & Public Engagement	special		nominee	undergrad	
2019	2997	NCKU_Tainan	Best Hardware	special		winner	undergrad	
2019	2997	NCKU_Tainan	Best Integrated Human Practices	special		nominee	undergrad	
2019	2997	NCKU_Tainan	Best Measurement	special		winner	undergrad	
2019	2997	NCKU_Tainan	Best Model	special		winner	undergrad	
2019	2997	NCKU_Tainan	Best Poster	special		nominee	undergrad	
2019	2997	NCKU_Tainan	Best Presentation	special		winner	undergrad	
2019	2997	NCKU_Tainan	Best Supporting Entrepreneurship	special		nominee	undergrad	
2019	2997	NCKU_Tainan	Best Therapeutics Project	village		winner	undergrad	
2019	2997	NCKU_Tainan	Best Wiki	special		nominee	undergrad	
2019	2997	NCKU_Tainan	Finalist	finalist		winner	undergrad	
2019	2997	NCKU_Tainan	Gold	medal	gold	winner		https://static.igem.org/websites/common/2023/icons/medal-flat.svg
2019	2997	NCKU_Tainan	Grand Prize Winner	grand-prize	winner	winner	undergrad	
2019	3256	NCTU_Formosa	Gold	medal	gold	winner		https://static.igem.org/websites/common/2023/icons/medal-flat.svg
2019	2913	NEFU_China	Gold	medal	gold	winner		https://static.igem.org/websites/common/2023/icons/medal-flat.svg
2019	2967	NEU_CHINA	Best Poster	special		nominee	undergrad	
2019	2967	NEU_CHINA	Gold	medal	gold	winner		https://static.igem.org/websites/common/2023/icons/medal-flat.svg
2019	3234	NJTech_China	Bronze	medal	bronze	winner		https://static.igem.org/websites/common/2023/icons/medal-bronze-flat.svg
2019	3040	NTHU_Taiwan	Gold	medal	gold	winner		https://static.igem.org/websites/common/2023/icons/medal-flat.svg
2019	3250	NTU-Singapore	Gold	medal	gold	winner		https://static.igem.org/websites/common/2023/icons/medal-flat.svg
2019	3064	NUDT_CHINA	Best Foundational Advance Project	village		nominee	undergrad	
2019	3064	NUDT_CHINA	Gold	medal	gold	winner		https://static.igem.org/websites/common/2023/icons/medal-flat.svg
2019	3198	NUS_Singapore	Best Foundational Advance Project	village		winner	undergrad	
2019	3198	NUS_Singapore	Best New Basic Part	special		nominee	undergrad	
2019	3198	NUS_Singapore	Best New Composite Part	special		nominee	undergrad	
2019	3198	NUS_Singapore	Best Part Collection	special		winner	undergrad	
2019	3198	NUS_Singapore	Best Poster	special		nominee	undergrad	
2019	3198	NUS_Singapore	Best Presentation	special		nominee	undergrad	
2019	3198	NUS_Singapore	Best Wiki	special		nominee	undergrad	
2019	3198	NUS_Singapore	Finalist	finalist		nominee	undergrad	
2019	3198	NUS_Singapore	Gold	medal	gold	winner		https://static.igem.org/websites/common/2023/icons/medal-flat.svg
2019	3299	NU_Kazakhstan	Best Energy Project	village		nominee	underover	
2019	3299	NU_Kazakhstan	Bronze	medal	bronze	winner		https://static.igem.org/websites/common/2023/icons/medal-bronze-flat.svg
2019	2981	NWU-China	Gold	medal	gold	winner		https://static.igem.org/websites/common/2023/icons/medal-flat.svg
2019	3268	NYMU-Taipei	Bronze	medal	bronze	winner		https://static.igem.org/websites/common/2023/icons/medal-bronze-flat.svg
2019	3289	NYU_Abu_Dhabi	Best Diagnostics Project	village		nominee	undergrad	https://static.igem.org/websites/common/2025/icons/villages/diagnostics.svg
2019	3289	NYU_Abu_Dhabi	Silver	medal	silver	winner		https://static.igem.org/websites/common/2023/icons/medal-silver-flat.svg
2019	2956	NYU_New_York	Silver	medal	silver	winner		https://static.igem.org/websites/common/2023/icons/medal-silver-flat.svg
2019	3267	NYU_Shanghai	Silver	medal	silver	winner		https://static.igem.org/websites/common/2023/icons/medal-silver-flat.svg
2019	3253	Nanjing						
2019	3022	Nanjing-China	Best Hardware	special		nominee	undergrad	
2019	3022	Nanjing-China	Gold	medal	gold	winner		https://static.igem.org/websites/common/2023/icons/medal-flat.svg
2019	2989	Nanjing_NFLS	Gold	medal	gold	winner		https://static.igem.org/websites/common/2023/icons/medal-flat.svg
2019	3134	Nanjing_high-school	Best New Composite Part	special		nominee	high-school	
2019	3134	Nanjing_high-school	Bronze	medal	bronze	winner		https://static.igem.org/websites/common/2023/icons/medal-bronze-flat.svg
2019	2991	Nantes	Silver	medal	silver	winner		https://static.igem.org/websites/common/2023/icons/medal-silver-flat.svg
2019	3045	Navarra_BG	Best Plant Synthetic Biology	special		winner	high-school	
2019	3045	Navarra_BG	Silver	medal	silver	winner		https://static.igem.org/websites/common/2023/icons/medal-silver-flat.svg
2019	3206	Newcastle	Best Measurement	special		nominee	undergrad	
2019	3206	Newcastle	Gold	medal	gold	winner		https://static.igem.org/websites/common/2023/icons/medal-flat.svg
2019	3048	Northern_BC						
2019	3269	Northwestern	Bronze	medal	bronze	winner		https://static.igem.org/websites/common/2023/icons/medal-bronze-flat.svg
2019	2992	Nottingham	Best Food & Nutrition Project	village		nominee	undergrad	
2019	2992	Nottingham	Best Integrated Human Practices	special		nominee	undergrad	
2019	2992	Nottingham	Gold	medal	gold	winner		https://static.igem.org/websites/common/2023/icons/medal-flat.svg
2019	2904	OUC-China	Gold	medal	gold	winner		https://static.igem.org/websites/common/2023/icons/medal-flat.svg
2019	2939	OhioState	Bronze	medal	bronze	winner		https://static.igem.org/websites/common/2023/icons/medal-bronze-flat.svg
2019	3309	Orleans						
2019	3183	Oxford	Best Therapeutics Project	village		nominee	undergrad	
2019	3183	Oxford	Gold	medal	gold	winner		https://static.igem.org/websites/common/2023/icons/medal-flat.svg
2019	3176	Pasteur_Paris	Best Supporting Entrepreneurship	special		nominee	undergrad	
2019	3176	Pasteur_Paris	Silver	medal	silver	winner		https://static.igem.org/websites/common/2023/icons/medal-silver-flat.svg
2019	3081	Peking	Gold	medal	gold	winner		https://static.igem.org/websites/common/2023/icons/medal-flat.svg
2019	3213	Penn	Bronze	medal	bronze	winner		https://static.igem.org/websites/common/2023/icons/medal-bronze-flat.svg
2019	3308	Pittsburgh	Gold	medal	gold	winner		https://static.igem.org/websites/common/2023/icons/medal-flat.svg
2019	3038	Poitiers	Best Manufacturing Project	village		nominee	overgrad	
2019	3038	Poitiers	Gold	medal	gold	winner		https://static.igem.org/websites/common/2023/icons/medal-flat.svg
2019	3023	Potsdam	Silver	medal	silver	winner		https://static.igem.org/websites/common/2023/icons/medal-silver-flat.svg
2019	3021	PuiChing_Macau	Gold	medal	gold	winner		https://static.igem.org/websites/common/2023/icons/medal-flat.svg
2019	2966	Purdue	Bronze	medal	bronze	winner		https://static.igem.org/websites/common/2023/icons/medal-bronze-flat.svg
2019	3243	QDHS_Shanghai						
2019	3007	QHFZ-China	Best New Composite Part	special		nominee	high-school	
2019	3007	QHFZ-China	Gold	medal	gold	winner		https://static.igem.org/websites/common/2023/icons/medal-flat.svg
2019	3056	Queens_Canada	Best Diagnostics Project	village		nominee	undergrad	https://static.igem.org/websites/common/2025/icons/villages/diagnostics.svg
2019	3056	Queens_Canada	Gold	medal	gold	winner		https://static.igem.org/websites/common/2023/icons/medal-flat.svg
2019	2937	RDFZ-China						
2019	3224	REC-CHENNAI	Silver	medal	silver	winner		https://static.igem.org/websites/common/2023/icons/medal-silver-flat.svg
2019	3275	RHIT	Bronze	medal	bronze	winner		https://static.igem.org/websites/common/2023/icons/medal-bronze-flat.svg
2019	3157	RIS_BKK						
2019	3247	Rice	Gold	medal	gold	winner		https://static.igem.org/websites/common/2023/icons/medal-flat.svg
2019	3010	Richmond_UR						
2019	2993	Rotterdam_HR	Bronze	medal	bronze	winner		https://static.igem.org/websites/common/2023/icons/medal-bronze-flat.svg
2019	3173	Ruperto_Carola						
2019	3154	SASTRA_Thanjavur	Best Software Tool	special		nominee	undergrad	
2019	3154	SASTRA_Thanjavur	Silver	medal	silver	winner		https://static.igem.org/websites/common/2023/icons/medal-silver-flat.svg
2019	3194	SBS_NY						
2019	3221	SCU-China	Best Model	special		nominee	undergrad	
2019	3221	SCU-China	Gold	medal	gold	winner		https://static.igem.org/websites/common/2023/icons/medal-flat.svg
2019	3100	SCUT_China	Gold	medal	gold	winner		https://static.igem.org/websites/common/2023/icons/medal-flat.svg
2019	3091	SDSZ_China	Bronze	medal	bronze	winner		https://static.igem.org/websites/common/2023/icons/medal-bronze-flat.svg
2019	3044	SDU-Denmark	Gold	medal	gold	winner		https://static.igem.org/websites/common/2023/icons/medal-flat.svg
2019	3127	SDU_CHINA	Gold	medal	gold	winner		https://static.igem.org/websites/common/2023/icons/medal-flat.svg
2019	3166	SEFLS_Shanghai	Bronze	medal	bronze	winner		https://static.igem.org/websites/common/2023/icons/medal-bronze-flat.svg
2019	3263	SEU	Silver	medal	silver	winner		https://static.igem.org/websites/common/2023/icons/medal-silver-flat.svg
2019	3195	SEU-Nanjing-China	Gold	medal	gold	winner		https://static.igem.org/websites/common/2023/icons/medal-flat.svg
2019	3156	SHSBNU_China	Best New Composite Part	special		nominee	high-school	
2019	3156	SHSBNU_China	Finalist	finalist		nominee	high-school	
2019	3156	SHSBNU_China	Gold	medal	gold	winner		https://static.igem.org/websites/common/2023/icons/medal-flat.svg
2019	3109	SHSSIP-CHINA						
2019	3288	SIS_Korea	Best Presentation	special		nominee	high-school	
2019	3288	SIS_Korea	Best Wiki	special		nominee	high-school	
2019	3288	SIS_Korea	Finalist	finalist		nominee	high-school	
2019	3288	SIS_Korea	Gold	medal	gold	winner		https://static.igem.org/websites/common/2023/icons/medal-flat.svg
2019	2996	SJTU-BioX-Shanghai	Best New Application Project	village		nominee	undergrad	https://static.igem.org/websites/common/2022/icons/village/newapplication.svg
2019	2996	SJTU-BioX-Shanghai	Gold	medal	gold	winner		https://static.igem.org/websites/common/2023/icons/medal-flat.svg
2019	3055	SJTU-software	Gold	medal	gold	winner		https://static.igem.org/websites/common/2023/icons/medal-flat.svg
2019	3132	SMMU-China	Best Software Tool	special		nominee	undergrad	
2019	3132	SMMU-China	Silver	medal	silver	winner		https://static.igem.org/websites/common/2023/icons/medal-silver-flat.svg
2019	3240	SMS_Shenzhen						
2019	3262	SNU_India	Silver	medal	silver	winner		https://static.igem.org/websites/common/2023/icons/medal-silver-flat.svg
2019	3031	SUIS_Shanghai	Silver	medal	silver	winner		https://static.igem.org/websites/common/2023/icons/medal-silver-flat.svg
2019	2986	SUSTech_Shenzhen	Best Hardware	special		nominee	undergrad	
2019	2986	SUSTech_Shenzhen	Best Model	special		nominee	undergrad	
2019	2986	SUSTech_Shenzhen	Best Software Tool	special		nominee	undergrad	
2019	2986	SUSTech_Shenzhen	Gold	medal	gold	winner		https://static.igem.org/websites/common/2023/icons/medal-flat.svg
2019	3179	SYSU-CHINA	Gold	medal	gold	winner		https://static.igem.org/websites/common/2023/icons/medal-flat.svg
2019	2942	SYSU-Medicine						
2019	3142	SZPT-CHINA	Best Food & Nutrition Project	village		nominee	undergrad	
2019	3142	SZPT-CHINA	Gold	medal	gold	winner		https://static.igem.org/websites/common/2023/icons/medal-flat.svg
2019	3229	SZTA_Szeged_HU	Bronze	medal	bronze	winner		https://static.igem.org/websites/common/2023/icons/medal-bronze-flat.svg
2019	2912	SZU-China	Best Manufacturing Project	village		nominee	undergrad	
2019	2912	SZU-China	Gold	medal	gold	winner		https://static.igem.org/websites/common/2023/icons/medal-flat.svg
2019	2962	Saint_Joseph						
2019	3273	Sao_Carlos-Brazil	Silver	medal	silver	winner		https://static.igem.org/websites/common/2023/icons/medal-silver-flat.svg
2019	3159	Shanghai-United	Silver	medal	silver	winner		https://static.igem.org/websites/common/2023/icons/medal-silver-flat.svg
2019	3239	ShanghaiFLS_China	Bronze	medal	bronze	winner		https://static.igem.org/websites/common/2023/icons/medal-bronze-flat.svg
2019	3278	ShanghaiTech_China	Silver	medal	silver	winner		https://static.igem.org/websites/common/2023/icons/medal-silver-flat.svg
2019	3298	Shanghai_City	Bronze	medal	bronze	winner		https://static.igem.org/websites/common/2023/icons/medal-bronze-flat.svg
2019	3296	Shanghai_HS	Silver	medal	silver	winner		https://static.igem.org/websites/common/2023/icons/medal-silver-flat.svg
2019	3136	Shanghai_HS_United	Silver	medal	silver	winner		https://static.igem.org/websites/common/2023/icons/medal-silver-flat.svg
2019	3074	Shanghai_YGQ						
2019	3135	Shanghai_high-school	Gold	medal	gold	winner		https://static.igem.org/websites/common/2023/icons/medal-flat.svg
2019	3181	Sheffield	Best Open Project	village		winner	underover	
2019	3181	Sheffield	Gold	medal	gold	winner		https://static.igem.org/websites/common/2023/icons/medal-flat.svg
2019	3148	Shenzhen_SFLS						
2019	2909	Sorbonne_U_Paris	Best Education & Public Engagement	special		nominee	undergrad	
2019	2909	Sorbonne_U_Paris	Best Environment Project	village		nominee	undergrad	
2019	2909	Sorbonne_U_Paris	Best New Basic Part	special		nominee	undergrad	
2019	2909	Sorbonne_U_Paris	Best Plant Synthetic Biology	special		nominee	undergrad	
2019	2909	Sorbonne_U_Paris	Gold	medal	gold	winner		https://static.igem.org/websites/common/2023/icons/medal-flat.svg
2019	3012	SoundBio	Bronze	medal	bronze	winner		https://static.igem.org/websites/common/2023/icons/medal-bronze-flat.svg
2019	3284	Sriwijaya	Bronze	medal	bronze	winner		https://static.igem.org/websites/common/2023/icons/medal-bronze-flat.svg
2019	2929	St_Andrews	Gold	medal	gold	winner		https://static.igem.org/websites/common/2023/icons/medal-flat.svg
2019	3258	Stanford	Bronze	medal	bronze	winner		https://static.igem.org/websites/common/2023/icons/medal-bronze-flat.svg
2019	3024	Stockholm	Best Poster	special		nominee	overgrad	
2019	3024	Stockholm	Silver	medal	silver	winner		https://static.igem.org/websites/common/2023/icons/medal-silver-flat.svg
2019	2930	Stony_Brook	Bronze	medal	bronze	winner		https://static.igem.org/websites/common/2023/icons/medal-bronze-flat.svg
2019	2923	Strasbourg	Gold	medal	gold	winner		https://static.igem.org/websites/common/2023/icons/medal-flat.svg
2019	3014	Stuttgart	Bronze	medal	bronze	winner		https://static.igem.org/websites/common/2023/icons/medal-bronze-flat.svg
2019	3140	Sydney_Australia	Best Software Tool	special		nominee	overgrad	
2019	3140	Sydney_Australia	Best Therapeutics Project	village		nominee	overgrad	
2019	3140	Sydney_Australia	Best Wiki	special		nominee	overgrad	
2019	3140	Sydney_Australia	Gold	medal	gold	winner		https://static.igem.org/websites/common/2023/icons/medal-flat.svg
2019	2921	TAS_Taipei	Best Part Collection	special		nominee	high-school	
2019	2921	TAS_Taipei	Gold	medal	gold	winner		https://static.igem.org/websites/common/2023/icons/medal-flat.svg
2019	2943	TAU_Israel	Best Poster	special		nominee	overgrad	
2019	2943	TAU_Israel	Gold	medal	gold	winner		https://static.igem.org/websites/common/2023/icons/medal-flat.svg
2019	2933	TJUSLS_China	Best Measurement	special		nominee	undergrad	
2019	2933	TJUSLS_China	Best New Basic Part	special		nominee	undergrad	
2019	2933	TJUSLS_China	Best New Composite Part	special		nominee	undergrad	
2019	2933	TJUSLS_China	Best Therapeutics Project	village		nominee	undergrad	
2019	2933	TJUSLS_China	Gold	medal	gold	winner		https://static.igem.org/websites/common/2023/icons/medal-flat.svg
2019	3318	TPHS_San_Diego	Best Poster	special		nominee	high-school	
2019	3318	TPHS_San_Diego	Best Presentation	special		nominee	high-school	
2019	3318	TPHS_San_Diego	Silver	medal	silver	winner		https://static.igem.org/websites/common/2023/icons/medal-silver-flat.svg
2019	2918	TUDelft	Best Foundational Advance Project	village		winner	overgrad	
2019	2918	TUDelft	Best Part Collection	special		winner	overgrad	
2019	2918	TUDelft	Gold	medal	gold	winner		https://static.igem.org/websites/common/2023/icons/medal-flat.svg
2019	3187	TU_Darmstadt	Best Foundational Advance Project	village		nominee	overgrad	
2019	3187	TU_Darmstadt	Best New Basic Part	special		winner	overgrad	
2019	3187	TU_Darmstadt	Best New Composite Part	special		winner	overgrad	
2019	3187	TU_Darmstadt	Best Part Collection	special		nominee	overgrad	
2019	3187	TU_Darmstadt	Gold	medal	gold	winner		https://static.igem.org/websites/common/2023/icons/medal-flat.svg
2019	3037	TU_Dresden	Best Education & Public Engagement	special		nominee	overgrad	
2019	3037	TU_Dresden	Gold	medal	gold	winner		https://static.igem.org/websites/common/2023/icons/medal-flat.svg
2019	3168	TU_Eindhoven	Best Diagnostics Project	village		nominee	overgrad	https://static.igem.org/websites/common/2025/icons/villages/diagnostics.svg
2019	3168	TU_Eindhoven	Best Measurement	special		nominee	overgrad	
2019	3168	TU_Eindhoven	Best New Basic Part	special		nominee	overgrad	
2019	3168	TU_Eindhoven	Best New Composite Part	special		nominee	overgrad	
2019	3168	TU_Eindhoven	Best Poster	special		nominee	overgrad	
2019	3168	TU_Eindhoven	Gold	medal	gold	winner		https://static.igem.org/websites/common/2023/icons/medal-flat.svg
2019	3002	TU_Kaiserslautern	Best Environment Project	village		winner	undergrad	
2019	3002	TU_Kaiserslautern	Best Plant Synthetic Biology	special		winner	undergrad	
2019	3002	TU_Kaiserslautern	Best Poster	special		winner	undergrad	
2019	3002	TU_Kaiserslautern	Best Presentation	special		nominee	undergrad	
2019	3002	TU_Kaiserslautern	Best Wiki	special		winner	undergrad	
2019	3002	TU_Kaiserslautern	Finalist	finalist		winner	undergrad	
2019	3002	TU_Kaiserslautern	Gold	medal	gold	winner		https://static.igem.org/websites/common/2023/icons/medal-flat.svg
2019	3002	TU_Kaiserslautern	Second Runner Up	grand-prize	second-runner-up	winner	undergrad	
2019	3125	Tacoma_RAINmakers	Bronze	medal	bronze	winner		https://static.igem.org/websites/common/2023/icons/medal-bronze-flat.svg
2019	3019	Tartu_TUIT	Gold	medal	gold	winner		https://static.igem.org/websites/common/2023/icons/medal-flat.svg
2019	2959	Tec-Chihuahua	Best Integrated Human Practices	special		nominee	undergrad	
2019	2959	Tec-Chihuahua	Best Supporting Entrepreneurship	special		winner	undergrad	
2019	2959	Tec-Chihuahua	Gold	medal	gold	winner		https://static.igem.org/websites/common/2023/icons/medal-flat.svg
2019	3292	Tec-Monterrey	Gold	medal	gold	winner		https://static.igem.org/websites/common/2023/icons/medal-flat.svg
2019	3149	TecMonterrey_GDL	Silver	medal	silver	winner		https://static.igem.org/websites/common/2023/icons/medal-silver-flat.svg
2019	2934	Technion-Israel	Best Education & Public Engagement	special		nominee	overgrad	
2019	2934	Technion-Israel	Gold	medal	gold	winner		https://static.igem.org/websites/common/2023/icons/medal-flat.svg
2019	2946	TelHai-Migal_Israel	Silver	medal	silver	winner		https://static.igem.org/websites/common/2023/icons/medal-silver-flat.svg
2019	3304	Thessaloniki	Gold	medal	gold	winner		https://static.igem.org/websites/common/2023/icons/medal-flat.svg
2019	2973	Thessaly	Best Diagnostics Project	village		winner	undergrad	https://static.igem.org/websites/common/2025/icons/villages/diagnostics.svg
2019	2973	Thessaly	Best Integrated Human Practices	special		nominee	undergrad	
2019	2973	Thessaly	Best Supporting Entrepreneurship	special		nominee	undergrad	
2019	2973	Thessaly	Gold	medal	gold	winner		https://static.igem.org/websites/common/2023/icons/medal-flat.svg
2019	3112	Tianjin	Gold	medal	gold	winner		https://static.igem.org/websites/common/2023/icons/medal-flat.svg
2019	3259	TokyoTech	Silver	medal	silver	winner		https://static.igem.org/websites/common/2023/icons/medal-silver-flat.svg
2019	3018	Tongji_China	Gold	medal	gold	winner		https://static.igem.org/websites/common/2023/icons/medal-flat.svg
2019	3094	Tongji_Software	Gold	medal	gold	winner		https://static.igem.org/websites/common/2023/icons/medal-flat.svg
2019	2910	Toronto	Best Manufacturing Project	village		nominee	undergrad	
2019	2910	Toronto	Gold	medal	gold	winner		https://static.igem.org/websites/common/2023/icons/medal-flat.svg
2019	2980	Tsinghua	Best New Application Project	village		winner	undergrad	https://static.igem.org/websites/common/2022/icons/village/newapplication.svg
2019	2980	Tsinghua	Best New Composite Part	special		winner	undergrad	
2019	2980	Tsinghua	Gold	medal	gold	winner		https://static.igem.org/websites/common/2023/icons/medal-flat.svg
2019	2979	Tsinghua-A						
2019	3096	Tuebingen	Bronze	medal	bronze	winner		https://static.igem.org/websites/common/2023/icons/medal-bronze-flat.svg
2019	3212	Tufts						
2019	2920	Tunghai_TAPG	Silver	medal	silver	winner		https://static.igem.org/websites/common/2023/icons/medal-silver-flat.svg
2019	2998	UAAAN						
2019	3317	UANL	Bronze	medal	bronze	winner		https://static.igem.org/websites/common/2023/icons/medal-bronze-flat.svg
2019	3097	UA_Huntsville	Bronze	medal	bronze	winner		https://static.igem.org/websites/common/2023/icons/medal-bronze-flat.svg
2019	3072	UAlberta	Bronze	medal	bronze	winner		https://static.igem.org/websites/common/2023/icons/medal-bronze-flat.svg
2019	2969	UCAS-China	Gold	medal	gold	winner		https://static.igem.org/websites/common/2023/icons/medal-flat.svg
2019	3111	UCL	Best New Basic Part	special		winner	undergrad	
2019	3111	UCL	Best New Composite Part	special		nominee	undergrad	
2019	3111	UCL	Best Therapeutics Project	village		nominee	undergrad	
2019	3111	UCL	Best Wiki	special		nominee	undergrad	
2019	3111	UCL	Gold	medal	gold	winner		https://static.igem.org/websites/common/2023/icons/medal-flat.svg
2019	3008	UCSC	Silver	medal	silver	winner		https://static.igem.org/websites/common/2023/icons/medal-silver-flat.svg
2019	3249	UC_Davis	Silver	medal	silver	winner		https://static.igem.org/websites/common/2023/icons/medal-silver-flat.svg
2019	3310	UC_San_Diego						
2019	2945	UChicago	Silver	medal	silver	winner		https://static.igem.org/websites/common/2023/icons/medal-silver-flat.svg
2019	2917	UConn						
2019	3190	UCopenhagen	Best Education & Public Engagement	special		winner	overgrad	
2019	3190	UCopenhagen	Best Integrated Human Practices	special		nominee	overgrad	
2019	3190	UCopenhagen	Best Model	special		nominee	overgrad	
2019	3190	UCopenhagen	Best Supporting Entrepreneurship	special		nominee	overgrad	
2019	3190	UCopenhagen	Gold	medal	gold	winner		https://static.igem.org/websites/common/2023/icons/medal-flat.svg
2019	3190	UCopenhagen	iGEMers Prize	special	community	winner		
2019	3188	UEAB_Kenya						
2019	3034	UESTC-China	Best Hardware	special		nominee	undergrad	
2019	3034	UESTC-China	Gold	medal	gold	winner		https://static.igem.org/websites/common/2023/icons/medal-flat.svg
2019	3035	UESTC-Software	Best Software Project	village		winner	underover	
2019	3035	UESTC-Software	Gold	medal	gold	winner		https://static.igem.org/websites/common/2023/icons/medal-flat.svg
2019	3124	UFPR-Curitiba-Brazil						
2019	3215	UFRGS_Brazil	Bronze	medal	bronze	winner		https://static.igem.org/websites/common/2023/icons/medal-bronze-flat.svg
2019	3242	UGA	Silver	medal	silver	winner		https://static.igem.org/websites/common/2023/icons/medal-silver-flat.svg
2019	2955	UIUC_Illinois	Silver	medal	silver	winner		https://static.igem.org/websites/common/2023/icons/medal-silver-flat.svg
2019	3088	UI_Indonesia	Gold	medal	gold	winner		https://static.igem.org/websites/common/2023/icons/medal-flat.svg
2019	2958	ULaVerne_Collab	Silver	medal	silver	winner		https://static.igem.org/websites/common/2023/icons/medal-silver-flat.svg
2019	3026	ULaval	Best Model	special		nominee	overgrad	
2019	3026	ULaval	Best New Application Project	village		winner	overgrad	https://static.igem.org/websites/common/2022/icons/village/newapplication.svg
2019	3026	ULaval	Gold	medal	gold	winner		https://static.igem.org/websites/common/2023/icons/medal-flat.svg
2019	3033	UM_Macau	Best Part Collection	special		nominee	undergrad	
2019	3033	UM_Macau	Gold	medal	gold	winner		https://static.igem.org/websites/common/2023/icons/medal-flat.svg
2019	3302	UMaryland						
2019	3075	UNSW_Australia	Gold	medal	gold	winner		https://static.igem.org/websites/common/2023/icons/medal-flat.svg
2019	3191	UNebraska-Lincoln	Silver	medal	silver	winner		https://static.igem.org/websites/common/2023/icons/medal-silver-flat.svg
2019	3287	UPNAvarra_Spain	Gold	medal	gold	winner		https://static.igem.org/websites/common/2023/icons/medal-flat.svg
2019	3169	UPRM	Best Open Project	village		nominee	underover	
2019	3169	UPRM	Silver	medal	silver	winner		https://static.igem.org/websites/common/2023/icons/medal-silver-flat.svg
2019	2911	USAFA	Silver	medal	silver	winner		https://static.igem.org/websites/common/2023/icons/medal-silver-flat.svg
2019	3104	USF						
2019	3095	USP-Brazil	Gold	medal	gold	winner		https://static.igem.org/websites/common/2023/icons/medal-flat.svg
2019	3280	USP_SaoCarlos-Brazil	Silver	medal	silver	winner		https://static.igem.org/websites/common/2023/icons/medal-silver-flat.svg
2019	3099	USTC	Silver	medal	silver	winner		https://static.igem.org/websites/common/2023/icons/medal-silver-flat.svg
2019	3073	USTC-Software	Best Software Project	village		nominee	underover	
2019	3073	USTC-Software	Gold	medal	gold	winner		https://static.igem.org/websites/common/2023/icons/medal-flat.svg
2019	3145	US_AFRL_CarrollHS	Best Education & Public Engagement	special		nominee	high-school	
2019	3145	US_AFRL_CarrollHS	Silver	medal	silver	winner		https://static.igem.org/websites/common/2023/icons/medal-silver-flat.svg
2019	3217	UTArlingtonTexasUSA	Bronze	medal	bronze	winner		https://static.igem.org/websites/common/2023/icons/medal-bronze-flat.svg
2019	3265	UZurich	Silver	medal	silver	winner		https://static.igem.org/websites/common/2023/icons/medal-silver-flat.svg
2019	2971	UiOslo_Norway	Silver	medal	silver	winner		https://static.igem.org/websites/common/2023/icons/medal-silver-flat.svg
2019	3101	UniGE-Geneva	Silver	medal	silver	winner		https://static.igem.org/websites/common/2023/icons/medal-silver-flat.svg
2019	3294	Unimelb						
2019	3105	Uppsala_Universitet	Gold	medal	gold	winner		https://static.igem.org/websites/common/2023/icons/medal-flat.svg
2019	3053	VIT_Vellore	Silver	medal	silver	winner		https://static.igem.org/websites/common/2023/icons/medal-silver-flat.svg
2019	3155	Victoria_Wellington						
2019	3032	Vilnius-Lithuania	Best Foundational Advance Project	village		nominee	undergrad	
2019	3032	Vilnius-Lithuania	Best New Composite Part	special		nominee	undergrad	
2019	3032	Vilnius-Lithuania	Best Presentation	special		nominee	undergrad	
2019	3032	Vilnius-Lithuania	Best Wiki	special		nominee	undergrad	
2019	3032	Vilnius-Lithuania	Gold	medal	gold	winner		https://static.igem.org/websites/common/2023/icons/medal-flat.svg
2019	3192	Virginia	Best Environment Project	village		nominee	undergrad	
2019	3192	Virginia	Gold	medal	gold	winner		https://static.igem.org/websites/common/2023/icons/medal-flat.svg
2019	3184	WFLA-SPHBS						
2019	3098	WHU-China	Best New Application Project	village		nominee	undergrad	https://static.igem.org/websites/common/2022/icons/village/newapplication.svg
2019	3098	WHU-China	Gold	medal	gold	winner		https://static.igem.org/websites/common/2023/icons/medal-flat.svg
2019	3116	WLC-Milwaukee	Bronze	medal	bronze	winner		https://static.igem.org/websites/common/2023/icons/medal-bronze-flat.svg
2019	3286	Wageningen_UR	Best Education & Public Engagement	special		nominee	overgrad	
2019	3286	Wageningen_UR	Best Food & Nutrition Project	village		winner	overgrad	
2019	3286	Wageningen_UR	Best Poster	special		winner	overgrad	
2019	3286	Wageningen_UR	Best Presentation	special		nominee	overgrad	
2019	3286	Wageningen_UR	Best Wiki	special		nominee	overgrad	
2019	3286	Wageningen_UR	Finalist	finalist		winner	overgrad	
2019	3286	Wageningen_UR	First Runner Up	grand-prize	first-runner-up	winner	overgrad	
2019	3286	Wageningen_UR	Gold	medal	gold	winner		https://static.igem.org/websites/common/2023/icons/medal-flat.svg
2019	3051	Warwick	Silver	medal	silver	winner		https://static.igem.org/websites/common/2023/icons/medal-silver-flat.svg
2019	3123	Washington	Best Education & Public Engagement	special		winner	undergrad	
2019	3123	Washington	Silver	medal	silver	winner		https://static.igem.org/websites/common/2023/icons/medal-silver-flat.svg
2019	2995	Waterloo	Silver	medal	silver	winner		https://static.igem.org/websites/common/2023/icons/medal-silver-flat.svg
2019	3057	West_Point						
2019	3316	Western_Canada	Bronze	medal	bronze	winner		https://static.igem.org/websites/common/2023/icons/medal-bronze-flat.svg
2019	3146	Westminster_UK						
2019	3059	William_and_Mary	Silver	medal	silver	winner		https://static.igem.org/websites/common/2023/icons/medal-silver-flat.svg
2019	3311	Worldshaper-Shanghai	Gold	medal	gold	winner		https://static.igem.org/websites/common/2023/icons/medal-flat.svg
2019	3153	Worldshaper-Wuhan	Silver	medal	silver	winner		https://static.igem.org/websites/common/2023/icons/medal-silver-flat.svg
2019	3150	Worldshaper-XSHS	Gold	medal	gold	winner		https://static.igem.org/websites/common/2023/icons/medal-flat.svg
2019	3138	Wroclaw	Bronze	medal	bronze	winner		https://static.igem.org/websites/common/2023/icons/medal-bronze-flat.svg
2019	3160	XHD-WS-Wuhan-A	Silver	medal	silver	winner		https://static.igem.org/websites/common/2023/icons/medal-silver-flat.svg
2019	3161	XHD-WS-Wuhan-B	Bronze	medal	bronze	winner		https://static.igem.org/websites/common/2023/icons/medal-bronze-flat.svg
2019	3030	XJTLU-CHINA	Gold	medal	gold	winner		https://static.igem.org/websites/common/2023/icons/medal-flat.svg
2019	3052	XJTU-CHINA	Gold	medal	gold	winner		https://static.igem.org/websites/common/2023/icons/medal-flat.svg
2019	2922	XMU-China	Gold	medal	gold	winner		https://static.igem.org/websites/common/2023/icons/medal-flat.svg
2019	3158	Xiamen_City	Silver	medal	silver	winner		https://static.igem.org/websites/common/2023/icons/medal-silver-flat.svg
2019	2999	YAU-China	Silver	medal	silver	winner		https://static.igem.org/websites/common/2023/icons/medal-silver-flat.svg
2019	2965	ZJU-China	Gold	medal	gold	winner		https://static.igem.org/websites/common/2023/icons/medal-flat.svg
2019	2936	ZJUT-China	Gold	medal	gold	winner		https://static.igem.org/websites/common/2023/icons/medal-flat.svg
2019	3225	iBowu-China	Best Integrated Human Practices	special		nominee	high-school	
2019	3225	iBowu-China	Gold	medal	gold	winner		https://static.igem.org/websites/common/2023/icons/medal-flat.svg
2019	3271	uOttawa	Gold	medal	gold	winner		https://static.igem.org/websites/common/2023/icons/medal-flat.svg
2020	3504	AFCM-Egypt	Gold	medal	gold	winner		https://static.igem.org/websites/common/2023/icons/medal-flat.svg
2020	3656	AHUT-ZJU-China	Gold	medal	gold	winner		https://static.igem.org/websites/common/2023/icons/medal-flat.svg
2020	3576	ASTWS-China	Best Model	special		nominee	high-school	
2020	3576	ASTWS-China	Gold	medal	gold	winner		https://static.igem.org/websites/common/2023/icons/medal-flat.svg
2020	3626	AUC-EGYPT	Silver	medal	silver	winner		https://static.igem.org/websites/common/2023/icons/medal-silver-flat.svg
2020	3456	Aachen	Best Foundational Advance Project	village		winner	overgrad	
2020	3456	Aachen	Best Hardware	special		nominee	overgrad	
2020	3456	Aachen	Best Model	special		nominee	overgrad	
2020	3456	Aachen	Best Poster	special		nominee	overgrad	
2020	3456	Aachen	Best Presentation	special		nominee	overgrad	
2020	3456	Aachen	Best Project Promotion Video	special	community	winner	overgrad	
2020	3456	Aachen	Finalist	finalist		winner	overgrad	
2020	3456	Aachen	First Runner Up	grand-prize	first-runner-up	winner	overgrad	
2020	3456	Aachen	Gold	medal	gold	winner		https://static.igem.org/websites/common/2023/icons/medal-flat.svg
2020	3386	Aalto-Helsinki	Best Environment Project	village		nominee	overgrad	
2020	3386	Aalto-Helsinki	Best Integrated Human Practices	special		nominee	overgrad	
2020	3386	Aalto-Helsinki	Gold	medal	gold	winner		https://static.igem.org/websites/common/2023/icons/medal-flat.svg
2020	3465	Aix-Marseille	Bronze	medal	bronze	winner		https://static.igem.org/websites/common/2023/icons/medal-bronze-flat.svg
2020	3445	Alma	Gold	medal	gold	winner		https://static.igem.org/websites/common/2023/icons/medal-flat.svg
2020	3437	Amsterdam	Silver	medal	silver	winner		https://static.igem.org/websites/common/2023/icons/medal-silver-flat.svg
2020	3368	AshesiGhana	Silver	medal	silver	winner		https://static.igem.org/websites/common/2023/icons/medal-silver-flat.svg
2020	3520	Athens	Best Project Promotion Video	special	community	winner	undergrad	
2020	3520	Athens	Silver	medal	silver	winner		https://static.igem.org/websites/common/2023/icons/medal-silver-flat.svg
2020	3569	Austin_UTexas	Gold	medal	gold	winner		https://static.igem.org/websites/common/2023/icons/medal-flat.svg
2020	3394	BGU-Israel	Bronze	medal	bronze	winner		https://static.igem.org/websites/common/2023/icons/medal-bronze-flat.svg
2020	3399	BHSF	Best Project Promotion Video	special	community	winner	high-school	
2020	3399	BHSF	Gold	medal	gold	winner		https://static.igem.org/websites/common/2023/icons/medal-flat.svg
2020	3471	BIT	Silver	medal	silver	winner		https://static.igem.org/websites/common/2023/icons/medal-silver-flat.svg
2020	3496	BIT-China	Silver	medal	silver	winner		https://static.igem.org/websites/common/2023/icons/medal-silver-flat.svg
2020	3512	BITSPilani-Goa_India	Best New Composite Part	special		winner	undergrad	
2020	3512	BITSPilani-Goa_India	Best Software Tool	special		winner	undergrad	
2020	3512	BITSPilani-Goa_India	Gold	medal	gold	winner		https://static.igem.org/websites/common/2023/icons/medal-flat.svg
2020	3693	BJ101HS	Bronze	medal	bronze	winner		https://static.igem.org/websites/common/2023/icons/medal-bronze-flat.svg
2020	3329	BNDS_China	Gold	medal	gold	winner		https://static.igem.org/websites/common/2023/icons/medal-flat.svg
2020	3506	BNU-China	Gold	medal	gold	winner		https://static.igem.org/websites/common/2023/icons/medal-flat.svg
2020	3514	BOKU-Vienna	Gold	medal	gold	winner		https://static.igem.org/websites/common/2023/icons/medal-flat.svg
2020	3699	BUCT	Silver	medal	silver	winner		https://static.igem.org/websites/common/2023/icons/medal-silver-flat.svg
2020	3664	BUCT-China	Gold	medal	gold	winner		https://static.igem.org/websites/common/2023/icons/medal-flat.svg
2020	3651	Baltimore_BioCrew	Best Integrated Human Practices	special		nominee	high-school	
2020	3651	Baltimore_BioCrew	Gold	medal	gold	winner		https://static.igem.org/websites/common/2023/icons/medal-flat.svg
2020	3598	Beijing_4ELEVEN	Gold	medal	gold	winner		https://static.igem.org/websites/common/2023/icons/medal-flat.svg
2020	3410	Bielefeld-CeBiTec	Gold	medal	gold	winner		https://static.igem.org/websites/common/2023/icons/medal-flat.svg
2020	3364	Botchan_Lab_Tokyo	Silver	medal	silver	winner		https://static.igem.org/websites/common/2023/icons/medal-silver-flat.svg
2020	3590	Brno_Czech_Republic	Best Environment Project	village		nominee	undergrad	
2020	3590	Brno_Czech_Republic	Gold	medal	gold	winner		https://static.igem.org/websites/common/2023/icons/medal-flat.svg
2020	3467	CAU_China	Gold	medal	gold	winner		https://static.igem.org/websites/common/2023/icons/medal-flat.svg
2020	3551	CCA_San_Diego	Best Education	special		nominee	high-school	
2020	3551	CCA_San_Diego	Silver	medal	silver	winner		https://static.igem.org/websites/common/2023/icons/medal-silver-flat.svg
2020	3648	CCU_Taiwan	Best Inclusivity	special		nominee	undergrad	
2020	3648	CCU_Taiwan	Gold	medal	gold	winner		https://static.igem.org/websites/common/2023/icons/medal-flat.svg
2020	3588	CLS_CLSG_UK	Best Inclusivity	special		nominee	high-school	
2020	3588	CLS_CLSG_UK	Best Poster	special		nominee	high-school	
2020	3588	CLS_CLSG_UK	Best Presentation	special		nominee	high-school	
2020	3588	CLS_CLSG_UK	Best Wiki	special		nominee	high-school	
2020	3588	CLS_CLSG_UK	Silver	medal	silver	winner		https://static.igem.org/websites/common/2023/icons/medal-silver-flat.svg
2020	3588	CLS_CLSG_UK	iGEMers Prize	special	community	winner		
2020	3661	CPU_CHINA	Best New Composite Part	special		nominee	undergrad	
2020	3661	CPU_CHINA	Gold	medal	gold	winner		https://static.igem.org/websites/common/2023/icons/medal-flat.svg
2020	3431	CSMU_Taiwan	Best Diagnostics Project	village		nominee	undergrad	https://static.igem.org/websites/common/2025/icons/villages/diagnostics.svg
2020	3431	CSMU_Taiwan	Best Measurement	special		nominee	undergrad	
2020	3431	CSMU_Taiwan	Best New Basic Part	special		nominee	undergrad	
2020	3431	CSMU_Taiwan	Best New Composite Part	special		nominee	undergrad	
2020	3431	CSMU_Taiwan	Best Part Collection	special		nominee	undergrad	
2020	3431	CSMU_Taiwan	Gold	medal	gold	winner		https://static.igem.org/websites/common/2023/icons/medal-flat.svg
2020	3452	CSU_CHINA	Gold	medal	gold	winner		https://static.igem.org/websites/common/2023/icons/medal-flat.svg
2020	3446	CU-Boulder						
2020	3629	Calgary	Best Hardware	special		nominee	undergrad	
2020	3629	Calgary	Best Integrated Human Practices	special		nominee	undergrad	
2020	3629	Calgary	Best Measurement	special		nominee	undergrad	
2020	3629	Calgary	Best Supporting Entrepreneurship	special		nominee	undergrad	
2020	3629	Calgary	Best Sustainable Development Impact	special		nominee	undergrad	
2020	3629	Calgary	Finalist	finalist		nominee	undergrad	
2020	3629	Calgary	Gold	medal	gold	winner		https://static.igem.org/websites/common/2023/icons/medal-flat.svg
2020	3477	Chalmers-Gothenburg	Bronze	medal	bronze	winner		https://static.igem.org/websites/common/2023/icons/medal-bronze-flat.svg
2020	3363	Concordia-Montreal	Best Inclusivity	special		nominee	overgrad	
2020	3363	Concordia-Montreal	Best Software Project	village		winner	underover	
2020	3363	Concordia-Montreal	Gold	medal	gold	winner		https://static.igem.org/websites/common/2023/icons/medal-flat.svg
2020	3419	Cornell	Gold	medal	gold	winner		https://static.igem.org/websites/common/2023/icons/medal-flat.svg
2020	3652	DNHS_SanDiego_CA	Best Poster	special		nominee	high-school	
2020	3652	DNHS_SanDiego_CA	Best Presentation	special		nominee	high-school	
2020	3652	DNHS_SanDiego_CA	Gold	medal	gold	winner		https://static.igem.org/websites/common/2023/icons/medal-flat.svg
2020	3385	DTU-Denmark	Best Manufacturing Project	village		winner	underover	
2020	3385	DTU-Denmark	Best Model	special		winner	overgrad	
2020	3385	DTU-Denmark	Best Part Collection	special		winner	overgrad	
2020	3385	DTU-Denmark	Best Poster	special		nominee	overgrad	
2020	3385	DTU-Denmark	Best Software Tool	special		nominee	overgrad	
2020	3385	DTU-Denmark	Finalist	finalist		nominee	overgrad	
2020	3385	DTU-Denmark	Gold	medal	gold	winner		https://static.igem.org/websites/common/2023/icons/medal-flat.svg
2020	3354	DUT_China	Gold	medal	gold	winner		https://static.igem.org/websites/common/2023/icons/medal-flat.svg
2020	3694	DeNovocastrians	Silver	medal	silver	winner		https://static.igem.org/websites/common/2023/icons/medal-silver-flat.svg
2020	3583	Duesseldorf	Silver	medal	silver	winner		https://static.igem.org/websites/common/2023/icons/medal-silver-flat.svg
2020	3704	ECNUAS	Bronze	medal	bronze	winner		https://static.igem.org/websites/common/2023/icons/medal-bronze-flat.svg
2020	3480	ECUST_China	Bronze	medal	bronze	winner		https://static.igem.org/websites/common/2023/icons/medal-bronze-flat.svg
2020	3600	EPFL	Gold	medal	gold	winner		https://static.igem.org/websites/common/2023/icons/medal-flat.svg
2020	3380	Edinburgh	Best New Composite Part	special		nominee	overgrad	
2020	3380	Edinburgh	Best Part Collection	special		nominee	overgrad	
2020	3380	Edinburgh	Gold	medal	gold	winner		https://static.igem.org/websites/common/2023/icons/medal-flat.svg
2020	3692	Estonia_TUIT	Gold	medal	gold	winner		https://static.igem.org/websites/common/2023/icons/medal-flat.svg
2020	3453	Evry_Paris-Saclay	Best Measurement	special		nominee	overgrad	
2020	3453	Evry_Paris-Saclay	Best New Application Project	village		nominee	overgrad	https://static.igem.org/websites/common/2022/icons/village/newapplication.svg
2020	3453	Evry_Paris-Saclay	Best New Composite Part	special		nominee	overgrad	
2020	3453	Evry_Paris-Saclay	Best Part Collection	special		nominee	overgrad	
2020	3453	Evry_Paris-Saclay	Gold	medal	gold	winner		https://static.igem.org/websites/common/2023/icons/medal-flat.svg
2020	3377	Example						
2020	3371	Exeter	Gold	medal	gold	winner		https://static.igem.org/websites/common/2023/icons/medal-flat.svg
2020	3550	FAFU-CHINA						
2020	3498	FCB-UANL	Best Environment Project	village		nominee	undergrad	
2020	3498	FCB-UANL	Best Supporting Entrepreneurship	special		winner	undergrad	
2020	3498	FCB-UANL	Gold	medal	gold	winner		https://static.igem.org/websites/common/2023/icons/medal-flat.svg
2020	3466	FDR-HB_Peru	Silver	medal	silver	winner		https://static.igem.org/websites/common/2023/icons/medal-silver-flat.svg
2020	3702	FSU	Silver	medal	silver	winner		https://static.igem.org/websites/common/2023/icons/medal-silver-flat.svg
2020	3606	Fudan	Best Education	special		nominee	undergrad	
2020	3606	Fudan	Best Inclusivity	special		nominee	undergrad	
2020	3606	Fudan	Best New Composite Part	special		nominee	undergrad	
2020	3606	Fudan	Best Part Collection	special		nominee	undergrad	
2020	3606	Fudan	Best Sustainable Development Impact	special		winner	undergrad	
2020	3606	Fudan	Gold	medal	gold	winner		https://static.igem.org/websites/common/2023/icons/medal-flat.svg
2020	3500	GA_State_SW_Jiaotong	Silver	medal	silver	winner		https://static.igem.org/websites/common/2023/icons/medal-silver-flat.svg
2020	3458	GDSYZX	Silver	medal	silver	winner		https://static.igem.org/websites/common/2023/icons/medal-silver-flat.svg
2020	3427	GO_Paris-Saclay	Silver	medal	silver	winner		https://static.igem.org/websites/common/2023/icons/medal-silver-flat.svg
2020	3618	GW_DC						
2020	3595	GZ_HFI	Best New Basic Part	special		nominee	high-school	
2020	3595	GZ_HFI	Best Part Collection	special		nominee	high-school	
2020	3595	GZ_HFI	Finalist	finalist		nominee	high-school	
2020	3595	GZ_HFI	Gold	medal	gold	winner		https://static.igem.org/websites/common/2023/icons/medal-flat.svg
2020	3417	Gaston_Day_School	Bronze	medal	bronze	winner		https://static.igem.org/websites/common/2023/icons/medal-bronze-flat.svg
2020	3593	GreatBay_SCIE	Best Hardware	special		winner	high-school	
2020	3593	GreatBay_SCIE	Best Integrated Human Practices	special		winner	high-school	
2020	3593	GreatBay_SCIE	Best Measurement	special		nominee	high-school	
2020	3593	GreatBay_SCIE	Best Model	special		winner	high-school	
2020	3593	GreatBay_SCIE	Best New Basic Part	special		nominee	high-school	
2020	3593	GreatBay_SCIE	Best Poster	special		nominee	high-school	
2020	3593	GreatBay_SCIE	Best Presentation	special		nominee	high-school	
2020	3593	GreatBay_SCIE	Best Wiki	special		winner	high-school	
2020	3593	GreatBay_SCIE	Finalist	finalist		winner	high-school	
2020	3593	GreatBay_SCIE	First Runner Up	grand-prize	first-runner-up	winner	high-school	
2020	3593	GreatBay_SCIE	Gold	medal	gold	winner		https://static.igem.org/websites/common/2023/icons/medal-flat.svg
2020	3596	GreatBay_SZ	Best New Basic Part	special		nominee	high-school	
2020	3596	GreatBay_SZ	Best New Composite Part	special		nominee	high-school	
2020	3596	GreatBay_SZ	Best Poster	special		nominee	high-school	
2020	3596	GreatBay_SZ	Best Presentation	special		nominee	high-school	
2020	3596	GreatBay_SZ	Best Supporting Entrepreneurship	special		winner	high-school	
2020	3596	GreatBay_SZ	Best Wiki	special		nominee	high-school	
2020	3596	GreatBay_SZ	Finalist	finalist		nominee	high-school	
2020	3596	GreatBay_SZ	Gold	medal	gold	winner		https://static.igem.org/websites/common/2023/icons/medal-flat.svg
2020	3463	Grenoble_Alpes	Best Hardware	special		nominee	undergrad	
2020	3463	Grenoble_Alpes	Best Software Tool	special		nominee	undergrad	
2020	3463	Grenoble_Alpes	Gold	medal	gold	winner		https://static.igem.org/websites/common/2023/icons/medal-flat.svg
2020	3507	Groningen	Best Food & Nutrition Project	village		nominee	overgrad	
2020	3507	Groningen	Best Wiki	special		nominee	overgrad	
2020	3507	Groningen	Gold	medal	gold	winner		https://static.igem.org/websites/common/2023/icons/medal-flat.svg
2020	3659	GunnVistaPingry_US	Best Model	special		nominee	high-school	
2020	3659	GunnVistaPingry_US	Best Software Tool	special		nominee	high-school	
2020	3659	GunnVistaPingry_US	Gold	medal	gold	winner		https://static.igem.org/websites/common/2023/icons/medal-flat.svg
2020	3581	HKUST	Gold	medal	gold	winner		https://static.igem.org/websites/common/2023/icons/medal-flat.svg
2020	3382	HK_CPU-WFN-WYY	Bronze	medal	bronze	winner		https://static.igem.org/websites/common/2023/icons/medal-bronze-flat.svg
2020	3414	HK_HCY	Bronze	medal	bronze	winner		https://static.igem.org/websites/common/2023/icons/medal-bronze-flat.svg
2020	3561	HK_SSC	Gold	medal	gold	winner		https://static.igem.org/websites/common/2023/icons/medal-flat.svg
2020	3378	HZAU-China	Gold	medal	gold	winner		https://static.igem.org/websites/common/2023/icons/medal-flat.svg
2020	3535	HZNFHS_Hangzhou	Silver	medal	silver	winner		https://static.igem.org/websites/common/2023/icons/medal-silver-flat.svg
2020	3622	Hainan_China	Best Project Promotion Video	special	community	winner	high-school	
2020	3622	Hainan_China	Bronze	medal	bronze	winner		https://static.igem.org/websites/common/2023/icons/medal-bronze-flat.svg
2020	3362	Hamburg	Bronze	medal	bronze	winner		https://static.igem.org/websites/common/2023/icons/medal-bronze-flat.svg
2020	3338	Hannover	Best New Basic Part	special		nominee	overgrad	
2020	3338	Hannover	Gold	medal	gold	winner		https://static.igem.org/websites/common/2023/icons/medal-flat.svg
2020	3677	Harvard	Best Model	special		nominee	undergrad	
2020	3677	Harvard	Gold	medal	gold	winner		https://static.igem.org/websites/common/2023/icons/medal-flat.svg
2020	3657	Heidelberg	Gold	medal	gold	winner		https://static.igem.org/websites/common/2023/icons/medal-flat.svg
2020	3511	Hong_Kong_CityU	Bronze	medal	bronze	winner		https://static.igem.org/websites/common/2023/icons/medal-bronze-flat.svg
2020	3644	Hong_Kong_HKU	Bronze	medal	bronze	winner		https://static.igem.org/websites/common/2023/icons/medal-bronze-flat.svg
2020	3461	ICS_BKK	Bronze	medal	bronze	winner		https://static.igem.org/websites/common/2023/icons/medal-bronze-flat.svg
2020	3582	IISER-Pune-India	Gold	medal	gold	winner		https://static.igem.org/websites/common/2023/icons/medal-flat.svg
2020	3582	IISER-Pune-India	iGEMers Prize	special	community	winner		
2020	3519	IISER-Tirupati_India	Gold	medal	gold	winner		https://static.igem.org/websites/common/2023/icons/medal-flat.svg
2020	3646	IISER_Berhampur	Gold	medal	gold	winner		https://static.igem.org/websites/common/2023/icons/medal-flat.svg
2020	3450	IISER_Bhopal	Gold	medal	gold	winner		https://static.igem.org/websites/common/2023/icons/medal-flat.svg
2020	3564	IIT_Roorkee	Gold	medal	gold	winner		https://static.igem.org/websites/common/2023/icons/medal-flat.svg
2020	3559	Imperial_College	Best Software Project	village		nominee	underover	
2020	3559	Imperial_College	Gold	medal	gold	winner		https://static.igem.org/websites/common/2023/icons/medal-flat.svg
2020	3409	Ionis_Paris	Best Therapeutics Project	village		nominee	undergrad	
2020	3409	Ionis_Paris	Gold	medal	gold	winner		https://static.igem.org/websites/common/2023/icons/medal-flat.svg
2020	3665	JACOXH_China	Gold	medal	gold	winner		https://static.igem.org/websites/common/2023/icons/medal-flat.svg
2020	3605	JNFLS	Gold	medal	gold	winner		https://static.igem.org/websites/common/2023/icons/medal-flat.svg
2020	3402	Jiangnan_China	Gold	medal	gold	winner		https://static.igem.org/websites/common/2023/icons/medal-flat.svg
2020	3447	Jilin_China	Best Open Project	village		winner	underover	
2020	3447	Jilin_China	Gold	medal	gold	winner		https://static.igem.org/websites/common/2023/icons/medal-flat.svg
2020	3685	KAIT_Japan	Bronze	medal	bronze	winner		https://static.igem.org/websites/common/2023/icons/medal-bronze-flat.svg
2020	3635	KCL_UK	Best Model	special		nominee	overgrad	
2020	3635	KCL_UK	Best Supporting Entrepreneurship	special		nominee	overgrad	
2020	3635	KCL_UK	Best Therapeutics Project	village		winner	overgrad	
2020	3635	KCL_UK	Gold	medal	gold	winner		https://static.igem.org/websites/common/2023/icons/medal-flat.svg
2020	3478	KEYSTONE	Best Education	special		nominee	high-school	
2020	3478	KEYSTONE	Gold	medal	gold	winner		https://static.igem.org/websites/common/2023/icons/medal-flat.svg
2020	3592	KEYSTONE_A	Gold	medal	gold	winner		https://static.igem.org/websites/common/2023/icons/medal-flat.svg
2020	3654	KSA_KOREA	Finalist	finalist		nominee	high-school	
2020	3654	KSA_KOREA	Gold	medal	gold	winner		https://static.igem.org/websites/common/2023/icons/medal-flat.svg
2020	3421	KUAS_Korea	Bronze	medal	bronze	winner		https://static.igem.org/websites/common/2023/icons/medal-bronze-flat.svg
2020	3433	KU_ISTANBUL	Best Inclusivity	special		nominee	undergrad	
2020	3433	KU_ISTANBUL	Best New Application Project	village		nominee	undergrad	https://static.igem.org/websites/common/2022/icons/village/newapplication.svg
2020	3433	KU_ISTANBUL	Gold	medal	gold	winner		https://static.igem.org/websites/common/2023/icons/medal-flat.svg
2020	3643	Korea-SIS	Gold	medal	gold	winner		https://static.igem.org/websites/common/2023/icons/medal-flat.svg
2020	3573	Korea_HS	Gold	medal	gold	winner		https://static.igem.org/websites/common/2023/icons/medal-flat.svg
2020	3573	Korea_HS	iGEMers Prize	special	community	winner		
2020	3552	LINKS_China	Best New Basic Part	special		nominee	high-school	
2020	3552	LINKS_China	Best Part Collection	special		nominee	high-school	
2020	3552	LINKS_China	Gold	medal	gold	winner		https://static.igem.org/websites/common/2023/icons/medal-flat.svg
2020	3411	Lambert_GA	Best Education	special		nominee	high-school	
2020	3411	Lambert_GA	Best Integrated Human Practices	special		nominee	high-school	
2020	3411	Lambert_GA	Best Model	special		nominee	high-school	
2020	3411	Lambert_GA	Best Sustainable Development Impact	special		winner	high-school	
2020	3411	Lambert_GA	Gold	medal	gold	winner		https://static.igem.org/websites/common/2023/icons/medal-flat.svg
2020	3343	Leiden	Best Diagnostics Project	village		winner	overgrad	https://static.igem.org/websites/common/2025/icons/villages/diagnostics.svg
2020	3343	Leiden	Best Inclusivity	special		winner	overgrad	
2020	3343	Leiden	Best Integrated Human Practices	special		nominee	overgrad	
2020	3343	Leiden	Best Model	special		nominee	overgrad	
2020	3343	Leiden	Best New Basic Part	special		nominee	overgrad	
2020	3343	Leiden	Best Poster	special		nominee	overgrad	
2020	3343	Leiden	Best Supporting Entrepreneurship	special		winner	overgrad	
2020	3343	Leiden	Best Wiki	special		winner	overgrad	
2020	3343	Leiden	Finalist	finalist		winner	overgrad	
2020	3343	Leiden	Gold	medal	gold	winner		https://static.igem.org/websites/common/2023/icons/medal-flat.svg
2020	3343	Leiden	Grand Prize Winner	grand-prize	winner	winner	overgrad	
2020	3624	Lethbridge	Bronze	medal	bronze	winner		https://static.igem.org/websites/common/2023/icons/medal-bronze-flat.svg
2020	3349	Lethbridge_HS	Best Integrated Human Practices	special		nominee	high-school	
2020	3349	Lethbridge_HS	Silver	medal	silver	winner		https://static.igem.org/websites/common/2023/icons/medal-silver-flat.svg
2020	3647	Linkoping	Gold	medal	gold	winner		https://static.igem.org/websites/common/2023/icons/medal-flat.svg
2020	3668	Lubbock_TTU						
2020	3619	Lund	Gold	medal	gold	winner		https://static.igem.org/websites/common/2023/icons/medal-flat.svg
2020	3621	MIT	Silver	medal	silver	winner		https://static.igem.org/websites/common/2023/icons/medal-silver-flat.svg
2020	3470	MIT_MAHE	Gold	medal	gold	winner		https://static.igem.org/websites/common/2023/icons/medal-flat.svg
2020	3587	MRIIRS_FARIDABAD	Bronze	medal	bronze	winner		https://static.igem.org/websites/common/2023/icons/medal-bronze-flat.svg
2020	3476	MSP-Maastricht	Silver	medal	silver	winner		https://static.igem.org/websites/common/2023/icons/medal-silver-flat.svg
2020	3340	Manchester	Best Supporting Entrepreneurship	special		nominee	undergrad	
2020	3340	Manchester	Gold	medal	gold	winner		https://static.igem.org/websites/common/2023/icons/medal-flat.svg
2020	3359	MichiganState	Silver	medal	silver	winner		https://static.igem.org/websites/common/2023/icons/medal-silver-flat.svg
2020	3376	Mingdao	Best Model	special		nominee	high-school	
2020	3376	Mingdao	Best New Composite Part	special		nominee	high-school	
2020	3376	Mingdao	Best Part Collection	special		nominee	high-school	
2020	3376	Mingdao	Gold	medal	gold	winner		https://static.igem.org/websites/common/2023/icons/medal-flat.svg
2020	3700	Montpellier	Silver	medal	silver	winner		https://static.igem.org/websites/common/2023/icons/medal-silver-flat.svg
2020	3636	Moscow	Gold	medal	gold	winner		https://static.igem.org/websites/common/2023/icons/medal-flat.svg
2020	3565	Moscow-Russia						
2020	3408	NAU-CHINA	Silver	medal	silver	winner		https://static.igem.org/websites/common/2023/icons/medal-silver-flat.svg
2020	3490	NCKU_Tainan	Best Hardware	special		winner	undergrad	
2020	3490	NCKU_Tainan	Best New Basic Part	special		nominee	undergrad	
2020	3490	NCKU_Tainan	Best New Composite Part	special		nominee	undergrad	
2020	3490	NCKU_Tainan	Best Poster	special		nominee	undergrad	
2020	3490	NCKU_Tainan	Best Supporting Entrepreneurship	special		nominee	undergrad	
2020	3490	NCKU_Tainan	Best Therapeutics Project	village		nominee	undergrad	
2020	3490	NCKU_Tainan	Gold	medal	gold	winner		https://static.igem.org/websites/common/2023/icons/medal-flat.svg
2020	3370	NCTU_Formosa	Best Foundational Advance Project	village		nominee	undergrad	
2020	3370	NCTU_Formosa	Best New Composite Part	special		winner	undergrad	
2020	3370	NCTU_Formosa	Gold	medal	gold	winner		https://static.igem.org/websites/common/2023/icons/medal-flat.svg
2020	3350	NEFU_China	Gold	medal	gold	winner		https://static.igem.org/websites/common/2023/icons/medal-flat.svg
2020	3611	NEU_CHINA	Best Diagnostics Project	village		nominee	undergrad	https://static.igem.org/websites/common/2025/icons/villages/diagnostics.svg
2020	3611	NEU_CHINA	Gold	medal	gold	winner		https://static.igem.org/websites/common/2023/icons/medal-flat.svg
2020	3513	NFLS	Gold	medal	gold	winner		https://static.igem.org/websites/common/2023/icons/medal-flat.svg
2020	3631	NJMU-China	Gold	medal	gold	winner		https://static.igem.org/websites/common/2023/icons/medal-flat.svg
2020	3384	NJTech_China	Gold	medal	gold	winner		https://static.igem.org/websites/common/2023/icons/medal-flat.svg
2020	3335	NJU-China	Silver	medal	silver	winner		https://static.igem.org/websites/common/2023/icons/medal-silver-flat.svg
2020	3522	NOFLS_YZ	Gold	medal	gold	winner		https://static.igem.org/websites/common/2023/icons/medal-flat.svg
2020	3675	NOVA_LxPortugal	Silver	medal	silver	winner		https://static.igem.org/websites/common/2023/icons/medal-silver-flat.svg
2020	3486	NTHU_Taiwan	Silver	medal	silver	winner		https://static.igem.org/websites/common/2023/icons/medal-silver-flat.svg
2020	3396	NUDT_CHINA	Gold	medal	gold	winner		https://static.igem.org/websites/common/2023/icons/medal-flat.svg
2020	3351	NWU-CHINA-A	Silver	medal	silver	winner		https://static.igem.org/websites/common/2023/icons/medal-silver-flat.svg
2020	3388	NWU-CHINA-B						
2020	3691	NYC_Earthians						
2020	3682	NYMU-Taipei	Gold	medal	gold	winner		https://static.igem.org/websites/common/2023/icons/medal-flat.svg
2020	3658	NYU_Abu_Dhabi	Gold	medal	gold	winner		https://static.igem.org/websites/common/2023/icons/medal-flat.svg
2020	3341	Nanjing-China	Gold	medal	gold	winner		https://static.igem.org/websites/common/2023/icons/medal-flat.svg
2020	3492	Nanjing_NFLS	Gold	medal	gold	winner		https://static.igem.org/websites/common/2023/icons/medal-flat.svg
2020	3524	Nanjing_high-school	Silver	medal	silver	winner		https://static.igem.org/websites/common/2023/icons/medal-silver-flat.svg
2020	3518	Nantes	Silver	medal	silver	winner		https://static.igem.org/websites/common/2023/icons/medal-silver-flat.svg
2020	3356	Nottingham	Best Model	special		nominee	undergrad	
2020	3356	Nottingham	Best Therapeutics Project	village		nominee	undergrad	
2020	3356	Nottingham	Gold	medal	gold	winner		https://static.igem.org/websites/common/2023/icons/medal-flat.svg
2020	3696	OSA	Gold	medal	gold	winner		https://static.igem.org/websites/common/2023/icons/medal-flat.svg
2020	3328	OUC-China	Best Part Collection	special		nominee	undergrad	
2020	3328	OUC-China	Gold	medal	gold	winner		https://static.igem.org/websites/common/2023/icons/medal-flat.svg
2020	3412	OhioState	Best Foundational Advance Project	village		winner	undergrad	
2020	3412	OhioState	Best Integrated Human Practices	special		nominee	undergrad	
2020	3412	OhioState	Gold	medal	gold	winner		https://static.igem.org/websites/common/2023/icons/medal-flat.svg
2020	3683	PYMS_GZ_China	Best Inclusivity	special		winner	high-school	
2020	3683	PYMS_GZ_China	Gold	medal	gold	winner		https://static.igem.org/websites/common/2023/icons/medal-flat.svg
2020	3579	Paris_Bettencourt	Best Poster	special		nominee	overgrad	
2020	3579	Paris_Bettencourt	Bronze	medal	bronze	winner		https://static.igem.org/websites/common/2023/icons/medal-bronze-flat.svg
2020	3464	Patras	Silver	medal	silver	winner		https://static.igem.org/websites/common/2023/icons/medal-silver-flat.svg
2020	3645	Peking	Gold	medal	gold	winner		https://static.igem.org/websites/common/2023/icons/medal-flat.svg
2020	3666	Pittsburgh	Best Foundational Advance Project	village		nominee	undergrad	
2020	3666	Pittsburgh	Gold	medal	gold	winner		https://static.igem.org/websites/common/2023/icons/medal-flat.svg
2020	3503	PuiChing_Macau	Gold	medal	gold	winner		https://static.igem.org/websites/common/2023/icons/medal-flat.svg
2020	3439	Purdue	Gold	medal	gold	winner		https://static.igem.org/websites/common/2023/icons/medal-flat.svg
2020	3457	QHFZ-China	Best New Composite Part	special		nominee	high-school	
2020	3457	QHFZ-China	Best Part Collection	special		nominee	high-school	
2020	3457	QHFZ-China	Gold	medal	gold	winner		https://static.igem.org/websites/common/2023/icons/medal-flat.svg
2020	3430	Qdai	Silver	medal	silver	winner		https://static.igem.org/websites/common/2023/icons/medal-silver-flat.svg
2020	3515	Queens_Canada	Best Diagnostics Project	village		nominee	undergrad	https://static.igem.org/websites/common/2025/icons/villages/diagnostics.svg
2020	3515	Queens_Canada	Best Model	special		nominee	undergrad	
2020	3515	Queens_Canada	Gold	medal	gold	winner		https://static.igem.org/websites/common/2023/icons/medal-flat.svg
2020	3395	RDFZ-China	Gold	medal	gold	winner		https://static.igem.org/websites/common/2023/icons/medal-flat.svg
2020	3614	ROADS_SY						
2020	3670	RUM-UPRM	Bronze	medal	bronze	winner		https://static.igem.org/websites/common/2023/icons/medal-bronze-flat.svg
2020	3346	Rochester	Best Diagnostics Project	village		winner	undergrad	https://static.igem.org/websites/common/2025/icons/villages/diagnostics.svg
2020	3346	Rochester	Best Education	special		nominee	undergrad	
2020	3346	Rochester	Best Inclusivity	special		winner	undergrad	
2020	3346	Rochester	Best Integrated Human Practices	special		nominee	undergrad	
2020	3346	Rochester	Best Software Tool	special		nominee	undergrad	
2020	3346	Rochester	Gold	medal	gold	winner		https://static.igem.org/websites/common/2023/icons/medal-flat.svg
2020	3544	SCU-China	Gold	medal	gold	winner		https://static.igem.org/websites/common/2023/icons/medal-flat.svg
2020	3672	SCU-WestChina	Gold	medal	gold	winner		https://static.igem.org/websites/common/2023/icons/medal-flat.svg
2020	3333	SCUT_China	Gold	medal	gold	winner		https://static.igem.org/websites/common/2023/icons/medal-flat.svg
2020	3616	SDSZ_China						
2020	3602	SDU-Denmark	Best Diagnostics Project	village		nominee	overgrad	https://static.igem.org/websites/common/2025/icons/villages/diagnostics.svg
2020	3602	SDU-Denmark	Best Education	special		nominee	overgrad	
2020	3602	SDU-Denmark	Best Hardware	special		winner	overgrad	
2020	3602	SDU-Denmark	Best Integrated Human Practices	special		nominee	overgrad	
2020	3602	SDU-Denmark	Best Wiki	special		winner	overgrad	
2020	3602	SDU-Denmark	Finalist	finalist		nominee	overgrad	
2020	3602	SDU-Denmark	Gold	medal	gold	winner		https://static.igem.org/websites/common/2023/icons/medal-flat.svg
2020	3684	SEHS-China	Gold	medal	gold	winner		https://static.igem.org/websites/common/2023/icons/medal-flat.svg
2020	3594	SHSBNU_China	Best Model	special		nominee	high-school	
2020	3594	SHSBNU_China	Best Poster	special		nominee	high-school	
2020	3594	SHSBNU_China	Gold	medal	gold	winner		https://static.igem.org/websites/common/2023/icons/medal-flat.svg
2020	3521	SHSID	Silver	medal	silver	winner		https://static.igem.org/websites/common/2023/icons/medal-silver-flat.svg
2020	3365	SJTU-BioX-Shanghai	Silver	medal	silver	winner		https://static.igem.org/websites/common/2023/icons/medal-silver-flat.svg
2020	3460	SJTU-software	Gold	medal	gold	winner		https://static.igem.org/websites/common/2023/icons/medal-flat.svg
2020	3497	SMMU-China						
2020	3628	SMS_Shenzhen	Best Education	special		nominee	high-school	
2020	3628	SMS_Shenzhen	Gold	medal	gold	winner		https://static.igem.org/websites/common/2023/icons/medal-flat.svg
2020	3389	SUNY_Oneonta	Silver	medal	silver	winner		https://static.igem.org/websites/common/2023/icons/medal-silver-flat.svg
2020	3423	SUSTech_Shenzhen	Gold	medal	gold	winner		https://static.igem.org/websites/common/2023/icons/medal-flat.svg
2020	3502	SYSU-CHINA	Gold	medal	gold	winner		https://static.igem.org/websites/common/2023/icons/medal-flat.svg
2020	3575	SYSU-Software	Gold	medal	gold	winner		https://static.igem.org/websites/common/2023/icons/medal-flat.svg
2020	3686	SZ-SHD	Best New Composite Part	special		nominee	high-school	
2020	3686	SZ-SHD	Gold	medal	gold	winner		https://static.igem.org/websites/common/2023/icons/medal-flat.svg
2020	3487	SZPT-CHINA	Gold	medal	gold	winner		https://static.igem.org/websites/common/2023/icons/medal-flat.svg
2020	3360	SZU-China	Gold	medal	gold	winner		https://static.igem.org/websites/common/2023/icons/medal-flat.svg
2020	3454	ShanghaiTech_China	Best New Application Project	village		nominee	undergrad	https://static.igem.org/websites/common/2022/icons/village/newapplication.svg
2020	3454	ShanghaiTech_China	Gold	medal	gold	winner		https://static.igem.org/websites/common/2023/icons/medal-flat.svg
2020	3527	Shanghai_HS	Silver	medal	silver	winner		https://static.igem.org/websites/common/2023/icons/medal-silver-flat.svg
2020	3585	Shanghai_HS_United	Silver	medal	silver	winner		https://static.igem.org/websites/common/2023/icons/medal-silver-flat.svg
2020	3633	Shanghai_SFLS_SPBS	Best Model	special		nominee	high-school	
2020	3633	Shanghai_SFLS_SPBS	Best Wiki	special		nominee	high-school	
2020	3633	Shanghai_SFLS_SPBS	Gold	medal	gold	winner		https://static.igem.org/websites/common/2023/icons/medal-flat.svg
2020	3584	Shanghai_United	Gold	medal	gold	winner		https://static.igem.org/websites/common/2023/icons/medal-flat.svg
2020	3526	Shanghai_city	Silver	medal	silver	winner		https://static.igem.org/websites/common/2023/icons/medal-silver-flat.svg
2020	3525	Shanghai_high-school	Silver	medal	silver	winner		https://static.igem.org/websites/common/2023/icons/medal-silver-flat.svg
2020	3373	Sorbonne_U_Paris	Best Plant Synthetic Biology	special		winner	underover	
2020	3373	Sorbonne_U_Paris	Gold	medal	gold	winner		https://static.igem.org/websites/common/2023/icons/medal-flat.svg
2020	3634	St_Andrews	Gold	medal	gold	winner		https://static.igem.org/websites/common/2023/icons/medal-flat.svg
2020	3697	Stanford	Best Diagnostics Project	village		nominee	overgrad	https://static.igem.org/websites/common/2025/icons/villages/diagnostics.svg
2020	3697	Stanford	Best Education	special		nominee	overgrad	
2020	3697	Stanford	Gold	medal	gold	winner		https://static.igem.org/websites/common/2023/icons/medal-flat.svg
2020	3440	Stockholm	Best Environment Project	village		nominee	overgrad	
2020	3440	Stockholm	Best New Composite Part	special		nominee	overgrad	
2020	3440	Stockholm	Gold	medal	gold	winner		https://static.igem.org/websites/common/2023/icons/medal-flat.svg
2020	3428	Stony_Brook	Silver	medal	silver	winner		https://static.igem.org/websites/common/2023/icons/medal-silver-flat.svg
2020	3379	Stuttgart	Gold	medal	gold	winner		https://static.igem.org/websites/common/2023/icons/medal-flat.svg
2020	3352	TAS_Taipei	Best Education	special		winner	high-school	
2020	3352	TAS_Taipei	Best Hardware	special		nominee	high-school	
2020	3352	TAS_Taipei	Best Integrated Human Practices	special		nominee	high-school	
2020	3352	TAS_Taipei	Best Measurement	special		winner	high-school	
2020	3352	TAS_Taipei	Best Model	special		nominee	high-school	
2020	3352	TAS_Taipei	Best New Basic Part	special		winner	high-school	
2020	3352	TAS_Taipei	Best New Composite Part	special		winner	high-school	
2020	3352	TAS_Taipei	Best Part Collection	special		winner	high-school	
2020	3352	TAS_Taipei	Best Poster	special		winner	high-school	
2020	3352	TAS_Taipei	Best Presentation	special		winner	high-school	
2020	3352	TAS_Taipei	Best Software Tool	special		winner	high-school	
2020	3352	TAS_Taipei	Best Supporting Entrepreneurship	special		nominee	high-school	
2020	3352	TAS_Taipei	Best Wiki	special		nominee	high-school	
2020	3352	TAS_Taipei	Finalist	finalist		winner	high-school	
2020	3352	TAS_Taipei	Gold	medal	gold	winner		https://static.igem.org/websites/common/2023/icons/medal-flat.svg
2020	3352	TAS_Taipei	Grand Prize Winner	grand-prize	winner	winner	high-school	
2020	3413	TAU_Israel	Best Foundational Advance Project	village		nominee	overgrad	
2020	3413	TAU_Israel	Best Model	special		nominee	overgrad	
2020	3413	TAU_Israel	Best Presentation	special		nominee	overgrad	
2020	3413	TAU_Israel	Best Software Tool	special		winner	overgrad	
2020	3413	TAU_Israel	Gold	medal	gold	winner		https://static.igem.org/websites/common/2023/icons/medal-flat.svg
2020	3468	TJUSLS_China	Silver	medal	silver	winner		https://static.igem.org/websites/common/2023/icons/medal-silver-flat.svg
2020	3599	TPR_China	Gold	medal	gold	winner		https://static.igem.org/websites/common/2023/icons/medal-flat.svg
2020	3407	TUDelft	Best Education	special		nominee	overgrad	
2020	3407	TUDelft	Best Food & Nutrition Project	village		winner	overgrad	
2020	3407	TUDelft	Best Integrated Human Practices	special		winner	overgrad	
2020	3407	TUDelft	Best New Basic Part	special		winner	overgrad	
2020	3407	TUDelft	Best New Composite Part	special		winner	overgrad	
2020	3407	TUDelft	Best Part Collection	special		nominee	overgrad	
2020	3407	TUDelft	Best Poster	special		winner	overgrad	
2020	3407	TUDelft	Best Presentation	special		winner	overgrad	
2020	3407	TUDelft	Best Supporting Entrepreneurship	special		nominee	overgrad	
2020	3407	TUDelft	Best Sustainable Development Impact	special		nominee	overgrad	
2020	3407	TUDelft	Best Wiki	special		nominee	overgrad	
2020	3407	TUDelft	Gold	medal	gold	winner		https://static.igem.org/websites/common/2023/icons/medal-flat.svg
2020	3407	TUDelft	Safety & Security	special		winner	underover	
2020	3407	TUDelft	iGEMers Prize	special	community	winner		
2020	3429	TU_Darmstadt	Best Environment Project	village		nominee	overgrad	
2020	3429	TU_Darmstadt	Best Sustainable Development Impact	special		winner	overgrad	
2020	3429	TU_Darmstadt	Best Wiki	special		nominee	overgrad	
2020	3429	TU_Darmstadt	Gold	medal	gold	winner		https://static.igem.org/websites/common/2023/icons/medal-flat.svg
2020	3589	TU_Kaiserslautern	Best Environment Project	village		winner	overgrad	
2020	3589	TU_Kaiserslautern	Best New Basic Part	special		nominee	overgrad	
2020	3589	TU_Kaiserslautern	Best Presentation	special		nominee	overgrad	
2020	3589	TU_Kaiserslautern	Finalist	finalist		nominee	overgrad	
2020	3589	TU_Kaiserslautern	Gold	medal	gold	winner		https://static.igem.org/websites/common/2023/icons/medal-flat.svg
2020	3653	Technion-Israel	Best Inclusivity	special		nominee	overgrad	
2020	3653	Technion-Israel	Gold	medal	gold	winner		https://static.igem.org/websites/common/2023/icons/medal-flat.svg
2020	3505	Thessaly	Gold	medal	gold	winner		https://static.igem.org/websites/common/2023/icons/medal-flat.svg
2020	3475	Tongji_China	Gold	medal	gold	winner		https://static.igem.org/websites/common/2023/icons/medal-flat.svg
2020	3483	Tongji_Software	Gold	medal	gold	winner		https://static.igem.org/websites/common/2023/icons/medal-flat.svg
2020	3570	Toulouse_INSA-UPS	Best Education	special		nominee	undergrad	
2020	3570	Toulouse_INSA-UPS	Best Food & Nutrition Project	village		nominee	undergrad	
2020	3570	Toulouse_INSA-UPS	Best Poster	special		winner	undergrad	
2020	3570	Toulouse_INSA-UPS	Best Presentation	special		nominee	undergrad	
2020	3570	Toulouse_INSA-UPS	Best Supporting Entrepreneurship	special		nominee	undergrad	
2020	3570	Toulouse_INSA-UPS	Best Sustainable Development Impact	special		nominee	undergrad	
2020	3570	Toulouse_INSA-UPS	Best Wiki	special		nominee	undergrad	
2020	3570	Toulouse_INSA-UPS	Finalist	finalist		winner	undergrad	
2020	3570	Toulouse_INSA-UPS	First Runner Up	grand-prize	first-runner-up	winner	undergrad	
2020	3570	Toulouse_INSA-UPS	Gold	medal	gold	winner		https://static.igem.org/websites/common/2023/icons/medal-flat.svg
2020	3369	Tsinghua	Gold	medal	gold	winner		https://static.igem.org/websites/common/2023/icons/medal-flat.svg
2020	3374	Tsinghua-A	Bronze	medal	bronze	winner		https://static.igem.org/websites/common/2023/icons/medal-bronze-flat.svg
2020	3510	Tuebingen	Gold	medal	gold	winner		https://static.igem.org/websites/common/2023/icons/medal-flat.svg
2020	3392	UCAS-China	Gold	medal	gold	winner		https://static.igem.org/websites/common/2023/icons/medal-flat.svg
2020	3601	UCL	Gold	medal	gold	winner		https://static.igem.org/websites/common/2023/icons/medal-flat.svg
2020	3426	UCSC	Best Environment Project	village		nominee	overgrad	
2020	3426	UCSC	Gold	medal	gold	winner		https://static.igem.org/websites/common/2023/icons/medal-flat.svg
2020	3669	UC_Davis	Gold	medal	gold	winner		https://static.igem.org/websites/common/2023/icons/medal-flat.svg
2020	3613	UC_San_Diego	Bronze	medal	bronze	winner		https://static.igem.org/websites/common/2023/icons/medal-bronze-flat.svg
2020	3436	UChicago	Silver	medal	silver	winner		https://static.igem.org/websites/common/2023/icons/medal-silver-flat.svg
2020	3617	UCopenhagen	Best Education	special		winner	overgrad	
2020	3617	UCopenhagen	Best Integrated Human Practices	special		nominee	overgrad	
2020	3617	UCopenhagen	Best New Basic Part	special		nominee	overgrad	
2020	3617	UCopenhagen	Best Presentation	special		nominee	overgrad	
2020	3617	UCopenhagen	Gold	medal	gold	winner		https://static.igem.org/websites/common/2023/icons/medal-flat.svg
2020	3404	UESTC-Software	Best Software Project	village		nominee	underover	
2020	3404	UESTC-Software	Gold	medal	gold	winner		https://static.igem.org/websites/common/2023/icons/medal-flat.svg
2020	3424	UFlorida	Bronze	medal	bronze	winner		https://static.igem.org/websites/common/2023/icons/medal-bronze-flat.svg
2020	3701	UGent2_Belgium	Bronze	medal	bronze	winner		https://static.igem.org/websites/common/2023/icons/medal-bronze-flat.svg
2020	3687	UGent_Belgium	Silver	medal	silver	winner		https://static.igem.org/websites/common/2023/icons/medal-silver-flat.svg
2020	3627	UIUC_Illinois	Silver	medal	silver	winner		https://static.igem.org/websites/common/2023/icons/medal-silver-flat.svg
2020	3493	ULaval	Gold	medal	gold	winner		https://static.igem.org/websites/common/2023/icons/medal-flat.svg
2020	3630	UM_Macau	Best Environment Project	village		nominee	undergrad	
2020	3630	UM_Macau	Gold	medal	gold	winner		https://static.igem.org/websites/common/2023/icons/medal-flat.svg
2020	3679	UMaryland	Bronze	medal	bronze	winner		https://static.igem.org/websites/common/2023/icons/medal-bronze-flat.svg
2020	3482	UNILausanne	Best Education	special		nominee	overgrad	
2020	3482	UNILausanne	Best Measurement	special		winner	overgrad	
2020	3482	UNILausanne	Best New Composite Part	special		nominee	overgrad	
2020	3482	UNILausanne	Best Part Collection	special		nominee	overgrad	
2020	3482	UNILausanne	Gold	medal	gold	winner		https://static.igem.org/websites/common/2023/icons/medal-flat.svg
2020	3558	UNSW_Australia	Best Education	special		winner	undergrad	
2020	3558	UNSW_Australia	Best Environment Project	village		nominee	undergrad	
2020	3558	UNSW_Australia	Best Integrated Human Practices	special		winner	undergrad	
2020	3558	UNSW_Australia	Best New Basic Part	special		nominee	undergrad	
2020	3558	UNSW_Australia	Best Presentation	special		nominee	undergrad	
2020	3558	UNSW_Australia	Finalist	finalist		nominee	undergrad	
2020	3558	UNSW_Australia	Gold	medal	gold	winner		https://static.igem.org/websites/common/2023/icons/medal-flat.svg
2020	3612	UPCH_Peru	Gold	medal	gold	winner		https://static.igem.org/websites/common/2023/icons/medal-flat.svg
2020	3484	UPF_Barcelona	Best New Basic Part	special		winner	undergrad	
2020	3484	UPF_Barcelona	Best Poster	special		nominee	undergrad	
2020	3484	UPF_Barcelona	Best Presentation	special		nominee	undergrad	
2020	3484	UPF_Barcelona	Best Therapeutics Project	village		nominee	undergrad	
2020	3484	UPF_Barcelona	Best Wiki	special		winner	undergrad	
2020	3484	UPF_Barcelona	Gold	medal	gold	winner		https://static.igem.org/websites/common/2023/icons/medal-flat.svg
2020	3347	USAFA	Gold	medal	gold	winner		https://static.igem.org/websites/common/2023/icons/medal-flat.svg
2020	3336	USTC-Software						
2020	3339	UTTyler						
2020	3443	UUlm	Bronze	medal	bronze	winner		https://static.igem.org/websites/common/2023/icons/medal-bronze-flat.svg
2020	3610	UZurich	Best New Application Project	village		winner	undergrad	https://static.igem.org/websites/common/2022/icons/village/newapplication.svg
2020	3610	UZurich	Best New Basic Part	special		nominee	undergrad	
2020	3610	UZurich	Best Part Collection	special		nominee	undergrad	
2020	3610	UZurich	Gold	medal	gold	winner		https://static.igem.org/websites/common/2023/icons/medal-flat.svg
2020	3353	UiOslo_Norway	Best Software Tool	special		nominee	overgrad	
2020	3353	UiOslo_Norway	Gold	medal	gold	winner		https://static.igem.org/websites/common/2023/icons/medal-flat.svg
2020	3425	UofUppsala	Best New Application Project	village		winner	overgrad	https://static.igem.org/websites/common/2022/icons/village/newapplication.svg
2020	3425	UofUppsala	Gold	medal	gold	winner		https://static.igem.org/websites/common/2023/icons/medal-flat.svg
2020	3416	Vilnius-Lithuania	Best Environment Project	village		winner	undergrad	
2020	3416	Vilnius-Lithuania	Best Hardware	special		nominee	undergrad	
2020	3416	Vilnius-Lithuania	Best Measurement	special		winner	undergrad	
2020	3416	Vilnius-Lithuania	Best Model	special		nominee	undergrad	
2020	3416	Vilnius-Lithuania	Best Poster	special		nominee	undergrad	
2020	3416	Vilnius-Lithuania	Best Presentation	special		nominee	undergrad	
2020	3416	Vilnius-Lithuania	Best Software Tool	special		nominee	undergrad	
2020	3416	Vilnius-Lithuania	Best Wiki	special		nominee	undergrad	
2020	3416	Vilnius-Lithuania	Finalist	finalist		winner	undergrad	
2020	3416	Vilnius-Lithuania	Gold	medal	gold	winner		https://static.igem.org/websites/common/2023/icons/medal-flat.svg
2020	3416	Vilnius-Lithuania	Grand Prize Winner	grand-prize	winner	winner	undergrad	
2020	3615	Virginia	Gold	medal	gold	winner		https://static.igem.org/websites/common/2023/icons/medal-flat.svg
2020	3562	WHU-China	Gold	medal	gold	winner		https://static.igem.org/websites/common/2023/icons/medal-flat.svg
2020	3625	Warwick	Gold	medal	gold	winner		https://static.igem.org/websites/common/2023/icons/medal-flat.svg
2020	3580	Waseda	Best Education	special		nominee	undergrad	
2020	3580	Waseda	Best Information Processing Project	village		winner	underover	https://static.igem.org/websites/common/2022/icons/village/informationprocessing.svg
2020	3580	Waseda	Gold	medal	gold	winner		https://static.igem.org/websites/common/2023/icons/medal-flat.svg
2020	3381	Waterloo	Best Inclusivity	special		nominee	undergrad	
2020	3381	Waterloo	Best Manufacturing Project	village		nominee	underover	
2020	3381	Waterloo	Best Wiki	special		nominee	undergrad	
2020	3381	Waterloo	Gold	medal	gold	winner		https://static.igem.org/websites/common/2023/icons/medal-flat.svg
2020	3517	William_and_Mary	Best Integrated Human Practices	special		nominee	undergrad	
2020	3517	William_and_Mary	Best Model	special		winner	undergrad	
2020	3517	William_and_Mary	Best Poster	special		nominee	undergrad	
2020	3517	William_and_Mary	Best Therapeutics Project	village		winner	undergrad	
2020	3517	William_and_Mary	Gold	medal	gold	winner		https://static.igem.org/websites/common/2023/icons/medal-flat.svg
2020	3578	Worldshaper-Nanjing	Gold	medal	gold	winner		https://static.igem.org/websites/common/2023/icons/medal-flat.svg
2020	3577	Worldshaper-Shanghai	Gold	medal	gold	winner		https://static.igem.org/websites/common/2023/icons/medal-flat.svg
2020	3638	Worldshaper-Wuhan	Gold	medal	gold	winner		https://static.igem.org/websites/common/2023/icons/medal-flat.svg
2020	3568	XH-China						
2020	3698	XHD-ShanDong-China	Gold	medal	gold	winner		https://static.igem.org/websites/common/2023/icons/medal-flat.svg
2020	3560	XHD-Wuhan-China	Gold	medal	gold	winner		https://static.igem.org/websites/common/2023/icons/medal-flat.svg
2020	3331	XJTU-China	Gold	medal	gold	winner		https://static.igem.org/websites/common/2023/icons/medal-flat.svg
2020	3332	XMU-China	Best Food & Nutrition Project	village		winner	undergrad	
2020	3332	XMU-China	Best New Basic Part	special		nominee	undergrad	
2020	3332	XMU-China	Best Part Collection	special		winner	undergrad	
2020	3332	XMU-China	Best Presentation	special		winner	undergrad	
2020	3332	XMU-China	Best Wiki	special		nominee	undergrad	
2020	3332	XMU-China	Finalist	finalist		winner	undergrad	
2020	3332	XMU-China	Gold	medal	gold	winner		https://static.igem.org/websites/common/2023/icons/medal-flat.svg
2020	3332	XMU-China	Second Runner Up	grand-prize	second-runner-up	winner	undergrad	
2020	3523	Xiamen_city	Gold	medal	gold	winner		https://static.igem.org/websites/common/2023/icons/medal-flat.svg
2020	3398	ZJU-China	Gold	medal	gold	winner		https://static.igem.org/websites/common/2023/icons/medal-flat.svg
2020	3406	ZJUT_China_B	Best Hardware	special		nominee	undergrad	
2020	3406	ZJUT_China_B	Gold	medal	gold	winner		https://static.igem.org/websites/common/2023/icons/medal-flat.svg
2020	3420	iBowu-China	Silver	medal	silver	winner		https://static.igem.org/websites/common/2023/icons/medal-silver-flat.svg
2021	4068	ABSI_Kenya	Bronze	medal	bronze	winner		https://static.igem.org/websites/common/2023/icons/medal-bronze-flat.svg
2021	4089	ACIBADEM_ISTANBUL						
2021	3743	AFCM-Egypt	Bronze	medal	bronze	winner		https://static.igem.org/websites/common/2023/icons/medal-bronze-flat.svg
2021	3981	AHUT_China	Silver	medal	silver	winner		https://static.igem.org/websites/common/2023/icons/medal-silver-flat.svg
2021	4012	AISSU_Union	Silver	medal	silver	winner		https://static.igem.org/websites/common/2023/icons/medal-silver-flat.svg
2021	3813	ASIJ_Tokyo	Gold	medal	gold	winner		https://static.igem.org/websites/common/2023/icons/medal-flat.svg
2021	3906	ASTWS-China	Gold	medal	gold	winner		https://static.igem.org/websites/common/2023/icons/medal-flat.svg
2021	4006	ASU	Gold	medal	gold	winner		https://static.igem.org/websites/common/2023/icons/medal-flat.svg
2021	3774	Aachen	Best Foundational Advance Project	village		nominee	overgrad	
2021	3774	Aachen	Best Hardware	special		winner	overgrad	
2021	3774	Aachen	Best Integrated Human Practices	special		nominee	overgrad	
2021	3774	Aachen	Best Model	special		nominee	overgrad	
2021	3774	Aachen	Best Presentation	special		nominee	overgrad	
2021	3774	Aachen	Best Software Tool	special		nominee	overgrad	
2021	3774	Aachen	Best Wiki	special		nominee	overgrad	
2021	3774	Aachen	Gold	medal	gold	winner		https://static.igem.org/websites/common/2023/icons/medal-flat.svg
2021	3774	Aachen	Top 10	grand-prize	top	winner	overgrad	
2021	3793	Aalto-Helsinki	Bronze	medal	bronze	winner		https://static.igem.org/websites/common/2023/icons/medal-bronze-flat.svg
2021	3872	Aboa	Best Inclusivity	special		nominee	overgrad	
2021	3872	Aboa	Silver	medal	silver	winner		https://static.igem.org/websites/common/2023/icons/medal-silver-flat.svg
2021	3788	Aix-Marseille	Silver	medal	silver	winner		https://static.igem.org/websites/common/2023/icons/medal-silver-flat.svg
2021	3737	Alma	Silver	medal	silver	winner		https://static.igem.org/websites/common/2023/icons/medal-silver-flat.svg
2021	4034	Athens	Gold	medal	gold	winner		https://static.igem.org/websites/common/2023/icons/medal-flat.svg
2021	3879	Austin_UTexas	Silver	medal	silver	winner		https://static.igem.org/websites/common/2023/icons/medal-silver-flat.svg
2021	4033	BHSF						
2021	3821	BIT	Bronze	medal	bronze	winner		https://static.igem.org/websites/common/2023/icons/medal-bronze-flat.svg
2021	3852	BIT-China	Gold	medal	gold	winner		https://static.igem.org/websites/common/2023/icons/medal-flat.svg
2021	3874	BJ101ID	Silver	medal	silver	winner		https://static.igem.org/websites/common/2023/icons/medal-silver-flat.svg
2021	3759	BJEA_China	Best Presentation	special		nominee	high-school	
2021	3759	BJEA_China	Best Wiki	special		nominee	high-school	
2021	3759	BJEA_China	Gold	medal	gold	winner		https://static.igem.org/websites/common/2023/icons/medal-flat.svg
2021	3887	BJU_China	Silver	medal	silver	winner		https://static.igem.org/websites/common/2023/icons/medal-silver-flat.svg
2021	3745	BNDS_China	Bronze	medal	bronze	winner		https://static.igem.org/websites/common/2023/icons/medal-bronze-flat.svg
2021	3805	BNU-China	Best Inclusivity	special		nominee	overgrad	
2021	3805	BNU-China	Gold	medal	gold	winner		https://static.igem.org/websites/common/2023/icons/medal-flat.svg
2021	3784	BNUZ-China	Gold	medal	gold	winner		https://static.igem.org/websites/common/2023/icons/medal-flat.svg
2021	3855	BOKU-Vienna	Best Inclusivity	special		nominee	overgrad	
2021	3855	BOKU-Vienna	Best Model	special		nominee	overgrad	
2021	3855	BOKU-Vienna	Best Presentation	special		nominee	overgrad	
2021	3855	BOKU-Vienna	Best Therapeutics Project	village		nominee	overgrad	
2021	3855	BOKU-Vienna	Best Wiki	special		nominee	overgrad	
2021	3855	BOKU-Vienna	Gold	medal	gold	winner		https://static.igem.org/websites/common/2023/icons/medal-flat.svg
2021	3882	BS_United_China	Gold	medal	gold	winner		https://static.igem.org/websites/common/2023/icons/medal-flat.svg
2021	3875	BUCT	Gold	medal	gold	winner		https://static.igem.org/websites/common/2023/icons/medal-flat.svg
2021	3742	BUCT-China	Gold	medal	gold	winner		https://static.igem.org/websites/common/2023/icons/medal-flat.svg
2021	3851	Baltimore_BioCrew	Silver	medal	silver	winner		https://static.igem.org/websites/common/2023/icons/medal-silver-flat.svg
2021	3996	Beijing_United	Bronze	medal	bronze	winner		https://static.igem.org/websites/common/2023/icons/medal-bronze-flat.svg
2021	3900	Bielefeld-CeBiTec	Best New Application Project	village		nominee	overgrad	https://static.igem.org/websites/common/2022/icons/village/newapplication.svg
2021	3900	Bielefeld-CeBiTec	Best New Basic Part	special		nominee	overgrad	
2021	3900	Bielefeld-CeBiTec	Gold	medal	gold	winner		https://static.igem.org/websites/common/2023/icons/medal-flat.svg
2021	3900	Bielefeld-CeBiTec	Top 10	grand-prize	top	winner	overgrad	
2021	4021	Bilkent_UNAM						
2021	4007	Bolivia	Best Education	special		nominee	undergrad	
2021	4007	Bolivia	Best Environment Project	village		nominee	undergrad	
2021	4007	Bolivia	Best Inclusivity	special		winner	undergrad	
2021	4007	Bolivia	Best Integrated Human Practices	special		winner	undergrad	
2021	4007	Bolivia	Gold	medal	gold	winner		https://static.igem.org/websites/common/2023/icons/medal-flat.svg
2021	4102	Bonn-Rheinbach	Silver	medal	silver	winner		https://static.igem.org/websites/common/2023/icons/medal-silver-flat.svg
2021	3827	British_Columbia	Best Diagnostics Project	village		nominee	undergrad	https://static.igem.org/websites/common/2025/icons/villages/diagnostics.svg
2021	3827	British_Columbia	Gold	medal	gold	winner		https://static.igem.org/websites/common/2023/icons/medal-flat.svg
2021	3831	Brno_Czech_Republic	Gold	medal	gold	winner		https://static.igem.org/websites/common/2023/icons/medal-flat.svg
2021	3764	Bulgaria	Silver	medal	silver	winner		https://static.igem.org/websites/common/2023/icons/medal-silver-flat.svg
2021	3796	CAU_China	Gold	medal	gold	winner		https://static.igem.org/websites/common/2023/icons/medal-flat.svg
2021	3956	CCA_San_Diego	Best Education	special		winner	high-school	
2021	3956	CCA_San_Diego	Best Inclusivity	special		nominee	high-school	
2021	3956	CCA_San_Diego	Best Integrated Human Practices	special		nominee	high-school	
2021	3956	CCA_San_Diego	Best Wiki	special		nominee	high-school	
2021	3956	CCA_San_Diego	Gold	medal	gold	winner		https://static.igem.org/websites/common/2023/icons/medal-flat.svg
2021	3956	CCA_San_Diego	Top 10	grand-prize	top	winner	high-school	
2021	3778	CCU_Taiwan	Best Measurement	special		nominee	undergrad	
2021	3778	CCU_Taiwan	Gold	medal	gold	winner		https://static.igem.org/websites/common/2023/icons/medal-flat.svg
2021	3812	CHINA-FAFU	Best Sustainability	special		nominee	undergrad	
2021	3812	CHINA-FAFU	Gold	medal	gold	winner		https://static.igem.org/websites/common/2023/icons/medal-flat.svg
2021	4024	CHS_Missouri_US	Bronze	medal	bronze	winner		https://static.igem.org/websites/common/2023/icons/medal-bronze-flat.svg
2021	3825	CKWA-China	Silver	medal	silver	winner		https://static.igem.org/websites/common/2023/icons/medal-silver-flat.svg
2021	3853	CPU_CHINA	Best New Basic Part	special		nominee	undergrad	
2021	3853	CPU_CHINA	Best Part Collection	special		nominee	undergrad	
2021	3853	CPU_CHINA	Gold	medal	gold	winner		https://static.igem.org/websites/common/2023/icons/medal-flat.svg
2021	4029	CSMU_Taiwan	Best Software Tool	special		nominee	undergrad	
2021	4029	CSMU_Taiwan	Gold	medal	gold	winner		https://static.igem.org/websites/common/2023/icons/medal-flat.svg
2021	3734	CSU_CHINA	Best Software Tool	special		nominee	undergrad	
2021	3734	CSU_CHINA	Gold	medal	gold	winner		https://static.igem.org/websites/common/2023/icons/medal-flat.svg
2021	3856	CTR_Alberta_Canada	Silver	medal	silver	winner		https://static.igem.org/websites/common/2023/icons/medal-silver-flat.svg
2021	4101	CUHKSZ	Bronze	medal	bronze	winner		https://static.igem.org/websites/common/2023/icons/medal-bronze-flat.svg
2021	3945	Calgary	Best Environment Project	village		nominee	undergrad	
2021	3945	Calgary	Best Presentation	special		nominee	undergrad	
2021	3945	Calgary	Best Sustainability	special		nominee	undergrad	
2021	3945	Calgary	Gold	medal	gold	winner		https://static.igem.org/websites/common/2023/icons/medal-flat.svg
2021	3944	Chalmers-Gothenburg	Silver	medal	silver	winner		https://static.igem.org/websites/common/2023/icons/medal-silver-flat.svg
2021	3834	CityU_HK	Silver	medal	silver	winner		https://static.igem.org/websites/common/2023/icons/medal-silver-flat.svg
2021	3905	City_of_London_UK	Best New Basic Part	special		nominee	high-school	
2021	3905	City_of_London_UK	Gold	medal	gold	winner		https://static.igem.org/websites/common/2023/icons/medal-flat.svg
2021	3768	Concordia-Montreal	Best Hardware	special		nominee	overgrad	
2021	3768	Concordia-Montreal	Gold	medal	gold	winner		https://static.igem.org/websites/common/2023/icons/medal-flat.svg
2021	3833	Cornell	Silver	medal	silver	winner		https://static.igem.org/websites/common/2023/icons/medal-silver-flat.svg
2021	3935	Crete	Silver	medal	silver	winner		https://static.igem.org/websites/common/2023/icons/medal-silver-flat.svg
2021	3877	DKU	Silver	medal	silver	winner		https://static.igem.org/websites/common/2023/icons/medal-silver-flat.svg
2021	3844	DNHS_SanDiego_CA						
2021	3841	DTU-Denmark	Best Foundational Advance Project	village		nominee	overgrad	
2021	3841	DTU-Denmark	Best Model	special		nominee	overgrad	
2021	3841	DTU-Denmark	Best Part Collection	special		winner	overgrad	
2021	3841	DTU-Denmark	Best Presentation	special		nominee	overgrad	
2021	3841	DTU-Denmark	Best Sustainability	special		nominee	overgrad	
2021	3841	DTU-Denmark	Gold	medal	gold	winner		https://static.igem.org/websites/common/2023/icons/medal-flat.svg
2021	3841	DTU-Denmark	Top 10	grand-prize	top	winner	overgrad	
2021	3898	DUT_China	Best Environment Project	village		nominee	undergrad	
2021	3898	DUT_China	Best New Composite Part	special		nominee	undergrad	
2021	3898	DUT_China	Gold	medal	gold	winner		https://static.igem.org/websites/common/2023/icons/medal-flat.svg
2021	3826	Duesseldorf	Gold	medal	gold	winner		https://static.igem.org/websites/common/2023/icons/medal-flat.svg
2021	4046	Duke						
2021	3995	ECNUAS	Silver	medal	silver	winner		https://static.igem.org/websites/common/2023/icons/medal-silver-flat.svg
2021	3970	ECUST_China	Silver	medal	silver	winner		https://static.igem.org/websites/common/2023/icons/medal-silver-flat.svg
2021	4035	EPFL	Best Environment Project	village		nominee	overgrad	
2021	4035	EPFL	Best Wiki	special		winner	overgrad	
2021	4035	EPFL	Gold	medal	gold	winner		https://static.igem.org/websites/common/2023/icons/medal-flat.svg
2021	3893	Ecuador	Best Food & Nutrition Project	village		winner	undergrad	
2021	3893	Ecuador	Best Hardware	special		nominee	undergrad	
2021	3893	Ecuador	Best Integrated Human Practices	special		nominee	undergrad	
2021	3893	Ecuador	Best Model	special		winner	undergrad	
2021	3893	Ecuador	Best New Composite Part	special		winner	undergrad	
2021	3893	Ecuador	Best Sustainability	special		winner	undergrad	
2021	3893	Ecuador	Gold	medal	gold	winner		https://static.igem.org/websites/common/2023/icons/medal-flat.svg
2021	3893	Ecuador	Top 10	grand-prize	top	winner	undergrad	
2021	3946	Edinburgh	Silver	medal	silver	winner		https://static.igem.org/websites/common/2023/icons/medal-silver-flat.svg
2021	4020	Estonia_TUIT	Gold	medal	gold	winner		https://static.igem.org/websites/common/2023/icons/medal-flat.svg
2021	3766	Evry_Paris-Saclay	Best Wiki	special		nominee	overgrad	
2021	3766	Evry_Paris-Saclay	Gold	medal	gold	winner		https://static.igem.org/websites/common/2023/icons/medal-flat.svg
2021	3705	Example						
2021	3708	Example_CL						
2021	3706	Example_Commercial						
2021	3707	Example_HS						
2021	3732	FAFU-CHINA	Silver	medal	silver	winner		https://static.igem.org/websites/common/2023/icons/medal-silver-flat.svg
2021	4065	FCB-UANL	Best Education	special		nominee	undergrad	
2021	4065	FCB-UANL	Best Environment Project	village		winner	undergrad	
2021	4065	FCB-UANL	Best Integrated Human Practices	special		nominee	undergrad	
2021	4065	FCB-UANL	Best Model	special		nominee	undergrad	
2021	4065	FCB-UANL	Best Presentation	special		nominee	undergrad	
2021	4065	FCB-UANL	Best Safety & Security	special		nominee	undergrad	
2021	4065	FCB-UANL	Best Supporting Entrepreneurship	special		nominee	undergrad	
2021	4065	FCB-UANL	Gold	medal	gold	winner		https://static.igem.org/websites/common/2023/icons/medal-flat.svg
2021	4065	FCB-UANL	Top 10	grand-prize	top	winner	undergrad	
2021	3810	FDR-HB_Peru	Bronze	medal	bronze	winner		https://static.igem.org/websites/common/2023/icons/medal-bronze-flat.svg
2021	3792	FSU	Silver	medal	silver	winner		https://static.igem.org/websites/common/2023/icons/medal-silver-flat.svg
2021	3769	FZU-China	Bronze	medal	bronze	winner		https://static.igem.org/websites/common/2023/icons/medal-bronze-flat.svg
2021	3790	Fudan	Best Inclusivity	special		nominee	undergrad	
2021	3790	Fudan	Best Measurement	special		nominee	undergrad	
2021	3790	Fudan	Best New Basic Part	special		nominee	undergrad	
2021	3790	Fudan	Best Sustainability	special		nominee	undergrad	
2021	3790	Fudan	Gold	medal	gold	winner		https://static.igem.org/websites/common/2023/icons/medal-flat.svg
2021	4000	Fujian_United	Best Supporting Entrepreneurship	special		nominee	high-school	
2021	4000	Fujian_United	Gold	medal	gold	winner		https://static.igem.org/websites/common/2023/icons/medal-flat.svg
2021	3842	GA_State_SW_Jiaotong	Bronze	medal	bronze	winner		https://static.igem.org/websites/common/2023/icons/medal-bronze-flat.svg
2021	3938	GCGS_China	Gold	medal	gold	winner		https://static.igem.org/websites/common/2023/icons/medal-flat.svg
2021	3880	GDSYZX	Silver	medal	silver	winner		https://static.igem.org/websites/common/2023/icons/medal-silver-flat.svg
2021	3902	GO_Paris-Saclay	Best Inclusivity	special		winner	overgrad	
2021	3902	GO_Paris-Saclay	Gold	medal	gold	winner		https://static.igem.org/websites/common/2023/icons/medal-flat.svg
2021	4087	GXU-China	Bronze	medal	bronze	winner		https://static.igem.org/websites/common/2023/icons/medal-bronze-flat.svg
2021	4063	Gaston_Day_School	Silver	medal	silver	winner		https://static.igem.org/websites/common/2023/icons/medal-silver-flat.svg
2021	4031	Gifu	Best Wiki	special		nominee	undergrad	
2021	4031	Gifu	Gold	medal	gold	winner		https://static.igem.org/websites/common/2023/icons/medal-flat.svg
2021	3897	GreatBay_SCIE	Gold	medal	gold	winner		https://static.igem.org/websites/common/2023/icons/medal-flat.svg
2021	3859	GreatBay_SZ	Best Presentation	special		nominee	high-school	
2021	3859	GreatBay_SZ	Best Wiki	special		nominee	high-school	
2021	3859	GreatBay_SZ	Gold	medal	gold	winner		https://static.igem.org/websites/common/2023/icons/medal-flat.svg
2021	3859	GreatBay_SZ	Top 10	grand-prize	top	winner	high-school	
2021	3858	GreatBay_United	Best Education	special		nominee	high-school	
2021	3858	GreatBay_United	Best Sustainability	special		nominee	high-school	
2021	3858	GreatBay_United	Gold	medal	gold	winner		https://static.igem.org/websites/common/2023/icons/medal-flat.svg
2021	3840	Greece_United	Gold	medal	gold	winner		https://static.igem.org/websites/common/2023/icons/medal-flat.svg
2021	3748	Groningen	Best Education	special		nominee	overgrad	
2021	3748	Groningen	Best Environment Project	village		winner	overgrad	
2021	3748	Groningen	Best Model	special		nominee	overgrad	
2021	3748	Groningen	Best Presentation	special		nominee	overgrad	
2021	3748	Groningen	Best Wiki	special		nominee	overgrad	
2021	3748	Groningen	Gold	medal	gold	winner		https://static.igem.org/websites/common/2023/icons/medal-flat.svg
2021	3748	Groningen	Top 10	grand-prize	top	winner	overgrad	
2021	4058	Guelph						
2021	4032	Gunma	Silver	medal	silver	winner		https://static.igem.org/websites/common/2023/icons/medal-silver-flat.svg
2021	3923	HKBU						
2021	4041	HKIS	Silver	medal	silver	winner		https://static.igem.org/websites/common/2023/icons/medal-silver-flat.svg
2021	4061	HKUST	Gold	medal	gold	winner		https://static.igem.org/websites/common/2023/icons/medal-flat.svg
2021	3816	HK_CPU-WFN-WYY	Bronze	medal	bronze	winner		https://static.igem.org/websites/common/2023/icons/medal-bronze-flat.svg
2021	3787	HK_GTC	Gold	medal	gold	winner		https://static.igem.org/websites/common/2023/icons/medal-flat.svg
2021	3776	HK_SSC	Best Presentation	special		winner	high-school	
2021	3776	HK_SSC	Best Wiki	special		nominee	high-school	
2021	3776	HK_SSC	Gold	medal	gold	winner		https://static.igem.org/websites/common/2023/icons/medal-flat.svg
2021	3711	HUST-China	Gold	medal	gold	winner		https://static.igem.org/websites/common/2023/icons/medal-flat.svg
2021	3712	HUST2-China	Gold	medal	gold	winner		https://static.igem.org/websites/common/2023/icons/medal-flat.svg
2021	3733	HZAU-China	Best Diagnostics Project	village		nominee	overgrad	https://static.igem.org/websites/common/2025/icons/villages/diagnostics.svg
2021	3733	HZAU-China	Best Education	special		nominee	overgrad	
2021	3733	HZAU-China	Best Measurement	special		nominee	overgrad	
2021	3733	HZAU-China	Best Model	special		winner	overgrad	
2021	3733	HZAU-China	Best New Composite Part	special		nominee	overgrad	
2021	3733	HZAU-China	Best Part Collection	special		nominee	overgrad	
2021	3733	HZAU-China	Gold	medal	gold	winner		https://static.igem.org/websites/common/2023/icons/medal-flat.svg
2021	3733	HZAU-China	Top 10	grand-prize	top	winner	overgrad	
2021	3846	Hamburg	Silver	medal	silver	winner		https://static.igem.org/websites/common/2023/icons/medal-silver-flat.svg
2021	4066	Harvard						
2021	3963	Heidelberg	Best New Composite Part	special		nominee	overgrad	
2021	3963	Heidelberg	Best Software Tool	special		nominee	overgrad	
2021	3963	Heidelberg	Best Therapeutics Project	village		nominee	overgrad	
2021	3963	Heidelberg	Gold	medal	gold	winner		https://static.igem.org/websites/common/2023/icons/medal-flat.svg
2021	3978	HiZJU-China	Gold	medal	gold	winner		https://static.igem.org/websites/common/2023/icons/medal-flat.svg
2021	3988	Hong_Kong_HKU	Silver	medal	silver	winner		https://static.igem.org/websites/common/2023/icons/medal-silver-flat.svg
2021	3746	Hong_Kong_JSS	Bronze	medal	bronze	winner		https://static.igem.org/websites/common/2023/icons/medal-bronze-flat.svg
2021	3718	Hong_Kong_UCCKE	Silver	medal	silver	winner		https://static.igem.org/websites/common/2023/icons/medal-silver-flat.svg
2021	3973	Hopkins	Bronze	medal	bronze	winner		https://static.igem.org/websites/common/2023/icons/medal-bronze-flat.svg
2021	3861	Humboldt_Berlin	Best Model	special		nominee	overgrad	
2021	3861	Humboldt_Berlin	Silver	medal	silver	winner		https://static.igem.org/websites/common/2023/icons/medal-silver-flat.svg
2021	3867	ICJFLS	Silver	medal	silver	winner		https://static.igem.org/websites/common/2023/icons/medal-silver-flat.svg
2021	3971	IISER-Pune-India	Best Biomanufacturing Project	village		nominee	undergrad	
2021	3971	IISER-Pune-India	Best Education	special		nominee	undergrad	
2021	3971	IISER-Pune-India	Gold	medal	gold	winner		https://static.igem.org/websites/common/2023/icons/medal-flat.svg
2021	3889	IISER-Tirupati_India	Best Education	special		nominee	undergrad	
2021	3889	IISER-Tirupati_India	Best Inclusivity	special		nominee	undergrad	
2021	3889	IISER-Tirupati_India	Best Integrated Human Practices	special		nominee	undergrad	
2021	3889	IISER-Tirupati_India	Best New Application Project	village		nominee	undergrad	https://static.igem.org/websites/common/2022/icons/village/newapplication.svg
2021	3889	IISER-Tirupati_India	Best Safety & Security	special		nominee	undergrad	
2021	3889	IISER-Tirupati_India	Best Sustainability	special		nominee	undergrad	
2021	3889	IISER-Tirupati_India	Best Wiki	special		nominee	undergrad	
2021	3889	IISER-Tirupati_India	Gold	medal	gold	winner		https://static.igem.org/websites/common/2023/icons/medal-flat.svg
2021	3982	IISER_Berhampur	Best Diagnostics Project	village		nominee	undergrad	https://static.igem.org/websites/common/2025/icons/villages/diagnostics.svg
2021	3982	IISER_Berhampur	Gold	medal	gold	winner		https://static.igem.org/websites/common/2023/icons/medal-flat.svg
2021	3848	IISER_Bhopal	Bronze	medal	bronze	winner		https://static.igem.org/websites/common/2023/icons/medal-bronze-flat.svg
2021	3799	IISER_Kolkata	Best Inclusivity	special		nominee	undergrad	
2021	3799	IISER_Kolkata	Best New Composite Part	special		nominee	undergrad	
2021	3799	IISER_Kolkata	Best Supporting Entrepreneurship	special		nominee	undergrad	
2021	3799	IISER_Kolkata	Best Therapeutics Project	village		nominee	undergrad	
2021	3799	IISER_Kolkata	Gold	medal	gold	winner		https://static.igem.org/websites/common/2023/icons/medal-flat.svg
2021	3744	IISER_Mohali						
2021	3979	IISER_TVM	Silver	medal	silver	winner		https://static.igem.org/websites/common/2023/icons/medal-silver-flat.svg
2021	3765	IISc-Bangalore	Gold	medal	gold	winner		https://static.igem.org/websites/common/2023/icons/medal-flat.svg
2021	4056	IOANNINA	Bronze	medal	bronze	winner		https://static.igem.org/websites/common/2023/icons/medal-bronze-flat.svg
2021	3933	Ionis_Paris	Best Diagnostics Project	village		nominee	undergrad	https://static.igem.org/websites/common/2025/icons/villages/diagnostics.svg
2021	3933	Ionis_Paris	Gold	medal	gold	winner		https://static.igem.org/websites/common/2023/icons/medal-flat.svg
2021	3940	Istanbul_Tech						
2021	3980	Istanbul_United						
2021	3829	IvyMaker-China	Best New Basic Part	special		nominee	high-school	
2021	3829	IvyMaker-China	Best New Composite Part	special		nominee	high-school	
2021	3829	IvyMaker-China	Best Presentation	special		winner	high-school	
2021	3829	IvyMaker-China	Gold	medal	gold	winner		https://static.igem.org/websites/common/2023/icons/medal-flat.svg
2021	4070	Ivy_Tech_Indiana_USA						
2021	3803	Jiangnan_China	Bronze	medal	bronze	winner		https://static.igem.org/websites/common/2023/icons/medal-bronze-flat.svg
2021	4081	Jianhua	Silver	medal	silver	winner		https://static.igem.org/websites/common/2023/icons/medal-silver-flat.svg
2021	3883	Jilin_China	Gold	medal	gold	winner		https://static.igem.org/websites/common/2023/icons/medal-flat.svg
2021	3915	KAIT_Japan						
2021	3729	KCIS_NewTaipei	Gold	medal	gold	winner		https://static.igem.org/websites/common/2023/icons/medal-flat.svg
2021	3794	KCL_UK	Best Education	special		nominee	undergrad	
2021	3794	KCL_UK	Best Integrated Human Practices	special		nominee	undergrad	
2021	3794	KCL_UK	Best Presentation	special		winner	undergrad	
2021	3794	KCL_UK	Best Supporting Entrepreneurship	special		nominee	undergrad	
2021	3794	KCL_UK	Best Therapeutics Project	village		nominee	undergrad	
2021	3794	KCL_UK	Best Wiki	special		nominee	undergrad	
2021	3794	KCL_UK	Gold	medal	gold	winner		https://static.igem.org/websites/common/2023/icons/medal-flat.svg
2021	4015	KEYSTONE	Silver	medal	silver	winner		https://static.igem.org/websites/common/2023/icons/medal-silver-flat.svg
2021	3837	KUAS_Korea						
2021	3807	KU_Leuven	Silver	medal	silver	winner		https://static.igem.org/websites/common/2023/icons/medal-silver-flat.svg
2021	3824	Korea_HS	Best Inclusivity	special		winner	high-school	
2021	3824	Korea_HS	Silver	medal	silver	winner		https://static.igem.org/websites/common/2023/icons/medal-silver-flat.svg
2021	3824	Korea_HS	iGEMers Prize	special		winner	all	
2021	3815	Kyoto	Best Software Tool	special		nominee	undergrad	
2021	3815	Kyoto	Gold	medal	gold	winner		https://static.igem.org/websites/common/2023/icons/medal-flat.svg
2021	4011	LINKS_China	Best Hardware	special		nominee	high-school	
2021	4011	LINKS_China	Best Integrated Human Practices	special		nominee	high-school	
2021	4011	LINKS_China	Best Measurement	special		nominee	high-school	
2021	4011	LINKS_China	Best Model	special		nominee	high-school	
2021	4011	LINKS_China	Best New Basic Part	special		winner	high-school	
2021	4011	LINKS_China	Best New Composite Part	special		winner	high-school	
2021	4011	LINKS_China	Best Part Collection	special		winner	high-school	
2021	4011	LINKS_China	Best Presentation	special		nominee	high-school	
2021	4011	LINKS_China	Best Supporting Entrepreneurship	special		winner	high-school	
2021	4011	LINKS_China	Best Sustainability	special		nominee	high-school	
2021	4011	LINKS_China	Best Wiki	special		winner	high-school	
2021	4011	LINKS_China	Finalist	finalist		nominee	high-school	
2021	4011	LINKS_China	Gold	medal	gold	winner		https://static.igem.org/websites/common/2023/icons/medal-flat.svg
2021	4011	LINKS_China	Grand Prize Winner	grand-prize	winner	winner	high-school	
2021	4011	LINKS_China	Top 10	grand-prize	top	winner	high-school	
2021	4044	LMSU	Best Food & Nutrition Project	village		nominee	undergrad	
2021	4044	LMSU	Gold	medal	gold	winner		https://static.igem.org/websites/common/2023/icons/medal-flat.svg
2021	3760	LZU-CHINA	Gold	medal	gold	winner		https://static.igem.org/websites/common/2023/icons/medal-flat.svg
2021	3986	LZU-HS-CHINA	Gold	medal	gold	winner		https://static.igem.org/websites/common/2023/icons/medal-flat.svg
2021	3725	Lambert_GA	Best Education	special		nominee	high-school	
2021	3725	Lambert_GA	Best Hardware	special		nominee	high-school	
2021	3725	Lambert_GA	Best Integrated Human Practices	special		winner	high-school	
2021	3725	Lambert_GA	Best Measurement	special		nominee	high-school	
2021	3725	Lambert_GA	Best Model	special		nominee	high-school	
2021	3725	Lambert_GA	Best Safety & Security	special		nominee	high-school	
2021	3725	Lambert_GA	Best Sustainability	special		nominee	high-school	
2021	3725	Lambert_GA	Gold	medal	gold	winner		https://static.igem.org/websites/common/2023/icons/medal-flat.svg
2021	3725	Lambert_GA	Top 10	grand-prize	top	winner	high-school	
2021	3962	Leiden	Best Safety & Security	special		winner	overgrad	
2021	3962	Leiden	Gold	medal	gold	winner		https://static.igem.org/websites/common/2023/icons/medal-flat.svg
2021	3738	Lethbridge	Bronze	medal	bronze	winner		https://static.igem.org/websites/common/2023/icons/medal-bronze-flat.svg
2021	3907	Lethbridge_HS	Best Presentation	special		nominee	high-school	
2021	3907	Lethbridge_HS	Best Wiki	special		nominee	high-school	
2021	3907	Lethbridge_HS	Gold	medal	gold	winner		https://static.igem.org/websites/common/2023/icons/medal-flat.svg
2021	3892	Linkoping_Sweden	Best Environment Project	village		nominee	overgrad	
2021	3892	Linkoping_Sweden	Silver	medal	silver	winner		https://static.igem.org/websites/common/2023/icons/medal-silver-flat.svg
2021	4025	Lubbock_TTU	Silver	medal	silver	winner		https://static.igem.org/websites/common/2023/icons/medal-silver-flat.svg
2021	3955	Lund	Gold	medal	gold	winner		https://static.igem.org/websites/common/2023/icons/medal-flat.svg
2021	3726	MADRID_UCM	Gold	medal	gold	winner		https://static.igem.org/websites/common/2023/icons/medal-flat.svg
2021	4049	MEPhI	Bronze	medal	bronze	winner		https://static.igem.org/websites/common/2023/icons/medal-bronze-flat.svg
2021	3942	MIPT_MSU	Gold	medal	gold	winner		https://static.igem.org/websites/common/2023/icons/medal-flat.svg
2021	4074	MIT	Silver	medal	silver	winner		https://static.igem.org/websites/common/2023/icons/medal-silver-flat.svg
2021	3721	MIT_MAHE	Bronze	medal	bronze	winner		https://static.igem.org/websites/common/2023/icons/medal-bronze-flat.svg
2021	3947	MSP-Maastricht	Silver	medal	silver	winner		https://static.igem.org/websites/common/2023/icons/medal-silver-flat.svg
2021	4051	MTU-CORK	Silver	medal	silver	winner		https://static.igem.org/websites/common/2023/icons/medal-silver-flat.svg
2021	3710	Manchester	Gold	medal	gold	winner		https://static.igem.org/websites/common/2023/icons/medal-flat.svg
2021	3758	Marburg	Best Education	special		winner	overgrad	
2021	3758	Marburg	Best Foundational Advance Project	village		winner	overgrad	
2021	3758	Marburg	Best Integrated Human Practices	special		winner	overgrad	
2021	3758	Marburg	Best Measurement	special		winner	overgrad	
2021	3758	Marburg	Best New Basic Part	special		winner	overgrad	
2021	3758	Marburg	Best New Composite Part	special		winner	overgrad	
2021	3758	Marburg	Best Part Collection	special		nominee	overgrad	
2021	3758	Marburg	Best Plant Synthetic Biology	special		nominee	underover	
2021	3758	Marburg	Best Presentation	special		winner	overgrad	
2021	3758	Marburg	Best Safety & Security	special		winner	overgrad	
2021	3758	Marburg	Best Software Tool	special		winner	overgrad	
2021	3758	Marburg	Best Sustainability	special		winner	overgrad	
2021	3758	Marburg	Best Wiki	special		nominee	overgrad	
2021	3758	Marburg	Finalist	finalist		nominee	overgrad	
2021	3758	Marburg	Gold	medal	gold	winner		https://static.igem.org/websites/common/2023/icons/medal-flat.svg
2021	3758	Marburg	Grand Prize Winner	grand-prize	winner	winner	overgrad	
2021	3758	Marburg	Top 10	grand-prize	top	winner	overgrad	
2021	3758	Marburg	iGEMers Prize	special		winner	all	
2021	4010	McMaster	Silver	medal	silver	winner		https://static.igem.org/websites/common/2023/icons/medal-silver-flat.svg
2021	4097	Metro_Shanghai						
2021	4047	MiamiU_OH	Best Food & Nutrition Project	village		nominee	undergrad	
2021	4047	MiamiU_OH	Best Plant Synthetic Biology	special		nominee	underover	
2021	4047	MiamiU_OH	Gold	medal	gold	winner		https://static.igem.org/websites/common/2023/icons/medal-flat.svg
2021	4037	Michigan	Silver	medal	silver	winner		https://static.igem.org/websites/common/2023/icons/medal-silver-flat.svg
2021	3719	MichiganState	Silver	medal	silver	winner		https://static.igem.org/websites/common/2023/icons/medal-silver-flat.svg
2021	4022	Mines	Bronze	medal	bronze	winner		https://static.igem.org/websites/common/2023/icons/medal-bronze-flat.svg
2021	3728	Mingdao	Best Education	special		nominee	high-school	
2021	3728	Mingdao	Best Measurement	special		winner	high-school	
2021	3728	Mingdao	Best Model	special		nominee	high-school	
2021	3728	Mingdao	Best New Basic Part	special		nominee	high-school	
2021	3728	Mingdao	Best New Composite Part	special		nominee	high-school	
2021	3728	Mingdao	Best Part Collection	special		nominee	high-school	
2021	3728	Mingdao	Best Supporting Entrepreneurship	special		nominee	high-school	
2021	3728	Mingdao	Gold	medal	gold	winner		https://static.igem.org/websites/common/2023/icons/medal-flat.svg
2021	3728	Mingdao	Top 10	grand-prize	top	winner	high-school	
2021	3800	Missouri_Miners						
2021	3845	Moscow	Gold	medal	gold	winner		https://static.igem.org/websites/common/2023/icons/medal-flat.svg
2021	4088	Moscow_City	Silver	medal	silver	winner		https://static.igem.org/websites/common/2023/icons/medal-silver-flat.svg
2021	3735	NAU-CHINA	Gold	medal	gold	winner		https://static.igem.org/websites/common/2023/icons/medal-flat.svg
2021	3928	NAWI-Graz	Bronze	medal	bronze	winner		https://static.igem.org/websites/common/2023/icons/medal-bronze-flat.svg
2021	3830	NCHU_Taichung	Gold	medal	gold	winner		https://static.igem.org/websites/common/2023/icons/medal-flat.svg
2021	3771	NCKU_Tainan	Best Education	special		nominee	overgrad	
2021	3771	NCKU_Tainan	Best Hardware	special		nominee	overgrad	
2021	3771	NCKU_Tainan	Best Sustainability	special		nominee	overgrad	
2021	3771	NCKU_Tainan	Gold	medal	gold	winner		https://static.igem.org/websites/common/2023/icons/medal-flat.svg
2021	3736	NCTU_Formosa	Best New Composite Part	special		nominee	undergrad	
2021	3736	NCTU_Formosa	Gold	medal	gold	winner		https://static.igem.org/websites/common/2023/icons/medal-flat.svg
2021	3886	NDNF_China	Best Integrated Human Practices	special		nominee	high-school	
2021	3886	NDNF_China	Best New Composite Part	special		nominee	high-school	
2021	3886	NDNF_China	Best Presentation	special		nominee	high-school	
2021	3886	NDNF_China	Best Safety & Security	special		winner	high-school	
2021	3886	NDNF_China	Best Wiki	special		nominee	high-school	
2021	3886	NDNF_China	Gold	medal	gold	winner		https://static.igem.org/websites/common/2023/icons/medal-flat.svg
2021	3886	NDNF_China	Top 10	grand-prize	top	winner	high-school	
2021	4072	NDSU	Bronze	medal	bronze	winner		https://static.igem.org/websites/common/2023/icons/medal-bronze-flat.svg
2021	3894	NEFU_China	Best Diagnostics Project	village		winner	undergrad	https://static.igem.org/websites/common/2025/icons/villages/diagnostics.svg
2021	3894	NEFU_China	Best New Basic Part	special		nominee	undergrad	
2021	3894	NEFU_China	Best Part Collection	special		nominee	undergrad	
2021	3894	NEFU_China	Best Presentation	special		nominee	undergrad	
2021	3894	NEFU_China	Best Wiki	special		winner	undergrad	
2021	3894	NEFU_China	Gold	medal	gold	winner		https://static.igem.org/websites/common/2023/icons/medal-flat.svg
2021	3896	NEU_CHINA	Silver	medal	silver	winner		https://static.igem.org/websites/common/2023/icons/medal-silver-flat.svg
2021	3951	NEYCFLS_China						
2021	4077	NIT_Warangal	Silver	medal	silver	winner		https://static.igem.org/websites/common/2023/icons/medal-silver-flat.svg
2021	3873	NJMU-China	Best Inclusivity	special		nominee	undergrad	
2021	3873	NJMU-China	Gold	medal	gold	winner		https://static.igem.org/websites/common/2023/icons/medal-flat.svg
2021	3753	NJTech_China	Silver	medal	silver	winner		https://static.igem.org/websites/common/2023/icons/medal-silver-flat.svg
2021	3756	NJU-China	Silver	medal	silver	winner		https://static.igem.org/websites/common/2023/icons/medal-silver-flat.svg
2021	4040	NMU_China	Best Part Collection	special		nominee	undergrad	
2021	4040	NMU_China	Gold	medal	gold	winner		https://static.igem.org/websites/common/2023/icons/medal-flat.svg
2021	3868	NNU-China	Gold	medal	gold	winner		https://static.igem.org/websites/common/2023/icons/medal-flat.svg
2021	3994	NOFLS_YZ	Bronze	medal	bronze	winner		https://static.igem.org/websites/common/2023/icons/medal-bronze-flat.svg
2021	4045	NOLA						
2021	4017	NOVA_LxPortugal	Silver	medal	silver	winner		https://static.igem.org/websites/common/2023/icons/medal-silver-flat.svg
2021	3937	NPU-CHINA	Bronze	medal	bronze	winner		https://static.igem.org/websites/common/2023/icons/medal-bronze-flat.svg
2021	3835	NTHU_Taiwan	Bronze	medal	bronze	winner		https://static.igem.org/websites/common/2023/icons/medal-bronze-flat.svg
2021	3762	NTNU-Trondheim	Silver	medal	silver	winner		https://static.igem.org/websites/common/2023/icons/medal-silver-flat.svg
2021	4053	NTU-Singapore	Best Supporting Entrepreneurship	special		nominee	overgrad	
2021	4053	NTU-Singapore	Gold	medal	gold	winner		https://static.igem.org/websites/common/2023/icons/medal-flat.svg
2021	4016	NUDT_CHINA	Best Foundational Advance Project	village		nominee	undergrad	
2021	4016	NUDT_CHINA	Best Part Collection	special		nominee	undergrad	
2021	4016	NUDT_CHINA	Gold	medal	gold	winner		https://static.igem.org/websites/common/2023/icons/medal-flat.svg
2021	4016	NUDT_CHINA	Top 10	grand-prize	top	winner	undergrad	
2021	3927	NUS_Singapore	Best Biomanufacturing Project	village		winner	undergrad	
2021	3927	NUS_Singapore	Best Hardware	special		nominee	undergrad	
2021	3927	NUS_Singapore	Best Integrated Human Practices	special		nominee	undergrad	
2021	3927	NUS_Singapore	Best Model	special		nominee	undergrad	
2021	3927	NUS_Singapore	Best Part Collection	special		winner	undergrad	
2021	3927	NUS_Singapore	Best Presentation	special		nominee	undergrad	
2021	3927	NUS_Singapore	Best Wiki	special		winner	undergrad	
2021	3927	NUS_Singapore	Finalist	finalist		nominee	undergrad	
2021	3927	NUS_Singapore	First Runner Up	grand-prize	first-runner-up	winner	undergrad	
2021	3927	NUS_Singapore	Gold	medal	gold	winner		https://static.igem.org/websites/common/2023/icons/medal-flat.svg
2021	3927	NUS_Singapore	Top 10	grand-prize	top	winner	undergrad	
2021	4083	NU_Kazakhstan	Best Environment Project	village		nominee	undergrad	
2021	4083	NU_Kazakhstan	Best Inclusivity	special		nominee	undergrad	
2021	4083	NU_Kazakhstan	Best Sustainability	special		nominee	undergrad	
2021	4083	NU_Kazakhstan	Best Wiki	special		nominee	undergrad	
2021	4083	NU_Kazakhstan	Gold	medal	gold	winner		https://static.igem.org/websites/common/2023/icons/medal-flat.svg
2021	4083	NU_Kazakhstan	Top 10	grand-prize	top	winner	undergrad	
2021	3722	NWU-CHINA-A	Gold	medal	gold	winner		https://static.igem.org/websites/common/2023/icons/medal-flat.svg
2021	3779	NWU-CHINA-B	Silver	medal	silver	winner		https://static.igem.org/websites/common/2023/icons/medal-silver-flat.svg
2021	4060	NYCU-Taipei	Best Presentation	special		nominee	undergrad	
2021	4060	NYCU-Taipei	Best Therapeutics Project	village		nominee	undergrad	
2021	4060	NYCU-Taipei	Gold	medal	gold	winner		https://static.igem.org/websites/common/2023/icons/medal-flat.svg
2021	4079	NYC_B1O	Silver	medal	silver	winner		https://static.igem.org/websites/common/2023/icons/medal-silver-flat.svg
2021	4082	NYU_Abu_Dhabi	Bronze	medal	bronze	winner		https://static.igem.org/websites/common/2023/icons/medal-bronze-flat.svg
2021	4039	NYU_New_York	Bronze	medal	bronze	winner		https://static.igem.org/websites/common/2023/icons/medal-bronze-flat.svg
2021	3731	Nanjing-China	Gold	medal	gold	winner		https://static.igem.org/websites/common/2023/icons/medal-flat.svg
2021	3964	Nanjing_NFLS	Gold	medal	gold	winner		https://static.igem.org/websites/common/2023/icons/medal-flat.svg
2021	4003	Nanjing_high-school	Silver	medal	silver	winner		https://static.igem.org/websites/common/2023/icons/medal-silver-flat.svg
2021	3811	Nantes	Bronze	medal	bronze	winner		https://static.igem.org/websites/common/2023/icons/medal-bronze-flat.svg
2021	3931	Navarra_BG	Silver	medal	silver	winner		https://static.igem.org/websites/common/2023/icons/medal-silver-flat.svg
2021	3948	North_Texas						
2021	3957	Northern_BC	Silver	medal	silver	winner		https://static.igem.org/websites/common/2023/icons/medal-silver-flat.svg
2021	3777	OUC-China						
2021	3785	OUC-R	Gold	medal	gold	winner		https://static.igem.org/websites/common/2023/icons/medal-flat.svg
2021	3783	OhioState	Gold	medal	gold	winner		https://static.igem.org/websites/common/2023/icons/medal-flat.svg
2021	4103	Open_Science_Global	Gold	medal	gold	winner		https://static.igem.org/websites/common/2023/icons/medal-flat.svg
2021	3786	Paris_Bettencourt	Best Biomanufacturing Project	village		winner	overgrad	
2021	3786	Paris_Bettencourt	Best Hardware	special		nominee	overgrad	
2021	3786	Paris_Bettencourt	Best Integrated Human Practices	special		nominee	overgrad	
2021	3786	Paris_Bettencourt	Best Wiki	special		nominee	overgrad	
2021	3786	Paris_Bettencourt	Gold	medal	gold	winner		https://static.igem.org/websites/common/2023/icons/medal-flat.svg
2021	3839	Patras	Best Inclusivity	special		nominee	overgrad	
2021	3839	Patras	Bronze	medal	bronze	winner		https://static.igem.org/websites/common/2023/icons/medal-bronze-flat.svg
2021	3961	Phystech_Moscow						
2021	3953	Pittsburgh						
2021	3863	PuiChing_Macau	Gold	medal	gold	winner		https://static.igem.org/websites/common/2023/icons/medal-flat.svg
2021	4008	Purdue	Best Diagnostics Project	village		nominee	overgrad	https://static.igem.org/websites/common/2025/icons/villages/diagnostics.svg
2021	4008	Purdue	Silver	medal	silver	winner		https://static.igem.org/websites/common/2023/icons/medal-silver-flat.svg
2021	3797	QHFZ						
2021	3720	Qdai	Silver	medal	silver	winner		https://static.igem.org/websites/common/2023/icons/medal-silver-flat.svg
2021	3767	Queens_Canada	Gold	medal	gold	winner		https://static.igem.org/websites/common/2023/icons/medal-flat.svg
2021	3820	RDFZ-CHINA	Bronze	medal	bronze	winner		https://static.igem.org/websites/common/2023/icons/medal-bronze-flat.svg
2021	4052	RHS-Calgary	Bronze	medal	bronze	winner		https://static.igem.org/websites/common/2023/icons/medal-bronze-flat.svg
2021	3860	RUBochum	Gold	medal	gold	winner		https://static.igem.org/websites/common/2023/icons/medal-flat.svg
2021	3857	RUM-UPRM	Gold	medal	gold	winner		https://static.igem.org/websites/common/2023/icons/medal-flat.svg
2021	3795	Rio_UFRJ_Brazil	Silver	medal	silver	winner		https://static.igem.org/websites/common/2023/icons/medal-silver-flat.svg
2021	3724	Rochester	Best Diagnostics Project	village		nominee	undergrad	https://static.igem.org/websites/common/2025/icons/villages/diagnostics.svg
2021	3724	Rochester	Best Education	special		nominee	undergrad	
2021	3724	Rochester	Best Hardware	special		nominee	undergrad	
2021	3724	Rochester	Gold	medal	gold	winner		https://static.igem.org/websites/common/2023/icons/medal-flat.svg
2021	4014	SCAU-China	Gold	medal	gold	winner		https://static.igem.org/websites/common/2023/icons/medal-flat.svg
2021	3977	SCU-China	Gold	medal	gold	winner		https://static.igem.org/websites/common/2023/icons/medal-flat.svg
2021	3772	SCUT-China	Silver	medal	silver	winner		https://static.igem.org/websites/common/2023/icons/medal-silver-flat.svg
2021	3775	SDSU						
2021	4090	SDSZ_China	Silver	medal	silver	winner		https://static.igem.org/websites/common/2023/icons/medal-silver-flat.svg
2021	4059	SDU-Denmark	Best Biomanufacturing Project	village		nominee	overgrad	
2021	4059	SDU-Denmark	Best Supporting Entrepreneurship	special		nominee	overgrad	
2021	4059	SDU-Denmark	Best Wiki	special		nominee	overgrad	
2021	4059	SDU-Denmark	Gold	medal	gold	winner		https://static.igem.org/websites/common/2023/icons/medal-flat.svg
2021	3798	SHSBNU_China	Best Hardware	special		nominee	high-school	
2021	3798	SHSBNU_China	Best Model	special		nominee	high-school	
2021	3798	SHSBNU_China	Best New Basic Part	special		nominee	high-school	
2021	3798	SHSBNU_China	Best New Composite Part	special		nominee	high-school	
2021	3798	SHSBNU_China	Best Part Collection	special		nominee	high-school	
2021	3798	SHSBNU_China	Best Presentation	special		nominee	high-school	
2021	3798	SHSBNU_China	Gold	medal	gold	winner		https://static.igem.org/websites/common/2023/icons/medal-flat.svg
2021	3798	SHSBNU_China	Top 10	grand-prize	top	winner	high-school	
2021	3993	SHSID	Best Supporting Entrepreneurship	special		nominee	high-school	
2021	3993	SHSID	Gold	medal	gold	winner		https://static.igem.org/websites/common/2023/icons/medal-flat.svg
2021	3714	SJTU-BioX-Shanghai	Silver	medal	silver	winner		https://static.igem.org/websites/common/2023/icons/medal-silver-flat.svg
2021	3741	SJTU-Software	Best Software Project	village		nominee	underover	
2021	3741	SJTU-Software	Gold	medal	gold	winner		https://static.igem.org/websites/common/2023/icons/medal-flat.svg
2021	3888	SJTang	Best Hardware	special		winner	high-school	
2021	3888	SJTang	Silver	medal	silver	winner		https://static.igem.org/websites/common/2023/icons/medal-silver-flat.svg
2021	3990	SMS_Shenzhen	Best Education	special		nominee	high-school	
2021	3990	SMS_Shenzhen	Best Model	special		nominee	high-school	
2021	3990	SMS_Shenzhen	Gold	medal	gold	winner		https://static.igem.org/websites/common/2023/icons/medal-flat.svg
2021	3952	SUNY_Oneonta	Silver	medal	silver	winner		https://static.igem.org/websites/common/2023/icons/medal-silver-flat.svg
2021	3914	SUSTech_Shenzhen	Gold	medal	gold	winner		https://static.igem.org/websites/common/2023/icons/medal-flat.svg
2021	3960	SYSU-CHINA	Silver	medal	silver	winner		https://static.igem.org/websites/common/2023/icons/medal-silver-flat.svg
2021	3976	SYSU-Software	Silver	medal	silver	winner		https://static.igem.org/websites/common/2023/icons/medal-silver-flat.svg
2021	3740	SZPT-CHINA	Best Education	special		nominee	overgrad	
2021	3740	SZPT-CHINA	Best Inclusivity	special		nominee	overgrad	
2021	3740	SZPT-CHINA	Best Presentation	special		winner	overgrad	
2021	3740	SZPT-CHINA	Best Therapeutics Project	village		winner	overgrad	
2021	3740	SZPT-CHINA	Gold	medal	gold	winner		https://static.igem.org/websites/common/2023/icons/medal-flat.svg
2021	3876	SZTA_RMG_Szeged	Gold	medal	gold	winner		https://static.igem.org/websites/common/2023/icons/medal-flat.svg
2021	3838	SZU-China	Best Biomanufacturing Project	village		nominee	undergrad	
2021	3838	SZU-China	Best New Basic Part	special		nominee	undergrad	
2021	3838	SZU-China	Gold	medal	gold	winner		https://static.igem.org/websites/common/2023/icons/medal-flat.svg
2021	3838	SZU-China	Top 10	grand-prize	top	winner	undergrad	
2021	3895	SZ_SHD	Best Integrated Human Practices	special		nominee	high-school	
2021	3895	SZ_SHD	Best New Composite Part	special		nominee	high-school	
2021	3895	SZ_SHD	Best Part Collection	special		nominee	high-school	
2021	3895	SZ_SHD	Best Presentation	special		nominee	high-school	
2021	3895	SZ_SHD	Best Wiki	special		nominee	high-school	
2021	3895	SZ_SHD	Finalist	finalist		nominee	high-school	
2021	3895	SZ_SHD	First Runner Up	grand-prize	first-runner-up	winner	high-school	
2021	3895	SZ_SHD	Gold	medal	gold	winner		https://static.igem.org/websites/common/2023/icons/medal-flat.svg
2021	3895	SZ_SHD	Top 10	grand-prize	top	winner	high-school	
2021	3941	Saint_Joseph	Silver	medal	silver	winner		https://static.igem.org/websites/common/2023/icons/medal-silver-flat.svg
2021	3755	ShanghaiTech_China	Best Hardware	special		nominee	undergrad	
2021	3755	ShanghaiTech_China	Best Integrated Human Practices	special		nominee	undergrad	
2021	3755	ShanghaiTech_China	Best Model	special		nominee	undergrad	
2021	3755	ShanghaiTech_China	Best New Application Project	village		winner	undergrad	https://static.igem.org/websites/common/2022/icons/village/newapplication.svg
2021	3755	ShanghaiTech_China	Best New Basic Part	special		nominee	undergrad	
2021	3755	ShanghaiTech_China	Best New Composite Part	special		nominee	undergrad	
2021	3755	ShanghaiTech_China	Best Part Collection	special		nominee	undergrad	
2021	3755	ShanghaiTech_China	Best Presentation	special		nominee	undergrad	
2021	3755	ShanghaiTech_China	Best Supporting Entrepreneurship	special		winner	undergrad	
2021	3755	ShanghaiTech_China	Best Sustainability	special		nominee	undergrad	
2021	3755	ShanghaiTech_China	Best Wiki	special		nominee	undergrad	
2021	3755	ShanghaiTech_China	Finalist	finalist		nominee	undergrad	
2021	3755	ShanghaiTech_China	Gold	medal	gold	winner		https://static.igem.org/websites/common/2023/icons/medal-flat.svg
2021	3755	ShanghaiTech_China	Second Runner Up	grand-prize	second-runner-up	winner	undergrad	
2021	3755	ShanghaiTech_China	Top 10	grand-prize	top	winner	undergrad	
2021	4093	Shanghai_City_United	Bronze	medal	bronze	winner		https://static.igem.org/websites/common/2023/icons/medal-bronze-flat.svg
2021	3916	Shanghai_HS	Bronze	medal	bronze	winner		https://static.igem.org/websites/common/2023/icons/medal-bronze-flat.svg
2021	4099	Shanghai_HS_ID	Bronze	medal	bronze	winner		https://static.igem.org/websites/common/2023/icons/medal-bronze-flat.svg
2021	3998	Shanghai_HS_United	Silver	medal	silver	winner		https://static.igem.org/websites/common/2023/icons/medal-silver-flat.svg
2021	4028	Shanghai_Metro	Silver	medal	silver	winner		https://static.igem.org/websites/common/2023/icons/medal-silver-flat.svg
2021	4096	Shanghai_Metro_HS	Silver	medal	silver	winner		https://static.igem.org/websites/common/2023/icons/medal-silver-flat.svg
2021	4005	Shanghai_Metro_Utd	Bronze	medal	bronze	winner		https://static.igem.org/websites/common/2023/icons/medal-bronze-flat.svg
2021	4004	Shanghai_Metropolis	Gold	medal	gold	winner		https://static.igem.org/websites/common/2023/icons/medal-flat.svg
2021	3991	Shanghai_United	Silver	medal	silver	winner		https://static.igem.org/websites/common/2023/icons/medal-silver-flat.svg
2021	4030	Shanghai_United_HS	Silver	medal	silver	winner		https://static.igem.org/websites/common/2023/icons/medal-silver-flat.svg
2021	3999	Shanghai_city	Gold	medal	gold	winner		https://static.igem.org/websites/common/2023/icons/medal-flat.svg
2021	3992	Shanghai_high-school	Bronze	medal	bronze	winner		https://static.igem.org/websites/common/2023/icons/medal-bronze-flat.svg
2021	4086	Siberia	Silver	medal	silver	winner		https://static.igem.org/websites/common/2023/icons/medal-silver-flat.svg
2021	3836	Sorbonne_U_Paris	Silver	medal	silver	winner		https://static.igem.org/websites/common/2023/icons/medal-silver-flat.svg
2021	3903	St_Andrews	Silver	medal	silver	winner		https://static.igem.org/websites/common/2023/icons/medal-silver-flat.svg
2021	4009	Stanford	Silver	medal	silver	winner		https://static.igem.org/websites/common/2023/icons/medal-silver-flat.svg
2021	4071	Stockholm	Gold	medal	gold	winner		https://static.igem.org/websites/common/2023/icons/medal-flat.svg
2021	3802	Stony_Brook	Bronze	medal	bronze	winner		https://static.igem.org/websites/common/2023/icons/medal-bronze-flat.svg
2021	3780	Stuttgart	Silver	medal	silver	winner		https://static.igem.org/websites/common/2023/icons/medal-silver-flat.svg
2021	3814	Sydney_Australia	Gold	medal	gold	winner		https://static.igem.org/websites/common/2023/icons/medal-flat.svg
2021	3717	TAS_Taipei	Best Education	special		nominee	high-school	
2021	3717	TAS_Taipei	Best Hardware	special		nominee	high-school	
2021	3717	TAS_Taipei	Best Inclusivity	special		nominee	high-school	
2021	3717	TAS_Taipei	Best Integrated Human Practices	special		nominee	high-school	
2021	3717	TAS_Taipei	Best Model	special		winner	high-school	
2021	3717	TAS_Taipei	Best New Basic Part	special		nominee	high-school	
2021	3717	TAS_Taipei	Best Part Collection	special		nominee	high-school	
2021	3717	TAS_Taipei	Best Presentation	special		nominee	high-school	
2021	3717	TAS_Taipei	Best Supporting Entrepreneurship	special		nominee	high-school	
2021	3717	TAS_Taipei	Best Sustainability	special		winner	high-school	
2021	3717	TAS_Taipei	Best Wiki	special		winner	high-school	
2021	3717	TAS_Taipei	Gold	medal	gold	winner		https://static.igem.org/websites/common/2023/icons/medal-flat.svg
2021	3717	TAS_Taipei	Top 10	grand-prize	top	winner	high-school	
2021	3717	TAS_Taipei	iGEMers Prize	special		winner	all	
2021	3871	TAU_Israel	Silver	medal	silver	winner		https://static.igem.org/websites/common/2023/icons/medal-silver-flat.svg
2021	3917	TEC_COSTA_RICA	Silver	medal	silver	winner		https://static.igem.org/websites/common/2023/icons/medal-silver-flat.svg
2021	3959	THIS-China	Bronze	medal	bronze	winner		https://static.igem.org/websites/common/2023/icons/medal-bronze-flat.svg
2021	3715	TJUSLS_China	Gold	medal	gold	winner		https://static.igem.org/websites/common/2023/icons/medal-flat.svg
2021	4064	TKS_International						
2021	3972	TU-Eindhoven	Best Diagnostics Project	village		nominee	overgrad	https://static.igem.org/websites/common/2025/icons/villages/diagnostics.svg
2021	3972	TU-Eindhoven	Best Education	special		nominee	overgrad	
2021	3972	TU-Eindhoven	Best Integrated Human Practices	special		nominee	overgrad	
2021	3972	TU-Eindhoven	Best Model	special		nominee	overgrad	
2021	3972	TU-Eindhoven	Best New Basic Part	special		nominee	overgrad	
2021	3972	TU-Eindhoven	Best Presentation	special		nominee	overgrad	
2021	3972	TU-Eindhoven	Gold	medal	gold	winner		https://static.igem.org/websites/common/2023/icons/medal-flat.svg
2021	3806	TUDelft	Best Diagnostics Project	village		winner	overgrad	https://static.igem.org/websites/common/2025/icons/villages/diagnostics.svg
2021	3806	TUDelft	Best Integrated Human Practices	special		nominee	overgrad	
2021	3806	TUDelft	Best New Basic Part	special		nominee	overgrad	
2021	3806	TUDelft	Best New Composite Part	special		nominee	overgrad	
2021	3806	TUDelft	Best Part Collection	special		nominee	overgrad	
2021	3806	TUDelft	Best Safety & Security	special		nominee	overgrad	
2021	3806	TUDelft	Best Supporting Entrepreneurship	special		winner	overgrad	
2021	3806	TUDelft	Best Sustainability	special		nominee	overgrad	
2021	3806	TUDelft	Finalist	finalist		nominee	overgrad	
2021	3806	TUDelft	First Runner Up	grand-prize	first-runner-up	winner	overgrad	
2021	3806	TUDelft	Gold	medal	gold	winner		https://static.igem.org/websites/common/2023/icons/medal-flat.svg
2021	3806	TUDelft	Top 10	grand-prize	top	winner	overgrad	
2021	3985	TU_Darmstadt	Best Education	special		nominee	overgrad	
2021	3985	TU_Darmstadt	Best Inclusivity	special		nominee	overgrad	
2021	3985	TU_Darmstadt	Best New Application Project	village		nominee	overgrad	https://static.igem.org/websites/common/2022/icons/village/newapplication.svg
2021	3985	TU_Darmstadt	Best Software Tool	special		nominee	overgrad	
2021	3985	TU_Darmstadt	Best Wiki	special		winner	overgrad	
2021	3985	TU_Darmstadt	Gold	medal	gold	winner		https://static.igem.org/websites/common/2023/icons/medal-flat.svg
2021	3781	TU_Kaiserslautern	Best Foundational Advance Project	village		nominee	undergrad	
2021	3781	TU_Kaiserslautern	Gold	medal	gold	winner		https://static.igem.org/websites/common/2023/icons/medal-flat.svg
2021	4092	Tec-Monterrey	Best Software Tool	special		nominee	undergrad	
2021	4092	Tec-Monterrey	Gold	medal	gold	winner		https://static.igem.org/websites/common/2023/icons/medal-flat.svg
2021	3809	TecCEM	Gold	medal	gold	winner		https://static.igem.org/websites/common/2023/icons/medal-flat.svg
2021	3983	The_Webb_Schools	Silver	medal	silver	winner		https://static.igem.org/websites/common/2023/icons/medal-silver-flat.svg
2021	3727	Thessaloniki	Gold	medal	gold	winner		https://static.igem.org/websites/common/2023/icons/medal-flat.svg
2021	3866	Thessaly	Best Food & Nutrition Project	village		nominee	undergrad	
2021	3866	Thessaly	Gold	medal	gold	winner		https://static.igem.org/websites/common/2023/icons/medal-flat.svg
2021	3984	Think_Edu_China	Gold	medal	gold	winner		https://static.igem.org/websites/common/2023/icons/medal-flat.svg
2021	3899	Thrace	Gold	medal	gold	winner		https://static.igem.org/websites/common/2023/icons/medal-flat.svg
2021	3939	Tianjin	Best Measurement	special		nominee	overgrad	
2021	3939	Tianjin	Gold	medal	gold	winner		https://static.igem.org/websites/common/2023/icons/medal-flat.svg
2021	4019	TokyoTech	Silver	medal	silver	winner		https://static.igem.org/websites/common/2023/icons/medal-silver-flat.svg
2021	3823	Tongji_China	Gold	medal	gold	winner		https://static.igem.org/websites/common/2023/icons/medal-flat.svg
2021	3847	Tongji_Software	Best Software Project	village		winner	underover	
2021	3847	Tongji_Software	Gold	medal	gold	winner		https://static.igem.org/websites/common/2023/icons/medal-flat.svg
2021	3949	Toronto						
2021	3930	Toulouse_INSA-UPS	Best Biomanufacturing Project	village		nominee	undergrad	
2021	3930	Toulouse_INSA-UPS	Best Model	special		nominee	undergrad	
2021	3930	Toulouse_INSA-UPS	Best Presentation	special		nominee	undergrad	
2021	3930	Toulouse_INSA-UPS	Best Supporting Entrepreneurship	special		nominee	undergrad	
2021	3930	Toulouse_INSA-UPS	Best Wiki	special		nominee	undergrad	
2021	3930	Toulouse_INSA-UPS	Finalist	finalist		nominee	undergrad	
2021	3930	Toulouse_INSA-UPS	Gold	medal	gold	winner		https://static.igem.org/websites/common/2023/icons/medal-flat.svg
2021	3930	Toulouse_INSA-UPS	Grand Prize Winner	grand-prize	winner	winner	undergrad	
2021	3930	Toulouse_INSA-UPS	Top 10	grand-prize	top	winner	undergrad	
2021	3924	Tsinghua						
2021	3757	Tuebingen	Gold	medal	gold	winner		https://static.igem.org/websites/common/2023/icons/medal-flat.svg
2021	3761	UA_Huntsville						
2021	4080	UBrawijaya	Silver	medal	silver	winner		https://static.igem.org/websites/common/2023/icons/medal-silver-flat.svg
2021	3817	UCAS-China	Silver	medal	silver	winner		https://static.igem.org/websites/common/2023/icons/medal-silver-flat.svg
2021	4094	UCDavis						
2021	3808	UCSC	Gold	medal	gold	winner		https://static.igem.org/websites/common/2023/icons/medal-flat.svg
2021	4026	UC_San_Diego						
2021	3954	UChicago	Bronze	medal	bronze	winner		https://static.igem.org/websites/common/2023/icons/medal-bronze-flat.svg
2021	3819	UESTC-China	Best New Application Project	village		nominee	undergrad	https://static.igem.org/websites/common/2022/icons/village/newapplication.svg
2021	3819	UESTC-China	Best Supporting Entrepreneurship	special		nominee	undergrad	
2021	3819	UESTC-China	Gold	medal	gold	winner		https://static.igem.org/websites/common/2023/icons/medal-flat.svg
2021	3910	UFlorida	Silver	medal	silver	winner		https://static.igem.org/websites/common/2023/icons/medal-silver-flat.svg
2021	4076	UGM_Indonesia	Silver	medal	silver	winner		https://static.igem.org/websites/common/2023/icons/medal-silver-flat.svg
2021	3713	UIUC_Illinois	Bronze	medal	bronze	winner		https://static.igem.org/websites/common/2023/icons/medal-bronze-flat.svg
2021	3932	UI_Indonesia	Gold	medal	gold	winner		https://static.igem.org/websites/common/2023/icons/medal-flat.svg
2021	3862	ULaval	Best Food & Nutrition Project	village		nominee	overgrad	
2021	3862	ULaval	Best Presentation	special		nominee	overgrad	
2021	3862	ULaval	Gold	medal	gold	winner		https://static.igem.org/websites/common/2023/icons/medal-flat.svg
2021	3854	UMA_MALAGA	Silver	medal	silver	winner		https://static.igem.org/websites/common/2023/icons/medal-silver-flat.svg
2021	3789	UM_Macau	Silver	medal	silver	winner		https://static.igem.org/websites/common/2023/icons/medal-silver-flat.svg
2021	3965	UMaryland	Gold	medal	gold	winner		https://static.igem.org/websites/common/2023/icons/medal-flat.svg
2021	3749	UNESP_Brazil	Bronze	medal	bronze	winner		https://static.igem.org/websites/common/2023/icons/medal-bronze-flat.svg
2021	4075	UNILA_LatAm	Best Integrated Human Practices	special		nominee	overgrad	
2021	4075	UNILA_LatAm	Best New Application Project	village		nominee	overgrad	https://static.igem.org/websites/common/2022/icons/village/newapplication.svg
2021	4075	UNILA_LatAm	Gold	medal	gold	winner		https://static.igem.org/websites/common/2023/icons/medal-flat.svg
2021	3782	UNILausanne	Best Food & Nutrition Project	village		winner	overgrad	
2021	3782	UNILausanne	Best Hardware	special		nominee	overgrad	
2021	3782	UNILausanne	Best Measurement	special		nominee	overgrad	
2021	3782	UNILausanne	Best New Basic Part	special		nominee	overgrad	
2021	3782	UNILausanne	Best New Composite Part	special		nominee	overgrad	
2021	3782	UNILausanne	Gold	medal	gold	winner		https://static.igem.org/websites/common/2023/icons/medal-flat.svg
2021	3782	UNILausanne	Top 10	grand-prize	top	winner	overgrad	
2021	3929	UNIZAR	Gold	medal	gold	winner		https://static.igem.org/websites/common/2023/icons/medal-flat.svg
2021	3750	UNSW_Australia	Gold	medal	gold	winner		https://static.igem.org/websites/common/2023/icons/medal-flat.svg
2021	3791	UPF_Barcelona	Gold	medal	gold	winner		https://static.igem.org/websites/common/2023/icons/medal-flat.svg
2021	3878	UParis_BME	Best Education	special		nominee	overgrad	
2021	3878	UParis_BME	Best Integrated Human Practices	special		nominee	overgrad	
2021	3878	UParis_BME	Silver	medal	silver	winner		https://static.igem.org/websites/common/2023/icons/medal-silver-flat.svg
2021	4036	UPenn	Best Foundational Advance Project	village		winner	undergrad	
2021	4036	UPenn	Best Hardware	special		winner	undergrad	
2021	4036	UPenn	Best Presentation	special		winner	undergrad	
2021	4036	UPenn	Best Wiki	special		nominee	undergrad	
2021	4036	UPenn	Gold	medal	gold	winner		https://static.igem.org/websites/common/2023/icons/medal-flat.svg
2021	4036	UPenn	Top 10	grand-prize	top	winner	undergrad	
2021	3723	USAFA	Bronze	medal	bronze	winner		https://static.igem.org/websites/common/2023/icons/medal-bronze-flat.svg
2021	3890	USP-Brazil	Best Education	special		nominee	overgrad	
2021	3890	USP-Brazil	Best Environment Project	village		nominee	overgrad	
2021	3890	USP-Brazil	Best Integrated Human Practices	special		nominee	overgrad	
2021	3890	USP-Brazil	Best New Composite Part	special		nominee	overgrad	
2021	3890	USP-Brazil	Best Plant Synthetic Biology	special		winner	underover	
2021	3890	USP-Brazil	Gold	medal	gold	winner		https://static.igem.org/websites/common/2023/icons/medal-flat.svg
2021	3890	USP-Brazil	Top 10	grand-prize	top	winner	overgrad	
2021	4091	USP-EEL-Brazil						
2021	3912	USTC	Gold	medal	gold	winner		https://static.igem.org/websites/common/2023/icons/medal-flat.svg
2021	3958	USTC-Software	Silver	medal	silver	winner		https://static.igem.org/websites/common/2023/icons/medal-silver-flat.svg
2021	3804	UTokyo	Gold	medal	gold	winner		https://static.igem.org/websites/common/2023/icons/medal-flat.svg
2021	3989	UZurich	Best Integrated Human Practices	special		nominee	overgrad	
2021	3989	UZurich	Best New Application Project	village		winner	overgrad	https://static.igem.org/websites/common/2022/icons/village/newapplication.svg
2021	3989	UZurich	Best New Basic Part	special		nominee	overgrad	
2021	3989	UZurich	Best New Composite Part	special		nominee	overgrad	
2021	3989	UZurich	Best Part Collection	special		nominee	overgrad	
2021	3989	UZurich	Best Plant Synthetic Biology	special		nominee	underover	
2021	3989	UZurich	Best Presentation	special		nominee	overgrad	
2021	3989	UZurich	Best Sustainability	special		nominee	overgrad	
2021	3989	UZurich	Best Wiki	special		nominee	overgrad	
2021	3989	UZurich	Gold	medal	gold	winner		https://static.igem.org/websites/common/2023/icons/medal-flat.svg
2021	3989	UZurich	Top 10	grand-prize	top	winner	overgrad	
2021	3709	UiOslo_Norway	Silver	medal	silver	winner		https://static.igem.org/websites/common/2023/icons/medal-silver-flat.svg
2021	4085	Ulink-SIP						
2021	4043	United_Shanghai_HS	Silver	medal	silver	winner		https://static.igem.org/websites/common/2023/icons/medal-silver-flat.svg
2021	3934	Uppsala	Best Model	special		nominee	overgrad	
2021	3934	Uppsala	Gold	medal	gold	winner		https://static.igem.org/websites/common/2023/icons/medal-flat.svg
2021	4050	Victoria_Wellington	Bronze	medal	bronze	winner		https://static.igem.org/websites/common/2023/icons/medal-bronze-flat.svg
2021	3904	Vilnius-Lithuania	Best Education	special		winner	undergrad	
2021	3904	Vilnius-Lithuania	Best Hardware	special		nominee	undergrad	
2021	3904	Vilnius-Lithuania	Best Inclusivity	special		nominee	undergrad	
2021	3904	Vilnius-Lithuania	Best Measurement	special		winner	undergrad	
2021	3904	Vilnius-Lithuania	Best Model	special		nominee	undergrad	
2021	3904	Vilnius-Lithuania	Best New Basic Part	special		nominee	undergrad	
2021	3904	Vilnius-Lithuania	Best New Composite Part	special		nominee	undergrad	
2021	3904	Vilnius-Lithuania	Best Part Collection	special		nominee	undergrad	
2021	3904	Vilnius-Lithuania	Best Presentation	special		nominee	undergrad	
2021	3904	Vilnius-Lithuania	Best Software Tool	special		nominee	undergrad	
2021	3904	Vilnius-Lithuania	Best Supporting Entrepreneurship	special		nominee	undergrad	
2021	3904	Vilnius-Lithuania	Best Therapeutics Project	village		nominee	undergrad	
2021	3904	Vilnius-Lithuania	Gold	medal	gold	winner		https://static.igem.org/websites/common/2023/icons/medal-flat.svg
2021	3975	Virginia	Silver	medal	silver	winner		https://static.igem.org/websites/common/2023/icons/medal-silver-flat.svg
2021	3997	WFLA_YK_PAO	Silver	medal	silver	winner		https://static.igem.org/websites/common/2023/icons/medal-silver-flat.svg
2021	3763	WHU-China	Best Measurement	special		nominee	undergrad	
2021	3763	WHU-China	Gold	medal	gold	winner		https://static.igem.org/websites/common/2023/icons/medal-flat.svg
2021	4062	WLC-Milwaukee	Bronze	medal	bronze	winner		https://static.igem.org/websites/common/2023/icons/medal-bronze-flat.svg
2021	4073	WVHS_SanDiego_CA	Bronze	medal	bronze	winner		https://static.igem.org/websites/common/2023/icons/medal-bronze-flat.svg
2021	3747	Wageningen_UR	Best Environment Project	village		nominee	overgrad	
2021	3747	Wageningen_UR	Best Presentation	special		nominee	overgrad	
2021	3747	Wageningen_UR	Best Sustainability	special		nominee	overgrad	
2021	3747	Wageningen_UR	Gold	medal	gold	winner		https://static.igem.org/websites/common/2023/icons/medal-flat.svg
2021	3752	Warwick	Best Model	special		nominee	undergrad	
2021	3752	Warwick	Gold	medal	gold	winner		https://static.igem.org/websites/common/2023/icons/medal-flat.svg
2021	4023	Washington	Silver	medal	silver	winner		https://static.igem.org/websites/common/2023/icons/medal-silver-flat.svg
2021	3843	Waterloo	Silver	medal	silver	winner		https://static.igem.org/websites/common/2023/icons/medal-silver-flat.svg
2021	4013	Whittle	Bronze	medal	bronze	winner		https://static.igem.org/websites/common/2023/icons/medal-bronze-flat.svg
2021	3773	William_and_Mary	Best Foundational Advance Project	village		nominee	undergrad	
2021	3773	William_and_Mary	Gold	medal	gold	winner		https://static.igem.org/websites/common/2023/icons/medal-flat.svg
2021	3909	Worldshaper-Nanjing	Best Part Collection	special		nominee	high-school	
2021	3909	Worldshaper-Nanjing	Gold	medal	gold	winner		https://static.igem.org/websites/common/2023/icons/medal-flat.svg
2021	3908	Worldshaper-Shanghai	Silver	medal	silver	winner		https://static.igem.org/websites/common/2023/icons/medal-silver-flat.svg
2021	4078	WrightState	Bronze	medal	bronze	winner		https://static.igem.org/websites/common/2023/icons/medal-bronze-flat.svg
2021	3926	XHD-Wuhan-A-China	Bronze	medal	bronze	winner		https://static.igem.org/websites/common/2023/icons/medal-bronze-flat.svg
2021	3921	XHD-Wuhan-B-China	Gold	medal	gold	winner		https://static.igem.org/websites/common/2023/icons/medal-flat.svg
2021	3925	XHD-Wuhan-Pro-China	Silver	medal	silver	winner		https://static.igem.org/websites/common/2023/icons/medal-silver-flat.svg
2021	4054	XJTLU-CHINA	Gold	medal	gold	winner		https://static.igem.org/websites/common/2023/icons/medal-flat.svg
2021	3832	XJTU-China	Silver	medal	silver	winner		https://static.igem.org/websites/common/2023/icons/medal-silver-flat.svg
2021	3739	XMU-China	Best Model	special		nominee	undergrad	
2021	3739	XMU-China	Best New Application Project	village		nominee	undergrad	https://static.igem.org/websites/common/2022/icons/village/newapplication.svg
2021	3739	XMU-China	Best New Basic Part	special		nominee	undergrad	
2021	3739	XMU-China	Best New Composite Part	special		nominee	undergrad	
2021	3739	XMU-China	Best Part Collection	special		nominee	undergrad	
2021	3739	XMU-China	Gold	medal	gold	winner		https://static.igem.org/websites/common/2023/icons/medal-flat.svg
2021	4002	Xiamen_City	Gold	medal	gold	winner		https://static.igem.org/websites/common/2023/icons/medal-flat.svg
2021	3822	YiYe-China	Gold	medal	gold	winner		https://static.igem.org/websites/common/2023/icons/medal-flat.svg
2021	4105	Yonsei_Korea	Silver	medal	silver	winner		https://static.igem.org/websites/common/2023/icons/medal-silver-flat.svg
2021	4055	Yucai_SZ	Silver	medal	silver	winner		https://static.igem.org/websites/common/2023/icons/medal-silver-flat.svg
2021	3730	ZJU-China	Best Hardware	special		nominee	undergrad	
2021	3730	ZJU-China	Best Measurement	special		nominee	undergrad	
2021	3730	ZJU-China	Best New Basic Part	special		winner	undergrad	
2021	3730	ZJU-China	Best New Composite Part	special		nominee	undergrad	
2021	3730	ZJU-China	Best Part Collection	special		nominee	undergrad	
2021	3730	ZJU-China	Best Safety & Security	special		winner	undergrad	
2021	3730	ZJU-China	Best Software Tool	special		winner	undergrad	
2021	3730	ZJU-China	Best Therapeutics Project	village		winner	undergrad	
2021	3730	ZJU-China	Best Wiki	special		nominee	undergrad	
2021	3730	ZJU-China	Gold	medal	gold	winner		https://static.igem.org/websites/common/2023/icons/medal-flat.svg
2021	3730	ZJU-China	Top 10	grand-prize	top	winner	undergrad	
2021	3885	ZJUT-China	Gold	medal	gold	winner		https://static.igem.org/websites/common/2023/icons/medal-flat.svg
2021	3716	iBowu-China	Best Education	special		nominee	high-school	
2021	3716	iBowu-China	Best Integrated Human Practices	special		nominee	high-school	
2021	3716	iBowu-China	Best Wiki	special		nominee	high-school	
2021	3716	iBowu-China	Gold	medal	gold	winner		https://static.igem.org/websites/common/2023/icons/medal-flat.svg
2021	3716	iBowu-China	Top 10	grand-prize	top	winner	high-school	
2022	4140	AFCM-Egypt	Gold	medal	gold	winner		https://static.igem.org/websites/common/2023/icons/medal-flat.svg
2022	4140	AFCM-Egypt	Safety and Security Award	special		nominee	undergrad	
2022	4396	AHS_Peking						
2022	4334	ASIJ_Tokyo	Gold	medal	gold	winner		https://static.igem.org/websites/common/2023/icons/medal-flat.svg
2022	4455	ASU	Bronze	medal	bronze	winner		https://static.igem.org/websites/common/2023/icons/medal-bronze-flat.svg
2022	4138	Aachen	Best Environment Project	village		nominee	overgrad	https://static.igem.org/websites/common/2022/icons/village/environment.svg
2022	4138	Aachen	Best Hardware	special		nominee	overgrad	
2022	4138	Aachen	Gold	medal	gold	winner		https://static.igem.org/websites/common/2023/icons/medal-flat.svg
2022	4159	Aalto-Helsinki	Gold	medal	gold	winner		https://static.igem.org/websites/common/2023/icons/medal-flat.svg
2022	4207	Aboa	Silver	medal	silver	winner		https://static.igem.org/websites/common/2023/icons/medal-silver-flat.svg
2022	4189	Aix-Marseille	Bronze	medal	bronze	winner		https://static.igem.org/websites/common/2023/icons/medal-bronze-flat.svg
2022	4166	Alma	Silver	medal	silver	winner		https://static.igem.org/websites/common/2023/icons/medal-silver-flat.svg
2022	4503	Anatolia_College_HS	Bronze	medal	bronze	winner		https://static.igem.org/websites/common/2023/icons/medal-bronze-flat.svg
2022	4186	AshesiGhana	Silver	medal	silver	winner		https://static.igem.org/websites/common/2023/icons/medal-silver-flat.svg
2022	4294	Athens	Best Education	special		nominee	overgrad	
2022	4294	Athens	Gold	medal	gold	winner		https://static.igem.org/websites/common/2023/icons/medal-flat.svg
2022	4294	Athens	Safety and Security Award	special		nominee	overgrad	
2022	4342	Austin_UTexas	Best Foundational Advance Project	village		winner	undergrad	https://static.igem.org/websites/common/2022/icons/village/foundational-advance.svg
2022	4342	Austin_UTexas	Best Part Collection	special		nominee	undergrad	
2022	4342	Austin_UTexas	Best Presentation	special		nominee	undergrad	
2022	4342	Austin_UTexas	Gold	medal	gold	winner		https://static.igem.org/websites/common/2023/icons/medal-flat.svg
2022	4342	Austin_UTexas	Top 10	grand-prize	top	winner	undergrad	
2022	4400	BFSU-ICUnited	Best New Composite Part	special		nominee	high-school	
2022	4400	BFSU-ICUnited	Silver	medal	silver	winner		https://static.igem.org/websites/common/2023/icons/medal-silver-flat.svg
2022	4120	BGU_Israel	Silver	medal	silver	winner		https://static.igem.org/websites/common/2023/icons/medal-silver-flat.svg
2022	4128	BIT	Bronze	medal	bronze	winner		https://static.igem.org/websites/common/2023/icons/medal-bronze-flat.svg
2022	4232	BIT-China	Silver	medal	silver	winner		https://static.igem.org/websites/common/2023/icons/medal-silver-flat.svg
2022	4221	BJEA_China	Best New Basic Part	special		nominee	high-school	
2022	4221	BJEA_China	Inclusivity Award	special		nominee	high-school	
2022	4221	BJEA_China	Silver	medal	silver	winner		https://static.igem.org/websites/common/2023/icons/medal-silver-flat.svg
2022	4203	BJWZ-China	Bronze	medal	bronze	winner		https://static.igem.org/websites/common/2023/icons/medal-bronze-flat.svg
2022	4204	BNDS_China	Gold	medal	gold	winner		https://static.igem.org/websites/common/2023/icons/medal-flat.svg
2022	4237	BNSC_China	Bronze	medal	bronze	winner		https://static.igem.org/websites/common/2023/icons/medal-bronze-flat.svg
2022	4117	BNU-China	Silver	medal	silver	winner		https://static.igem.org/websites/common/2023/icons/medal-silver-flat.svg
2022	4211	BNUZH-China	Gold	medal	gold	winner		https://static.igem.org/websites/common/2023/icons/medal-flat.svg
2022	4423	BOKU-Vienna	Silver	medal	silver	winner		https://static.igem.org/websites/common/2023/icons/medal-silver-flat.svg
2022	4329	BS_United_China	Best Integrated Human Practices	special		nominee	high-school	
2022	4329	BS_United_China	Best Part Collection	special		nominee	high-school	
2022	4329	BS_United_China	Best Wiki	special		nominee	high-school	
2022	4329	BS_United_China	Gold	medal	gold	winner		https://static.igem.org/websites/common/2023/icons/medal-flat.svg
2022	4329	BS_United_China	Top 10	grand-prize	top	winner	high-school	
2022	4146	BUCT	Silver	medal	silver	winner		https://static.igem.org/websites/common/2023/icons/medal-silver-flat.svg
2022	4194	BUCT-China	Silver	medal	silver	winner		https://static.igem.org/websites/common/2023/icons/medal-silver-flat.svg
2022	4501	Barcelona_UB	Gold	medal	gold	winner		https://static.igem.org/websites/common/2023/icons/medal-flat.svg
2022	4290	Beijing_United						
2022	4476	Bilkent_UNAM						
2022	4403	Bio-Brussels	Best Education	special		nominee	undergrad	
2022	4403	Bio-Brussels	Gold	medal	gold	winner		https://static.igem.org/websites/common/2023/icons/medal-flat.svg
2022	4413	Bioplus-China	Silver	medal	silver	winner		https://static.igem.org/websites/common/2023/icons/medal-silver-flat.svg
2022	4510	Bonn-Rheinbach	Bronze	medal	bronze	winner		https://static.igem.org/websites/common/2023/icons/medal-bronze-flat.svg
2022	4485	BostonU_HW	Best Environment Project	village		nominee	undergrad	https://static.igem.org/websites/common/2022/icons/village/environment.svg
2022	4485	BostonU_HW	Gold	medal	gold	winner		https://static.igem.org/websites/common/2023/icons/medal-flat.svg
2022	4364	Bulgaria	Silver	medal	silver	winner		https://static.igem.org/websites/common/2023/icons/medal-silver-flat.svg
2022	4226	CAFA_China	Silver	medal	silver	winner		https://static.igem.org/websites/common/2023/icons/medal-silver-flat.svg
2022	4192	CAU_China	Best Biomanufacturing Project	village		winner	undergrad	https://static.igem.org/websites/common/2022/icons/village/biomanufacturing.svg
2022	4192	CAU_China	Best New Composite Part	special		nominee	undergrad	
2022	4192	CAU_China	Best Part Collection	special		nominee	undergrad	
2022	4192	CAU_China	Best Software Tool	special		nominee	undergrad	
2022	4192	CAU_China	Gold	medal	gold	winner		https://static.igem.org/websites/common/2023/icons/medal-flat.svg
2022	4192	CAU_China	Top 10	grand-prize	top	winner	undergrad	
2022	4261	CCA_San_Diego	Silver	medal	silver	winner		https://static.igem.org/websites/common/2023/icons/medal-silver-flat.svg
2022	4131	CCU_Taiwan	Silver	medal	silver	winner		https://static.igem.org/websites/common/2023/icons/medal-silver-flat.svg
2022	4112	CHINA-FAFU	Silver	medal	silver	winner		https://static.igem.org/websites/common/2023/icons/medal-silver-flat.svg
2022	4308	CPU_CHINA	Best Diagnostics Project	village		nominee	undergrad	https://static.igem.org/websites/common/2022/icons/village/diagnostics.svg
2022	4308	CPU_CHINA	Gold	medal	gold	winner		https://static.igem.org/websites/common/2023/icons/medal-flat.svg
2022	4257	CPU_Nanjing	Silver	medal	silver	winner		https://static.igem.org/websites/common/2023/icons/medal-silver-flat.svg
2022	4151	CSMU_Taiwan	Gold	medal	gold	winner		https://static.igem.org/websites/common/2023/icons/medal-flat.svg
2022	4127	CSU_CHINA	Silver	medal	silver	winner		https://static.igem.org/websites/common/2023/icons/medal-silver-flat.svg
2022	4201	CU-Boulder	Best Plant Synthetic Biology	special		nominee	underover	
2022	4201	CU-Boulder	Bronze	medal	bronze	winner		https://static.igem.org/websites/common/2023/icons/medal-bronze-flat.svg
2022	4242	CUG-China	Gold	medal	gold	winner		https://static.igem.org/websites/common/2023/icons/medal-flat.svg
2022	4469	CUHK-HongKong-SBS	Silver	medal	silver	winner		https://static.igem.org/websites/common/2023/icons/medal-silver-flat.svg
2022	4459	CUHKSZ	Silver	medal	silver	winner		https://static.igem.org/websites/common/2023/icons/medal-silver-flat.svg
2022	4165	CU_Egypt	Silver	medal	silver	winner		https://static.igem.org/websites/common/2023/icons/medal-silver-flat.svg
2022	4437	Calgary	Best Sustainable Development Impact	special		winner	undergrad	
2022	4437	Calgary	Gold	medal	gold	winner		https://static.igem.org/websites/common/2023/icons/medal-flat.svg
2022	4491	Cambridge	Best New Basic Part	special		nominee	undergrad	
2022	4491	Cambridge	Gold	medal	gold	winner		https://static.igem.org/websites/common/2023/icons/medal-flat.svg
2022	4291	Canton_HS	Bronze	medal	bronze	winner		https://static.igem.org/websites/common/2023/icons/medal-bronze-flat.svg
2022	4367	Chalmers-Gothenburg	Best Software Tool	special		nominee	overgrad	
2022	4367	Chalmers-Gothenburg	Gold	medal	gold	winner		https://static.igem.org/websites/common/2023/icons/medal-flat.svg
2022	4154	CityU_HongKong	Bronze	medal	bronze	winner		https://static.igem.org/websites/common/2023/icons/medal-bronze-flat.svg
2022	4508	City_of_London_UK	Best Model	special		nominee	high-school	
2022	4508	City_of_London_UK	Best Presentation	special		nominee	high-school	
2022	4508	City_of_London_UK	Silver	medal	silver	winner		https://static.igem.org/websites/common/2023/icons/medal-silver-flat.svg
2022	4136	Concordia-Montreal	Bronze	medal	bronze	winner		https://static.igem.org/websites/common/2023/icons/medal-bronze-flat.svg
2022	4322	Cornell	Gold	medal	gold	winner		https://static.igem.org/websites/common/2023/icons/medal-flat.svg
2022	4133	Costa_Rica	Gold	medal	gold	winner		https://static.igem.org/websites/common/2023/icons/medal-flat.svg
2022	4495	Crete	Silver	medal	silver	winner		https://static.igem.org/websites/common/2023/icons/medal-silver-flat.svg
2022	4161	DKU	Silver	medal	silver	winner		https://static.igem.org/websites/common/2023/icons/medal-silver-flat.svg
2022	4494	DKU_China	Silver	medal	silver	winner		https://static.igem.org/websites/common/2023/icons/medal-silver-flat.svg
2022	4386	DNHS_SanDiego_CA	Bronze	medal	bronze	winner		https://static.igem.org/websites/common/2023/icons/medal-bronze-flat.svg
2022	4129	DTU-Denmark	Silver	medal	silver	winner		https://static.igem.org/websites/common/2023/icons/medal-silver-flat.svg
2022	4176	DUT_China	Best Foundational Advance Project	village		nominee	undergrad	https://static.igem.org/websites/common/2022/icons/village/foundational-advance.svg
2022	4176	DUT_China	Best New Basic Part	special		nominee	undergrad	
2022	4176	DUT_China	Gold	medal	gold	winner		https://static.igem.org/websites/common/2023/icons/medal-flat.svg
2022	4431	DeNovoCastrians	Bronze	medal	bronze	winner		https://static.igem.org/websites/common/2023/icons/medal-bronze-flat.svg
2022	4369	Duesseldorf	Gold	medal	gold	winner		https://static.igem.org/websites/common/2023/icons/medal-flat.svg
2022	4234	Duke	Silver	medal	silver	winner		https://static.igem.org/websites/common/2023/icons/medal-silver-flat.svg
2022	4281	ECNUAS	Silver	medal	silver	winner		https://static.igem.org/websites/common/2023/icons/medal-silver-flat.svg
2022	4375	ELTE	Gold	medal	gold	winner		https://static.igem.org/websites/common/2023/icons/medal-flat.svg
2022	4439	EPFL	Best Biomanufacturing Project	village		nominee	overgrad	https://static.igem.org/websites/common/2022/icons/village/biomanufacturing.svg
2022	4439	EPFL	Best Presentation	special		nominee	overgrad	
2022	4439	EPFL	Best Sustainable Development Impact	special		nominee	overgrad	
2022	4439	EPFL	Best Wiki	special		nominee	overgrad	
2022	4439	EPFL	Gold	medal	gold	winner		https://static.igem.org/websites/common/2023/icons/medal-flat.svg
2022	4439	EPFL	Top 10	grand-prize	top	winner	overgrad	
2022	4515	East_China						
2022	4458	East_Coast_BioCrew	Silver	medal	silver	winner		https://static.igem.org/websites/common/2023/icons/medal-silver-flat.svg
2022	4390	Edinburgh-UHAS_Ghana	Best Environment Project	village		nominee	undergrad	https://static.igem.org/websites/common/2022/icons/village/environment.svg
2022	4390	Edinburgh-UHAS_Ghana	Gold	medal	gold	winner		https://static.igem.org/websites/common/2023/icons/medal-flat.svg
2022	4440	Estonia_TUIT	Best Wiki	special		nominee	undergrad	
2022	4440	Estonia_TUIT	Silver	medal	silver	winner		https://static.igem.org/websites/common/2023/icons/medal-silver-flat.svg
2022	4432	Evry_Paris-Saclay	Best Measurement	special		nominee	overgrad	
2022	4432	Evry_Paris-Saclay	Gold	medal	gold	winner		https://static.igem.org/websites/common/2023/icons/medal-flat.svg
2022	4108	Example						
2022	4111	Example_CL						
2022	4110	Example_CM						
2022	4109	Example_HS						
2022	4339	Exeter	Best Biomanufacturing Project	village		nominee	undergrad	https://static.igem.org/websites/common/2022/icons/village/biomanufacturing.svg
2022	4339	Exeter	Best Integrated Human Practices	special		nominee	undergrad	
2022	4339	Exeter	Gold	medal	gold	winner		https://static.igem.org/websites/common/2023/icons/medal-flat.svg
2022	4339	Exeter	Inclusivity Award	special		winner	undergrad	
2022	4253	FAFU	Silver	medal	silver	winner		https://static.igem.org/websites/common/2023/icons/medal-silver-flat.svg
2022	4113	FAFU-China	Silver	medal	silver	winner		https://static.igem.org/websites/common/2023/icons/medal-silver-flat.svg
2022	4338	FDR-HB_Peru	Bronze	medal	bronze	winner		https://static.igem.org/websites/common/2023/icons/medal-bronze-flat.svg
2022	4475	FSU	Silver	medal	silver	winner		https://static.igem.org/websites/common/2023/icons/medal-silver-flat.svg
2022	4229	Freiburg	Best Foundational Advance Project	village		winner	overgrad	https://static.igem.org/websites/common/2022/icons/village/foundational-advance.svg
2022	4229	Freiburg	Gold	medal	gold	winner		https://static.igem.org/websites/common/2023/icons/medal-flat.svg
2022	4162	Fudan	Best Measurement	special		winner	undergrad	
2022	4162	Fudan	Best New Basic Part	special		winner	undergrad	
2022	4162	Fudan	Best New Composite Part	special		nominee	undergrad	
2022	4162	Fudan	Best Part Collection	special		winner	undergrad	
2022	4162	Fudan	Best Software Tool	special		nominee	undergrad	
2022	4162	Fudan	Gold	medal	gold	winner		https://static.igem.org/websites/common/2023/icons/medal-flat.svg
2022	4288	Fujian_United	Best Presentation	special		nominee	high-school	
2022	4288	Fujian_United	Gold	medal	gold	winner		https://static.igem.org/websites/common/2023/icons/medal-flat.svg
2022	4493	GA_State_SW_Jiaotong	Bronze	medal	bronze	winner		https://static.igem.org/websites/common/2023/icons/medal-bronze-flat.svg
2022	4270	GDSYZX	Bronze	medal	bronze	winner		https://static.igem.org/websites/common/2023/icons/medal-bronze-flat.svg
2022	4137	GEMS_Taiwan	Best Education	special		nominee	high-school	
2022	4137	GEMS_Taiwan	Best Model	special		winner	high-school	
2022	4137	GEMS_Taiwan	Best Supporting Entrepreneurship	special		winner	high-school	
2022	4137	GEMS_Taiwan	Best Wiki	special		nominee	high-school	
2022	4137	GEMS_Taiwan	Gold	medal	gold	winner		https://static.igem.org/websites/common/2023/icons/medal-flat.svg
2022	4137	GEMS_Taiwan	Safety and Security Award	special		nominee	high-school	
2022	4370	GO_Paris-Saclay	Gold	medal	gold	winner		https://static.igem.org/websites/common/2023/icons/medal-flat.svg
2022	4354	GXU-China	Silver	medal	silver	winner		https://static.igem.org/websites/common/2023/icons/medal-silver-flat.svg
2022	4430	GYHS	Gold	medal	gold	winner		https://static.igem.org/websites/common/2023/icons/medal-flat.svg
2022	4481	GastonDay-Shangde	Bronze	medal	bronze	winner		https://static.igem.org/websites/common/2023/icons/medal-bronze-flat.svg
2022	4285	Goethe_Frankfurt	Silver	medal	silver	winner		https://static.igem.org/websites/common/2023/icons/medal-silver-flat.svg
2022	4404	Goettingen	Silver	medal	silver	winner		https://static.igem.org/websites/common/2023/icons/medal-silver-flat.svg
2022	4275	GreatBay_SCIE	Best New Basic Part	special		nominee	high-school	
2022	4275	GreatBay_SCIE	Best Sustainable Development Impact	special		nominee	high-school	
2022	4275	GreatBay_SCIE	Gold	medal	gold	winner		https://static.igem.org/websites/common/2023/icons/medal-flat.svg
2022	4233	Groningen	Gold	medal	gold	winner		https://static.igem.org/websites/common/2023/icons/medal-flat.svg
2022	4233	Groningen	Safety and Security Award	special		nominee	overgrad	
2022	4157	Guangxi-U-China						
2022	4321	Guelph	Silver	medal	silver	winner		https://static.igem.org/websites/common/2023/icons/medal-silver-flat.svg
2022	4489	HAGZGD-China						
2022	4249	HBUT-China	Bronze	medal	bronze	winner		https://static.igem.org/websites/common/2023/icons/medal-bronze-flat.svg
2022	4225	HKUST	Best Food & Nutrition Project	village		nominee	underover	https://static.igem.org/websites/common/2022/icons/village/nutrition.svg
2022	4225	HKUST	Best Integrated Human Practices	special		nominee	undergrad	
2022	4225	HKUST	Best Presentation	special		nominee	undergrad	
2022	4225	HKUST	Best Sustainable Development Impact	special		nominee	undergrad	
2022	4225	HKUST	Best Wiki	special		nominee	undergrad	
2022	4225	HKUST	Finalist	finalist		nominee	undergrad	
2022	4225	HKUST	Gold	medal	gold	winner		https://static.igem.org/websites/common/2023/icons/medal-flat.svg
2022	4225	HKUST	Safety and Security Award	special		winner	undergrad	
2022	4225	HKUST	Second Runner Up	grand-prize	second-runner-up	winner	undergrad	
2022	4225	HKUST	Top 10	grand-prize	top	winner	undergrad	
2022	4241	HKU_HongKong	Gold	medal	gold	winner		https://static.igem.org/websites/common/2023/icons/medal-flat.svg
2022	4126	HK_CPU-WYY	Bronze	medal	bronze	winner		https://static.igem.org/websites/common/2023/icons/medal-bronze-flat.svg
2022	4384	HK_SSC	Silver	medal	silver	winner		https://static.igem.org/websites/common/2023/icons/medal-silver-flat.svg
2022	4252	HNU_China	Silver	medal	silver	winner		https://static.igem.org/websites/common/2023/icons/medal-silver-flat.svg
2022	4183	HS_China	Gold	medal	gold	winner		https://static.igem.org/websites/common/2023/icons/medal-flat.svg
2022	4468	HUST-China	Gold	medal	gold	winner		https://static.igem.org/websites/common/2023/icons/medal-flat.svg
2022	4511	HUS_United						
2022	4169	HZAU-China	Silver	medal	silver	winner		https://static.igem.org/websites/common/2023/icons/medal-silver-flat.svg
2022	4223	HainanU_China	Gold	medal	gold	winner		https://static.igem.org/websites/common/2023/icons/medal-flat.svg
2022	4480	Harvard	Bronze	medal	bronze	winner		https://static.igem.org/websites/common/2023/icons/medal-bronze-flat.svg
2022	4344	Heidelberg	Gold	medal	gold	winner		https://static.igem.org/websites/common/2023/icons/medal-flat.svg
2022	4177	HiZJU-China	Gold	medal	gold	winner		https://static.igem.org/websites/common/2023/icons/medal-flat.svg
2022	4452	Hopkins	Best Plant Synthetic Biology	special		nominee	underover	
2022	4452	Hopkins	Gold	medal	gold	winner		https://static.igem.org/websites/common/2023/icons/medal-flat.svg
2022	4167	ICJFLS	Best Integrated Human Practices	special		nominee	high-school	
2022	4167	ICJFLS	Best Model	special		nominee	high-school	
2022	4167	ICJFLS	Best Wiki	special		nominee	high-school	
2022	4167	ICJFLS	Gold	medal	gold	winner		https://static.igem.org/websites/common/2023/icons/medal-flat.svg
2022	4303	ICT-Mumbai	Silver	medal	silver	winner		https://static.igem.org/websites/common/2023/icons/medal-silver-flat.svg
2022	4392	IISER-Pune-India	Gold	medal	gold	winner		https://static.igem.org/websites/common/2023/icons/medal-flat.svg
2022	4429	IISER-Pune2_India	Best Integrated Human Practices	special		nominee	undergrad	
2022	4429	IISER-Pune2_India	Best Measurement	special		nominee	undergrad	
2022	4429	IISER-Pune2_India	Best Model	special		nominee	undergrad	
2022	4429	IISER-Pune2_India	Best New Basic Part	special		nominee	undergrad	
2022	4429	IISER-Pune2_India	Best Presentation	special		nominee	undergrad	
2022	4429	IISER-Pune2_India	Best Supporting Entrepreneurship	special		nominee	undergrad	
2022	4429	IISER-Pune2_India	Best Therapeutics Project	village		nominee	undergrad	https://static.igem.org/websites/common/2022/icons/village/therapeutics.svg
2022	4429	IISER-Pune2_India	Gold	medal	gold	winner		https://static.igem.org/websites/common/2023/icons/medal-flat.svg
2022	4429	IISER-Pune2_India	Inclusivity Award	special		nominee	undergrad	
2022	4429	IISER-Pune2_India	Top 10	grand-prize	top	winner	undergrad	
2022	4438	IISER-Tirupati_India	Best Diagnostics Project	village		nominee	undergrad	https://static.igem.org/websites/common/2022/icons/village/diagnostics.svg
2022	4438	IISER-Tirupati_India	Gold	medal	gold	winner		https://static.igem.org/websites/common/2023/icons/medal-flat.svg
2022	4449	IISER_Berhampur	Silver	medal	silver	winner		https://static.igem.org/websites/common/2023/icons/medal-silver-flat.svg
2022	4382	IISER_Bhopal	Gold	medal	gold	winner		https://static.igem.org/websites/common/2023/icons/medal-flat.svg
2022	4391	IISER_Mohali	Best Foundational Advance Project	village		nominee	undergrad	https://static.igem.org/websites/common/2022/icons/village/foundational-advance.svg
2022	4391	IISER_Mohali	Best Software Tool	special		nominee	undergrad	
2022	4391	IISER_Mohali	Gold	medal	gold	winner		https://static.igem.org/websites/common/2023/icons/medal-flat.svg
2022	4359	IISER_TVM	Best Education	special		nominee	undergrad	
2022	4359	IISER_TVM	Best Therapeutics Project	village		nominee	undergrad	https://static.igem.org/websites/common/2022/icons/village/therapeutics.svg
2022	4359	IISER_TVM	Gold	medal	gold	winner		https://static.igem.org/websites/common/2023/icons/medal-flat.svg
2022	4359	IISER_TVM	Inclusivity Award	special		nominee	undergrad	
2022	4359	IISER_TVM	Safety and Security Award	special		nominee	undergrad	
2022	4462	IISc-Bengaluru	Best Climate Crisis Project	village		nominee	underover	https://static.igem.org/websites/common/2022/icons/village/climate-crisis.svg
2022	4462	IISc-Bengaluru	Gold	medal	gold	winner		https://static.igem.org/websites/common/2023/icons/medal-flat.svg
2022	4428	IIT-Delhi	Gold	medal	gold	winner		https://static.igem.org/websites/common/2023/icons/medal-flat.svg
2022	4434	IIT_Roorkee	Gold	medal	gold	winner		https://static.igem.org/websites/common/2023/icons/medal-flat.svg
2022	4239	INSA_Lyon1	Best Education	special		winner	undergrad	
2022	4239	INSA_Lyon1	Best Food & Nutrition Project	village		winner	underover	https://static.igem.org/websites/common/2022/icons/village/nutrition.svg
2022	4239	INSA_Lyon1	Best Hardware	special		winner	undergrad	
2022	4239	INSA_Lyon1	Best Integrated Human Practices	special		nominee	undergrad	
2022	4239	INSA_Lyon1	Best New Composite Part	special		winner	undergrad	
2022	4239	INSA_Lyon1	Best Part Collection	special		nominee	undergrad	
2022	4239	INSA_Lyon1	Best Presentation	special		winner	undergrad	
2022	4239	INSA_Lyon1	Best Software Tool	special		nominee	undergrad	
2022	4239	INSA_Lyon1	Best Sustainable Development Impact	special		nominee	undergrad	
2022	4239	INSA_Lyon1	Best Wiki	special		winner	undergrad	
2022	4239	INSA_Lyon1	Finalist	finalist		nominee	undergrad	
2022	4239	INSA_Lyon1	First Runner Up	grand-prize	first-runner-up	winner	undergrad	
2022	4239	INSA_Lyon1	Gold	medal	gold	winner		https://static.igem.org/websites/common/2023/icons/medal-flat.svg
2022	4239	INSA_Lyon1	Top 10	grand-prize	top	winner	undergrad	
2022	4424	ITESO_Guadalajara	Silver	medal	silver	winner		https://static.igem.org/websites/common/2023/icons/medal-silver-flat.svg
2022	4212	Imperial_College_London	Best Food & Nutrition Project	village		nominee	underover	https://static.igem.org/websites/common/2022/icons/village/nutrition.svg
2022	4212	Imperial_College_London	Best Supporting Entrepreneurship	special		nominee	undergrad	
2022	4212	Imperial_College_London	Best Wiki	special		nominee	undergrad	
2022	4212	Imperial_College_London	Gold	medal	gold	winner		https://static.igem.org/websites/common/2023/icons/medal-flat.svg
2022	4212	Imperial_College_London	Top 10	grand-prize	top	winner	undergrad	
2022	4187	Ionis_Paris	Best Climate Crisis Project	village		winner	underover	https://static.igem.org/websites/common/2022/icons/village/climate-crisis.svg
2022	4187	Ionis_Paris	Best Hardware	special		nominee	undergrad	
2022	4187	Ionis_Paris	Best Sustainable Development Impact	special		nominee	undergrad	
2022	4187	Ionis_Paris	Best Wiki	special		nominee	undergrad	
2022	4187	Ionis_Paris	Gold	medal	gold	winner		https://static.igem.org/websites/common/2023/icons/medal-flat.svg
2022	4187	Ionis_Paris	Top 10	grand-prize	top	winner	undergrad	
2022	4122	IvyMaker-China	Silver	medal	silver	winner		https://static.igem.org/websites/common/2023/icons/medal-silver-flat.svg
2022	4427	JLU_China	Gold	medal	gold	winner		https://static.igem.org/websites/common/2023/icons/medal-flat.svg
2022	4149	Jiangnan-China	Silver	medal	silver	winner		https://static.igem.org/websites/common/2023/icons/medal-silver-flat.svg
2022	4516	Jiangsu_United	Silver	medal	silver	winner		https://static.igem.org/websites/common/2023/icons/medal-silver-flat.svg
2022	4385	Jilin_China	Gold	medal	gold	winner		https://static.igem.org/websites/common/2023/icons/medal-flat.svg
2022	4487	KAIT_JAPAN						
2022	4180	KCIS_Xiugang_Taipei	Gold	medal	gold	winner		https://static.igem.org/websites/common/2023/icons/medal-flat.svg
2022	4388	KCL_UK	Silver	medal	silver	winner		https://static.igem.org/websites/common/2023/icons/medal-silver-flat.svg
2022	4274	KEYSTONE	Best Integrated Human Practices	special		nominee	high-school	
2022	4274	KEYSTONE	Gold	medal	gold	winner		https://static.igem.org/websites/common/2023/icons/medal-flat.svg
2022	4371	KUAS_Korea	Bronze	medal	bronze	winner		https://static.igem.org/websites/common/2023/icons/medal-bronze-flat.svg
2022	4345	KU_Leuven	Silver	medal	silver	winner		https://static.igem.org/websites/common/2023/icons/medal-silver-flat.svg
2022	4305	Korea_HS	Best Education	special		winner	high-school	
2022	4305	Korea_HS	Best Presentation	special		nominee	high-school	
2022	4305	Korea_HS	Best Sustainable Development Impact	special		nominee	high-school	
2022	4305	Korea_HS	Gold	medal	gold	winner		https://static.igem.org/websites/common/2023/icons/medal-flat.svg
2022	4305	Korea_HS	Top 10	grand-prize	top	winner	high-school	
2022	4273	LINKS_China	Best New Basic Part	special		winner	high-school	
2022	4273	LINKS_China	Best New Composite Part	special		nominee	high-school	
2022	4273	LINKS_China	Best Part Collection	special		winner	high-school	
2022	4273	LINKS_China	Best Sustainable Development Impact	special		nominee	high-school	
2022	4273	LINKS_China	Best Wiki	special		nominee	high-school	
2022	4273	LINKS_China	Gold	medal	gold	winner		https://static.igem.org/websites/common/2023/icons/medal-flat.svg
2022	4156	LZU-CHINA	Best New Basic Part	special		nominee	overgrad	
2022	4156	LZU-CHINA	Best New Composite Part	special		winner	overgrad	
2022	4156	LZU-CHINA	Best Therapeutics Project	village		nominee	overgrad	https://static.igem.org/websites/common/2022/icons/village/therapeutics.svg
2022	4156	LZU-CHINA	Gold	medal	gold	winner		https://static.igem.org/websites/common/2023/icons/medal-flat.svg
2022	4156	LZU-CHINA	Inclusivity Award	special		nominee	overgrad	
2022	4330	LZU-HS-China-A						
2022	4331	LZU-HS-China-B						
2022	4332	LZU-HS-China-C	Gold	medal	gold	winner		https://static.igem.org/websites/common/2023/icons/medal-flat.svg
2022	4512	LZU-HS-China-E	Bronze	medal	bronze	winner		https://static.igem.org/websites/common/2023/icons/medal-bronze-flat.svg
2022	4300	LZU-HS-Pro-A	Silver	medal	silver	winner		https://static.igem.org/websites/common/2023/icons/medal-silver-flat.svg
2022	4301	LZU-HS-Pro-B	Silver	medal	silver	winner		https://static.igem.org/websites/common/2023/icons/medal-silver-flat.svg
2022	4245	Lambert_GA	Best Hardware	special		nominee	high-school	
2022	4245	Lambert_GA	Best Integrated Human Practices	special		nominee	high-school	
2022	4245	Lambert_GA	Best Model	special		nominee	high-school	
2022	4245	Lambert_GA	Best Presentation	special		winner	high-school	
2022	4245	Lambert_GA	Best Wiki	special		winner	high-school	
2022	4245	Lambert_GA	Finalist	finalist		nominee	high-school	
2022	4245	Lambert_GA	Gold	medal	gold	winner		https://static.igem.org/websites/common/2023/icons/medal-flat.svg
2022	4245	Lambert_GA	Grand Prize Winner	grand-prize	winner	winner	high-school	
2022	4245	Lambert_GA	Inclusivity Award	special		nominee	high-school	
2022	4245	Lambert_GA	Top 10	grand-prize	top	winner	high-school	
2022	4398	Latvia-Riga	Bronze	medal	bronze	winner		https://static.igem.org/websites/common/2023/icons/medal-bronze-flat.svg
2022	4259	Leiden	Best Measurement	special		nominee	overgrad	
2022	4259	Leiden	Best Model	special		nominee	overgrad	
2022	4259	Leiden	Best Presentation	special		nominee	overgrad	
2022	4259	Leiden	Best Supporting Entrepreneurship	special		winner	overgrad	
2022	4259	Leiden	Best Wiki	special		winner	overgrad	
2022	4259	Leiden	Gold	medal	gold	winner		https://static.igem.org/websites/common/2023/icons/medal-flat.svg
2022	4259	Leiden	Safety and Security Award	special		winner	overgrad	
2022	4259	Leiden	Top 10	grand-prize	top	winner	overgrad	
2022	4139	Lethbridge	Bronze	medal	bronze	winner		https://static.igem.org/websites/common/2023/icons/medal-bronze-flat.svg
2022	4351	Lethbridge_HS	Gold	medal	gold	winner		https://static.igem.org/websites/common/2023/icons/medal-flat.svg
2022	4433	Linkoping_Sweden	Best Diagnostics Project	village		nominee	overgrad	https://static.igem.org/websites/common/2022/icons/village/diagnostics.svg
2022	4433	Linkoping_Sweden	Gold	medal	gold	winner		https://static.igem.org/websites/common/2023/icons/medal-flat.svg
2022	4373	Lund	Gold	medal	gold	winner		https://static.igem.org/websites/common/2023/icons/medal-flat.svg
2022	4373	Lund	Safety and Security Award	special		nominee	overgrad	
2022	4320	MIT	Silver	medal	silver	winner		https://static.igem.org/websites/common/2023/icons/medal-silver-flat.svg
2022	4200	MIT_MAHE	Best Education	special		nominee	overgrad	
2022	4200	MIT_MAHE	Best Food & Nutrition Project	village		nominee	underover	https://static.igem.org/websites/common/2022/icons/village/nutrition.svg
2022	4200	MIT_MAHE	Best Presentation	special		nominee	overgrad	
2022	4200	MIT_MAHE	Best Software Tool	special		nominee	overgrad	
2022	4200	MIT_MAHE	Best Wiki	special		nominee	overgrad	
2022	4200	MIT_MAHE	Gold	medal	gold	winner		https://static.igem.org/websites/common/2023/icons/medal-flat.svg
2022	4185	MSP-Maastricht	Silver	medal	silver	winner		https://static.igem.org/websites/common/2023/icons/medal-silver-flat.svg
2022	4517	Makerere_Uganda						
2022	4123	Manchester	Gold	medal	gold	winner		https://static.igem.org/websites/common/2023/icons/medal-flat.svg
2022	4348	McGill	Best Presentation	special		nominee	undergrad	
2022	4348	McGill	Best Wiki	special		nominee	undergrad	
2022	4348	McGill	Gold	medal	gold	winner		https://static.igem.org/websites/common/2023/icons/medal-flat.svg
2022	4348	McGill	Top 10	grand-prize	top	winner	undergrad	
2022	4415	McMaster_A	Silver	medal	silver	winner		https://static.igem.org/websites/common/2023/icons/medal-silver-flat.svg
2022	4442	McMaster_Canada	Bronze	medal	bronze	winner		https://static.igem.org/websites/common/2023/icons/medal-bronze-flat.svg
2022	4514	MiamiU	Silver	medal	silver	winner		https://static.igem.org/websites/common/2023/icons/medal-silver-flat.svg
2022	4143	Michigan	Gold	medal	gold	winner		https://static.igem.org/websites/common/2023/icons/medal-flat.svg
2022	4135	MichiganState	Bronze	medal	bronze	winner		https://static.igem.org/websites/common/2023/icons/medal-bronze-flat.svg
2022	4150	Mingdao	Best Education	special		nominee	high-school	
2022	4150	Mingdao	Best New Basic Part	special		nominee	high-school	
2022	4150	Mingdao	Best New Composite Part	special		winner	high-school	
2022	4150	Mingdao	Best Part Collection	special		nominee	high-school	
2022	4150	Mingdao	Best Wiki	special		nominee	high-school	
2022	4150	Mingdao	Gold	medal	gold	winner		https://static.igem.org/websites/common/2023/icons/medal-flat.svg
2022	4150	Mingdao	Inclusivity Award	special		nominee	high-school	
2022	4150	Mingdao	Safety and Security Award	special		winner	high-school	
2022	4262	Missouri_Miners						
2022	4473	Montpellier	Best Food & Nutrition Project	village		nominee	underover	https://static.igem.org/websites/common/2022/icons/village/nutrition.svg
2022	4473	Montpellier	Best Integrated Human Practices	special		nominee	overgrad	
2022	4473	Montpellier	Best Presentation	special		nominee	overgrad	
2022	4473	Montpellier	Best Supporting Entrepreneurship	special		nominee	overgrad	
2022	4473	Montpellier	Best Wiki	special		nominee	overgrad	
2022	4473	Montpellier	Finalist	finalist		nominee	overgrad	
2022	4473	Montpellier	First Runner Up	grand-prize	first-runner-up	winner	overgrad	
2022	4473	Montpellier	Gold	medal	gold	winner		https://static.igem.org/websites/common/2023/icons/medal-flat.svg
2022	4473	Montpellier	Top 10	grand-prize	top	winner	overgrad	
2022	4497	Munich	Best Model	special		nominee	undergrad	
2022	4497	Munich	Best Presentation	special		nominee	undergrad	
2022	4497	Munich	Best Software Tool	special		winner	undergrad	
2022	4497	Munich	Best Therapeutics Project	village		nominee	undergrad	https://static.igem.org/websites/common/2022/icons/village/therapeutics.svg
2022	4497	Munich	Best Wiki	special		nominee	undergrad	
2022	4497	Munich	Gold	medal	gold	winner		https://static.igem.org/websites/common/2023/icons/medal-flat.svg
2022	4497	Munich	Top 10	grand-prize	top	winner	undergrad	
2022	4164	NAU-CHINA	Gold	medal	gold	winner		https://static.igem.org/websites/common/2023/icons/medal-flat.svg
2022	4358	NCHU_Taichung	Silver	medal	silver	winner		https://static.igem.org/websites/common/2023/icons/medal-silver-flat.svg
2022	4171	NCKU_Tainan	Gold	medal	gold	winner		https://static.igem.org/websites/common/2023/icons/medal-flat.svg
2022	4446	NCSU						
2022	4258	NDSU	Gold	medal	gold	winner		https://static.igem.org/websites/common/2023/icons/medal-flat.svg
2022	4121	NEFU_China	Gold	medal	gold	winner		https://static.igem.org/websites/common/2023/icons/medal-flat.svg
2022	4220	NEU_CHINA	Bronze	medal	bronze	winner		https://static.igem.org/websites/common/2023/icons/medal-bronze-flat.svg
2022	4376	NFLS_Nanjing						
2022	4205	NJMU-China	Gold	medal	gold	winner		https://static.igem.org/websites/common/2023/icons/medal-flat.svg
2022	4119	NJTech_China	Bronze	medal	bronze	winner		https://static.igem.org/websites/common/2023/icons/medal-bronze-flat.svg
2022	4173	NJU-China	Silver	medal	silver	winner		https://static.igem.org/websites/common/2023/icons/medal-silver-flat.svg
2022	4297	NJXDF-CHN						
2022	4421	NMU_China	Best Model	special		nominee	undergrad	
2022	4421	NMU_China	Gold	medal	gold	winner		https://static.igem.org/websites/common/2023/icons/medal-flat.svg
2022	4343	NNU-China	Gold	medal	gold	winner		https://static.igem.org/websites/common/2023/icons/medal-flat.svg
2022	4309	NPU-CHINA	Silver	medal	silver	winner		https://static.igem.org/websites/common/2023/icons/medal-silver-flat.svg
2022	4336	NTHU_Taiwan	Gold	medal	gold	winner		https://static.igem.org/websites/common/2023/icons/medal-flat.svg
2022	4414	NUDT_CHINA	Gold	medal	gold	winner		https://static.igem.org/websites/common/2023/icons/medal-flat.svg
2022	4389	NU_Kazakhstan	Gold	medal	gold	winner		https://static.igem.org/websites/common/2023/icons/medal-flat.svg
2022	4389	NU_Kazakhstan	Inclusivity Award	special		nominee	undergrad	
2022	4199	NWU-CHINA-A	Silver	medal	silver	winner		https://static.igem.org/websites/common/2023/icons/medal-silver-flat.svg
2022	4461	NYCU-Taipei	Gold	medal	gold	winner		https://static.igem.org/websites/common/2023/icons/medal-flat.svg
2022	4377	NYCU_Formosa	Best Biomanufacturing Project	village		nominee	undergrad	https://static.igem.org/websites/common/2022/icons/village/biomanufacturing.svg
2022	4377	NYCU_Formosa	Gold	medal	gold	winner		https://static.igem.org/websites/common/2023/icons/medal-flat.svg
2022	4482	NYC_Empire_State	Best Presentation	special		nominee	high-school	
2022	4482	NYC_Empire_State	Best Wiki	special		nominee	high-school	
2022	4482	NYC_Empire_State	Gold	medal	gold	winner		https://static.igem.org/websites/common/2023/icons/medal-flat.svg
2022	4482	NYC_Empire_State	Top 10	grand-prize	top	winner	high-school	
2022	4397	NYU_Abu_Dhabi	Gold	medal	gold	winner		https://static.igem.org/websites/common/2023/icons/medal-flat.svg
2022	4478	NYU_New_York						
2022	4134	Nanjing-China	Best Climate Crisis Project	village		nominee	underover	https://static.igem.org/websites/common/2022/icons/village/climate-crisis.svg
2022	4134	Nanjing-China	Best New Composite Part	special		nominee	undergrad	
2022	4134	Nanjing-China	Best Sustainable Development Impact	special		nominee	undergrad	
2022	4134	Nanjing-China	Gold	medal	gold	winner		https://static.igem.org/websites/common/2023/icons/medal-flat.svg
2022	4134	Nanjing-China	Safety and Security Award	special		nominee	undergrad	
2022	4289	Nanjing_HS	Bronze	medal	bronze	winner		https://static.igem.org/websites/common/2023/icons/medal-bronze-flat.svg
2022	4125	Nanjing_NFLS	Best Presentation	special		nominee	high-school	
2022	4125	Nanjing_NFLS	Best Wiki	special		nominee	high-school	
2022	4125	Nanjing_NFLS	Gold	medal	gold	winner		https://static.igem.org/websites/common/2023/icons/medal-flat.svg
2022	4125	Nanjing_NFLS	Top 10	grand-prize	top	winner	high-school	
2022	4374	Navarra_BG	Silver	medal	silver	winner		https://static.igem.org/websites/common/2023/icons/medal-silver-flat.svg
2022	4193	OUC-China	Bronze	medal	bronze	winner		https://static.igem.org/websites/common/2023/icons/medal-bronze-flat.svg
2022	4341	OhioState	Gold	medal	gold	winner		https://static.igem.org/websites/common/2023/icons/medal-flat.svg
2022	4284	PINGHE						
2022	4318	PUMC_CHINA	Bronze	medal	bronze	winner		https://static.igem.org/websites/common/2023/icons/medal-bronze-flat.svg
2022	4216	Paris_Bettencourt	Best Foundational Advance Project	village		nominee	overgrad	https://static.igem.org/websites/common/2022/icons/village/foundational-advance.svg
2022	4216	Paris_Bettencourt	Gold	medal	gold	winner		https://static.igem.org/websites/common/2023/icons/medal-flat.svg
2022	4287	Patras	Bronze	medal	bronze	winner		https://static.igem.org/websites/common/2023/icons/medal-bronze-flat.svg
2022	4287	Patras	iGEMers Prize Remote	special		winner	all	
2022	4118	Patras_Medicine	Best Diagnostics Project	village		winner	undergrad	https://static.igem.org/websites/common/2022/icons/village/diagnostics.svg
2022	4118	Patras_Medicine	Best Wiki	special		winner	undergrad	
2022	4118	Patras_Medicine	Gold	medal	gold	winner		https://static.igem.org/websites/common/2023/icons/medal-flat.svg
2022	4505	Patras_Uni_Hellas						
2022	4298	Peking	Gold	medal	gold	winner		https://static.igem.org/websites/common/2023/icons/medal-flat.svg
2022	4457	Portland						
2022	4340	PuiChing_Macau	Best Hardware	special		winner	high-school	
2022	4340	PuiChing_Macau	Best Presentation	special		nominee	high-school	
2022	4340	PuiChing_Macau	Best Sustainable Development Impact	special		winner	high-school	
2022	4340	PuiChing_Macau	Finalist	finalist		nominee	high-school	
2022	4340	PuiChing_Macau	First Runner Up	grand-prize	first-runner-up	winner	high-school	
2022	4340	PuiChing_Macau	Gold	medal	gold	winner		https://static.igem.org/websites/common/2023/icons/medal-flat.svg
2022	4340	PuiChing_Macau	Top 10	grand-prize	top	winner	high-school	
2022	4206	Qdai	Silver	medal	silver	winner		https://static.igem.org/websites/common/2023/icons/medal-silver-flat.svg
2022	4347	Queens_Canada	Gold	medal	gold	winner		https://static.igem.org/websites/common/2023/icons/medal-flat.svg
2022	4513	RBHS_SanDiego_CA	Bronze	medal	bronze	winner		https://static.igem.org/websites/common/2023/icons/medal-bronze-flat.svg
2022	4405	RDFZ-CHINA	Gold	medal	gold	winner		https://static.igem.org/websites/common/2023/icons/medal-flat.svg
2022	4405	RDFZ-CHINA	Safety and Security Award	special		nominee	high-school	
2022	4509	REC-CHENNAI	Best Environment Project	village		winner	undergrad	https://static.igem.org/websites/common/2022/icons/village/environment.svg
2022	4509	REC-CHENNAI	Gold	medal	gold	winner		https://static.igem.org/websites/common/2023/icons/medal-flat.svg
2022	4401	RS_Joint_China						
2022	4402	RS_United_China	Bronze	medal	bronze	winner		https://static.igem.org/websites/common/2023/icons/medal-bronze-flat.svg
2022	4293	RUBochum						
2022	4460	RUM-UPRM	Best Education	special		nominee	undergrad	
2022	4460	RUM-UPRM	Gold	medal	gold	winner		https://static.igem.org/websites/common/2023/icons/medal-flat.svg
2022	4130	Rochester	Best Hardware	special		nominee	undergrad	
2022	4130	Rochester	Best Measurement	special		nominee	undergrad	
2022	4130	Rochester	Best New Composite Part	special		nominee	undergrad	
2022	4130	Rochester	Gold	medal	gold	winner		https://static.igem.org/websites/common/2023/icons/medal-flat.svg
2022	4383	SCU-China	Bronze	medal	bronze	winner		https://static.igem.org/websites/common/2023/icons/medal-bronze-flat.svg
2022	4263	SCUT-China	Silver	medal	silver	winner		https://static.igem.org/websites/common/2023/icons/medal-silver-flat.svg
2022	4411	SHBS-BANZ						
2022	4255	SHSBNU_China	Best Presentation	special		nominee	high-school	
2022	4255	SHSBNU_China	Best Wiki	special		nominee	high-school	
2022	4255	SHSBNU_China	Gold	medal	gold	winner		https://static.igem.org/websites/common/2023/icons/medal-flat.svg
2022	4255	SHSBNU_China	Top 10	grand-prize	top	winner	high-school	
2022	4280	SHSID						
2022	4181	SJTU-BioX-Shanghai	Gold	medal	gold	winner		https://static.igem.org/websites/common/2023/icons/medal-flat.svg
2022	4328	SJTU-software	Gold	medal	gold	winner		https://static.igem.org/websites/common/2023/icons/medal-flat.svg
2022	4224	SMS_Shenzhen						
2022	4268	SUNY_Oneonta	Silver	medal	silver	winner		https://static.igem.org/websites/common/2023/icons/medal-silver-flat.svg
2022	4266	SUSTech_EMB	Silver	medal	silver	winner		https://static.igem.org/websites/common/2023/icons/medal-silver-flat.svg
2022	4425	SUSTech_Shenzhen	Bronze	medal	bronze	winner		https://static.igem.org/websites/common/2023/icons/medal-bronze-flat.svg
2022	4470	SUSTech_Shenzhen_HCL						
2022	4230	SYPHU-China						
2022	4395	SYSU-CHINA	Silver	medal	silver	winner		https://static.igem.org/websites/common/2023/icons/medal-silver-flat.svg
2022	4265	SYSU-Software	Gold	medal	gold	winner		https://static.igem.org/websites/common/2023/icons/medal-flat.svg
2022	4283	SZ-SHD	Gold	medal	gold	winner		https://static.igem.org/websites/common/2023/icons/medal-flat.svg
2022	4325	SZPT-CHINA	Best Education	special		nominee	undergrad	
2022	4325	SZPT-CHINA	Gold	medal	gold	winner		https://static.igem.org/websites/common/2023/icons/medal-flat.svg
2022	4286	SZU-China	Best Biomanufacturing Project	village		nominee	undergrad	https://static.igem.org/websites/common/2022/icons/village/biomanufacturing.svg
2022	4286	SZU-China	Best New Basic Part	special		nominee	undergrad	
2022	4286	SZU-China	Gold	medal	gold	winner		https://static.igem.org/websites/common/2023/icons/medal-flat.svg
2022	4317	Seoul_Korea	Best Education	special		nominee	high-school	
2022	4317	Seoul_Korea	Best Integrated Human Practices	special		winner	high-school	
2022	4317	Seoul_Korea	Best Model	special		nominee	high-school	
2022	4317	Seoul_Korea	Best Supporting Entrepreneurship	special		winner	high-school	
2022	4317	Seoul_Korea	Best Sustainable Development Impact	special		nominee	high-school	
2022	4317	Seoul_Korea	Gold	medal	gold	winner		https://static.igem.org/websites/common/2023/icons/medal-flat.svg
2022	4317	Seoul_Korea	Inclusivity Award	special		winner	high-school	
2022	4317	Seoul_Korea	Safety and Security Award	special		nominee	high-school	
2022	4317	Seoul_Korea	Top 10	grand-prize	top	winner	high-school	
2022	4299	Sesame_Shenzhen	Best Supporting Entrepreneurship	special		nominee	high-school	
2022	4299	Sesame_Shenzhen	Gold	medal	gold	winner		https://static.igem.org/websites/common/2023/icons/medal-flat.svg
2022	4115	ShanghaiTech_China	Gold	medal	gold	winner		https://static.igem.org/websites/common/2023/icons/medal-flat.svg
2022	4276	Shanghai_HS	Silver	medal	silver	winner		https://static.igem.org/websites/common/2023/icons/medal-silver-flat.svg
2022	4278	Shanghai_Metropolis	Silver	medal	silver	winner		https://static.igem.org/websites/common/2023/icons/medal-silver-flat.svg
2022	4277	Shanghai_United						
2022	4248	Shanghai_city	Silver	medal	silver	winner		https://static.igem.org/websites/common/2023/icons/medal-silver-flat.svg
2022	4451	Sheffield	Best Hardware	special		nominee	overgrad	
2022	4451	Sheffield	Gold	medal	gold	winner		https://static.igem.org/websites/common/2023/icons/medal-flat.svg
2022	4521	Shym_BIL_NIS	Best Education	special		nominee	high-school	
2022	4521	Shym_BIL_NIS	Bronze	medal	bronze	winner		https://static.igem.org/websites/common/2023/icons/medal-bronze-flat.svg
2022	4267	Sogang_Korea	Best Hardware	special		nominee	undergrad	
2022	4267	Sogang_Korea	Best Presentation	special		nominee	undergrad	
2022	4267	Sogang_Korea	Best Software Tool	special		nominee	undergrad	
2022	4267	Sogang_Korea	Gold	medal	gold	winner		https://static.igem.org/websites/common/2023/icons/medal-flat.svg
2022	4316	Sorbonne_U_Paris	Best Education	special		nominee	overgrad	
2022	4316	Sorbonne_U_Paris	Best Plant Synthetic Biology	special		winner	underover	
2022	4316	Sorbonne_U_Paris	Best Presentation	special		nominee	overgrad	
2022	4316	Sorbonne_U_Paris	Gold	medal	gold	winner		https://static.igem.org/websites/common/2023/icons/medal-flat.svg
2022	4466	Stanford	Silver	medal	silver	winner		https://static.igem.org/websites/common/2023/icons/medal-silver-flat.svg
2022	4214	Stockholm	Inclusivity Award	special		nominee	overgrad	
2022	4214	Stockholm	Silver	medal	silver	winner		https://static.igem.org/websites/common/2023/icons/medal-silver-flat.svg
2022	4235	Stony_Brook	Gold	medal	gold	winner		https://static.igem.org/websites/common/2023/icons/medal-flat.svg
2022	4124	SuZhou_Union						
2022	4279	SubCat_China	Best Presentation	special		nominee	high-school	
2022	4279	SubCat_China	Gold	medal	gold	winner		https://static.igem.org/websites/common/2023/icons/medal-flat.svg
2022	4251	SubCat_Shanghai	Silver	medal	silver	winner		https://static.igem.org/websites/common/2023/icons/medal-silver-flat.svg
2022	4488	Sydney_Australia	Gold	medal	gold	winner		https://static.igem.org/websites/common/2023/icons/medal-flat.svg
2022	4484	TAMU	Bronze	medal	bronze	winner		https://static.igem.org/websites/common/2023/icons/medal-bronze-flat.svg
2022	4219	TAU_Israel	Best Model	special		winner	overgrad	
2022	4219	TAU_Israel	Best Software Tool	special		nominee	overgrad	
2022	4219	TAU_Israel	Gold	medal	gold	winner		https://static.igem.org/websites/common/2023/icons/medal-flat.svg
2022	4153	THINKER_CHINA	Best Hardware	special		nominee	high-school	
2022	4153	THINKER_CHINA	Silver	medal	silver	winner		https://static.igem.org/websites/common/2023/icons/medal-silver-flat.svg
2022	4152	TJUSLS_China	Gold	medal	gold	winner		https://static.igem.org/websites/common/2023/icons/medal-flat.svg
2022	4520	TKS_International						
2022	4160	TU-Eindhoven	Best Integrated Human Practices	special		winner	undergrad	
2022	4160	TU-Eindhoven	Best Model	special		winner	undergrad	
2022	4160	TU-Eindhoven	Best Presentation	special		winner	undergrad	
2022	4160	TU-Eindhoven	Best Supporting Entrepreneurship	special		winner	undergrad	
2022	4160	TU-Eindhoven	Best Therapeutics Project	village		winner	undergrad	https://static.igem.org/websites/common/2022/icons/village/therapeutics.svg
2022	4160	TU-Eindhoven	Best Wiki	special		nominee	undergrad	
2022	4160	TU-Eindhoven	Finalist	finalist		nominee	undergrad	
2022	4160	TU-Eindhoven	Gold	medal	gold	winner		https://static.igem.org/websites/common/2023/icons/medal-flat.svg
2022	4160	TU-Eindhoven	Grand Prize Winner	grand-prize	winner	winner	undergrad	
2022	4160	TU-Eindhoven	Top 10	grand-prize	top	winner	undergrad	
2022	4361	TUDelft	Best Diagnostics Project	village		nominee	overgrad	https://static.igem.org/websites/common/2022/icons/village/diagnostics.svg
2022	4361	TUDelft	Best Hardware	special		nominee	overgrad	
2022	4361	TUDelft	Best Supporting Entrepreneurship	special		nominee	overgrad	
2022	4361	TUDelft	Best Sustainable Development Impact	special		nominee	overgrad	
2022	4361	TUDelft	Gold	medal	gold	winner		https://static.igem.org/websites/common/2023/icons/medal-flat.svg
2022	4361	TUDelft	Safety and Security Award	special		nominee	overgrad	
2022	4184	TU_Braunschweig	Silver	medal	silver	winner		https://static.igem.org/websites/common/2023/icons/medal-silver-flat.svg
2022	4365	TU_Dresden	Best New Composite Part	special		nominee	overgrad	
2022	4365	TU_Dresden	Best Part Collection	special		nominee	overgrad	
2022	4365	TU_Dresden	Best Therapeutics Project	village		nominee	overgrad	https://static.igem.org/websites/common/2022/icons/village/therapeutics.svg
2022	4365	TU_Dresden	Gold	medal	gold	winner		https://static.igem.org/websites/common/2023/icons/medal-flat.svg
2022	4147	Tec-Chihuahua	Gold	medal	gold	winner		https://static.igem.org/websites/common/2023/icons/medal-flat.svg
2022	4147	Tec-Chihuahua	Inclusivity Award	special		nominee	undergrad	
2022	4506	Tec-Monterrey	Gold	medal	gold	winner		https://static.igem.org/websites/common/2023/icons/medal-flat.svg
2022	4464	TecCCM	Gold	medal	gold	winner		https://static.igem.org/websites/common/2023/icons/medal-flat.svg
2022	4260	TecCEM	Gold	medal	gold	winner		https://static.igem.org/websites/common/2023/icons/medal-flat.svg
2022	4447	TecMonterrey_GDL	Bronze	medal	bronze	winner		https://static.igem.org/websites/common/2023/icons/medal-bronze-flat.svg
2022	4179	Technion-Israel	Best Biomanufacturing Project	village		winner	overgrad	https://static.igem.org/websites/common/2022/icons/village/biomanufacturing.svg
2022	4179	Technion-Israel	Best Education	special		nominee	overgrad	
2022	4179	Technion-Israel	Best Integrated Human Practices	special		nominee	overgrad	
2022	4179	Technion-Israel	Best Measurement	special		winner	overgrad	
2022	4179	Technion-Israel	Best New Composite Part	special		nominee	overgrad	
2022	4179	Technion-Israel	Best Presentation	special		nominee	overgrad	
2022	4179	Technion-Israel	Best Wiki	special		nominee	overgrad	
2022	4179	Technion-Israel	Gold	medal	gold	winner		https://static.igem.org/websites/common/2023/icons/medal-flat.svg
2022	4179	Technion-Israel	Inclusivity Award	special		nominee	overgrad	
2022	4179	Technion-Israel	Top 10	grand-prize	top	winner	overgrad	
2022	4314	Thailand_RIS	Best Presentation	special		nominee	high-school	
2022	4314	Thailand_RIS	Silver	medal	silver	winner		https://static.igem.org/websites/common/2023/icons/medal-silver-flat.svg
2022	4314	Thailand_RIS	Top 10	grand-prize	top	winner	high-school	
2022	4324	TheKingsSchool_AU_HS	Gold	medal	gold	winner		https://static.igem.org/websites/common/2023/icons/medal-flat.svg
2022	4141	Thessaloniki	Best Supporting Entrepreneurship	special		nominee	undergrad	
2022	4141	Thessaloniki	Silver	medal	silver	winner		https://static.igem.org/websites/common/2023/icons/medal-silver-flat.svg
2022	4170	Thessaloniki_Meta	Best Diagnostics Project	village		winner	overgrad	https://static.igem.org/websites/common/2022/icons/village/diagnostics.svg
2022	4170	Thessaloniki_Meta	Best Measurement	special		nominee	overgrad	
2022	4170	Thessaloniki_Meta	Best Model	special		nominee	overgrad	
2022	4170	Thessaloniki_Meta	Best New Basic Part	special		nominee	overgrad	
2022	4170	Thessaloniki_Meta	Best New Composite Part	special		nominee	overgrad	
2022	4170	Thessaloniki_Meta	Best Part Collection	special		nominee	overgrad	
2022	4170	Thessaloniki_Meta	Best Supporting Entrepreneurship	special		nominee	overgrad	
2022	4170	Thessaloniki_Meta	Gold	medal	gold	winner		https://static.igem.org/websites/common/2023/icons/medal-flat.svg
2022	4170	Thessaloniki_Meta	Top 10	grand-prize	top	winner	overgrad	
2022	4213	Thessaly	Best Environment Project	village		winner	overgrad	https://static.igem.org/websites/common/2022/icons/village/environment.svg
2022	4213	Thessaly	Best Integrated Human Practices	special		nominee	overgrad	
2022	4213	Thessaly	Best Presentation	special		nominee	overgrad	
2022	4213	Thessaly	Best Wiki	special		nominee	overgrad	
2022	4213	Thessaly	Gold	medal	gold	winner		https://static.igem.org/websites/common/2023/icons/medal-flat.svg
2022	4213	Thessaly	Top 10	grand-prize	top	winner	overgrad	
2022	4502	Thinker-Shenzhen	Bronze	medal	bronze	winner		https://static.igem.org/websites/common/2023/icons/medal-bronze-flat.svg
2022	4362	Tianjin	Bronze	medal	bronze	winner		https://static.igem.org/websites/common/2023/icons/medal-bronze-flat.svg
2022	4419	TokyoTech	Silver	medal	silver	winner		https://static.igem.org/websites/common/2023/icons/medal-silver-flat.svg
2022	4228	Tongji_China	Gold	medal	gold	winner		https://static.igem.org/websites/common/2023/icons/medal-flat.svg
2022	4272	Tongji_Software	Bronze	medal	bronze	winner		https://static.igem.org/websites/common/2023/icons/medal-bronze-flat.svg
2022	4479	Toronto	Best Conservation Project	village		nominee	underover	https://static.igem.org/websites/common/2022/icons/village/conservation.svg
2022	4479	Toronto	Gold	medal	gold	winner		https://static.igem.org/websites/common/2023/icons/medal-flat.svg
2022	4197	Toulouse_INSA-UPS	Best Diagnostics Project	village		nominee	undergrad	https://static.igem.org/websites/common/2022/icons/village/diagnostics.svg
2022	4197	Toulouse_INSA-UPS	Best Education	special		nominee	undergrad	
2022	4197	Toulouse_INSA-UPS	Best Supporting Entrepreneurship	special		nominee	undergrad	
2022	4197	Toulouse_INSA-UPS	Gold	medal	gold	winner		https://static.igem.org/websites/common/2023/icons/medal-flat.svg
2022	4307	Tsinghua	Best Software Tool	special		nominee	undergrad	
2022	4307	Tsinghua	Silver	medal	silver	winner		https://static.igem.org/websites/common/2023/icons/medal-silver-flat.svg
2022	4208	Tuebingen	Best Environment Project	village		nominee	overgrad	https://static.igem.org/websites/common/2022/icons/village/environment.svg
2022	4208	Tuebingen	Silver	medal	silver	winner		https://static.igem.org/websites/common/2023/icons/medal-silver-flat.svg
2022	4422	UAM	Gold	medal	gold	winner		https://static.igem.org/websites/common/2023/icons/medal-flat.svg
2022	4443	UAlberta-Canada						
2022	4350	UBC-Okanagan	Best Wiki	special		nominee	undergrad	
2022	4350	UBC-Okanagan	Gold	medal	gold	winner		https://static.igem.org/websites/common/2023/icons/medal-flat.svg
2022	4296	UBC_Vancouver	Gold	medal	gold	winner		https://static.igem.org/websites/common/2023/icons/medal-flat.svg
2022	4256	UCAS-China	Bronze	medal	bronze	winner		https://static.igem.org/websites/common/2023/icons/medal-bronze-flat.svg
2022	4394	UCBerkeley						
2022	4417	UCL	Best Climate Crisis Project	village		nominee	underover	https://static.igem.org/websites/common/2022/icons/village/climate-crisis.svg
2022	4417	UCL	Best Presentation	special		nominee	undergrad	
2022	4417	UCL	Gold	medal	gold	winner		https://static.igem.org/websites/common/2023/icons/medal-flat.svg
2022	4190	UCSC	Best Therapeutics Project	village		nominee	undergrad	https://static.igem.org/websites/common/2022/icons/village/therapeutics.svg
2022	4190	UCSC	Gold	medal	gold	winner		https://static.igem.org/websites/common/2023/icons/medal-flat.svg
2022	4269	UChicago						
2022	4465	UConn						
2022	4247	UCopenhagen	Best Conservation Project	village		winner	underover	https://static.igem.org/websites/common/2022/icons/village/conservation.svg
2022	4247	UCopenhagen	Best Education	special		winner	overgrad	
2022	4247	UCopenhagen	Best Integrated Human Practices	special		winner	overgrad	
2022	4247	UCopenhagen	Best Model	special		nominee	overgrad	
2022	4247	UCopenhagen	Best New Basic Part	special		nominee	overgrad	
2022	4247	UCopenhagen	Best New Composite Part	special		nominee	overgrad	
2022	4247	UCopenhagen	Best Part Collection	special		winner	overgrad	
2022	4247	UCopenhagen	Best Presentation	special		winner	overgrad	
2022	4247	UCopenhagen	Best Sustainable Development Impact	special		winner	overgrad	
2022	4247	UCopenhagen	Best Wiki	special		nominee	overgrad	
2022	4247	UCopenhagen	Finalist	finalist		nominee	overgrad	
2022	4247	UCopenhagen	Gold	medal	gold	winner		https://static.igem.org/websites/common/2023/icons/medal-flat.svg
2022	4247	UCopenhagen	Grand Prize Winner	grand-prize	winner	winner	overgrad	
2022	4247	UCopenhagen	Inclusivity Award	special		winner	overgrad	
2022	4247	UCopenhagen	Top 10	grand-prize	top	winner	overgrad	
2022	4335	UESTC-BioTech	Best Plant Synthetic Biology	special		nominee	underover	
2022	4335	UESTC-BioTech	Gold	medal	gold	winner		https://static.igem.org/websites/common/2023/icons/medal-flat.svg
2022	4349	UFMG_UFV_Brazil	Best Hardware	special		winner	overgrad	
2022	4349	UFMG_UFV_Brazil	Best Sustainable Development Impact	special		nominee	overgrad	
2022	4349	UFMG_UFV_Brazil	Best Therapeutics Project	village		nominee	overgrad	https://static.igem.org/websites/common/2022/icons/village/therapeutics.svg
2022	4349	UFMG_UFV_Brazil	Gold	medal	gold	winner		https://static.igem.org/websites/common/2023/icons/medal-flat.svg
2022	4349	UFMG_UFV_Brazil	Inclusivity Award	special		nominee	overgrad	
2022	4412	UFlorida						
2022	4337	UGA_Grenoble						
2022	4436	UIUC_Illinois	Bronze	medal	bronze	winner		https://static.igem.org/websites/common/2023/icons/medal-bronze-flat.svg
2022	4310	UIncheon						
2022	4346	ULaval	Gold	medal	gold	winner		https://static.igem.org/websites/common/2023/icons/medal-flat.svg
2022	4368	UMA_MALAGA	Bronze	medal	bronze	winner		https://static.igem.org/websites/common/2023/icons/medal-bronze-flat.svg
2022	4357	UM_Macau	Gold	medal	gold	winner		https://static.igem.org/websites/common/2023/icons/medal-flat.svg
2022	4323	UManitoba	Silver	medal	silver	winner		https://static.igem.org/websites/common/2023/icons/medal-silver-flat.svg
2022	4483	UMaryland	Bronze	medal	bronze	winner		https://static.igem.org/websites/common/2023/icons/medal-bronze-flat.svg
2022	4209	UNILausanne	Best Environment Project	village		nominee	overgrad	https://static.igem.org/websites/common/2022/icons/village/environment.svg
2022	4209	UNILausanne	Best New Basic Part	special		nominee	overgrad	
2022	4209	UNILausanne	Best Wiki	special		nominee	overgrad	
2022	4209	UNILausanne	Gold	medal	gold	winner		https://static.igem.org/websites/common/2023/icons/medal-flat.svg
2022	4209	UNILausanne	Top 10	grand-prize	top	winner	overgrad	
2022	4467	UNSW_Australia	Silver	medal	silver	winner		https://static.igem.org/websites/common/2023/icons/medal-silver-flat.svg
2022	4215	UOregon	Bronze	medal	bronze	winner		https://static.igem.org/websites/common/2023/icons/medal-bronze-flat.svg
2022	4453	UPNAvarra_Spain	Bronze	medal	bronze	winner		https://static.igem.org/websites/common/2023/icons/medal-bronze-flat.svg
2022	4444	UPenn	Gold	medal	gold	winner		https://static.igem.org/websites/common/2023/icons/medal-flat.svg
2022	4132	USAFA	Silver	medal	silver	winner		https://static.igem.org/websites/common/2023/icons/medal-silver-flat.svg
2022	4381	USC_Dornsife						
2022	4496	USP-EEL-Brazil	Bronze	medal	bronze	winner		https://static.igem.org/websites/common/2023/icons/medal-bronze-flat.svg
2022	4231	USTC	Silver	medal	silver	winner		https://static.igem.org/websites/common/2023/icons/medal-silver-flat.svg
2022	4240	USTC-Software	Silver	medal	silver	winner		https://static.igem.org/websites/common/2023/icons/medal-silver-flat.svg
2022	4238	UTokyo	Best Foundational Advance Project	village		nominee	undergrad	https://static.igem.org/websites/common/2022/icons/village/foundational-advance.svg
2022	4238	UTokyo	Best Model	special		nominee	undergrad	
2022	4238	UTokyo	Gold	medal	gold	winner		https://static.igem.org/websites/common/2023/icons/medal-flat.svg
2022	4387	UZurich	Best Integrated Human Practices	special		nominee	overgrad	
2022	4387	UZurich	Best Model	special		nominee	overgrad	
2022	4387	UZurich	Best New Basic Part	special		winner	overgrad	
2022	4387	UZurich	Best Part Collection	special		nominee	overgrad	
2022	4387	UZurich	Best Therapeutics Project	village		winner	overgrad	https://static.igem.org/websites/common/2022/icons/village/therapeutics.svg
2022	4387	UZurich	Best Wiki	special		nominee	overgrad	
2022	4387	UZurich	Gold	medal	gold	winner		https://static.igem.org/websites/common/2023/icons/medal-flat.svg
2022	4387	UZurich	Top 10	grand-prize	top	winner	overgrad	
2022	4450	UiOslo_Norway	Silver	medal	silver	winner		https://static.igem.org/websites/common/2023/icons/medal-silver-flat.svg
2022	4472	Uni-Hamburg	Silver	medal	silver	winner		https://static.igem.org/websites/common/2023/icons/medal-silver-flat.svg
2022	4435	Unicamp_Brazil	Gold	medal	gold	winner		https://static.igem.org/websites/common/2023/icons/medal-flat.svg
2022	4418	UniofBath	Best Sustainable Development Impact	special		nominee	overgrad	
2022	4418	UniofBath	Gold	medal	gold	winner		https://static.igem.org/websites/common/2023/icons/medal-flat.svg
2022	4378	Uppsala	Gold	medal	gold	winner		https://static.igem.org/websites/common/2023/icons/medal-flat.svg
2022	4372	VIT_Vellore	Silver	medal	silver	winner		https://static.igem.org/websites/common/2023/icons/medal-silver-flat.svg
2022	4380	Vilnius-Lithuania	Best Environment Project	village		nominee	undergrad	https://static.igem.org/websites/common/2022/icons/village/environment.svg
2022	4380	Vilnius-Lithuania	Gold	medal	gold	winner		https://static.igem.org/websites/common/2023/icons/medal-flat.svg
2022	4477	Virginia	Best Diagnostics Project	village		nominee	undergrad	https://static.igem.org/websites/common/2022/icons/village/diagnostics.svg
2022	4477	Virginia	Gold	medal	gold	winner		https://static.igem.org/websites/common/2023/icons/medal-flat.svg
2022	4144	WHU-China						
2022	4366	WLC-Milwaukee	Bronze	medal	bronze	winner		https://static.igem.org/websites/common/2023/icons/medal-bronze-flat.svg
2022	4191	WVHS_SanDiego	Silver	medal	silver	winner		https://static.igem.org/websites/common/2023/icons/medal-silver-flat.svg
2022	4188	WWU_Muenster	Best Biomanufacturing Project	village		nominee	overgrad	https://static.igem.org/websites/common/2022/icons/village/biomanufacturing.svg
2022	4188	WWU_Muenster	Best Education	special		nominee	overgrad	
2022	4188	WWU_Muenster	Best Part Collection	special		nominee	overgrad	
2022	4188	WWU_Muenster	Best Presentation	special		nominee	overgrad	
2022	4188	WWU_Muenster	Best Software Tool	special		winner	overgrad	
2022	4188	WWU_Muenster	Best Wiki	special		nominee	overgrad	
2022	4188	WWU_Muenster	Gold	medal	gold	winner		https://static.igem.org/websites/common/2023/icons/medal-flat.svg
2022	4188	WWU_Muenster	Top 10	grand-prize	top	winner	overgrad	
2022	4244	Wageningen_UR	Best Presentation	special		nominee	overgrad	
2022	4244	Wageningen_UR	Gold	medal	gold	winner		https://static.igem.org/websites/common/2023/icons/medal-flat.svg
2022	4210	Warwick	Best Environment Project	village		nominee	overgrad	https://static.igem.org/websites/common/2022/icons/village/environment.svg
2022	4210	Warwick	Gold	medal	gold	winner		https://static.igem.org/websites/common/2023/icons/medal-flat.svg
2022	4158	Waseda_Tokyo	Best Foundational Advance Project	village		nominee	undergrad	https://static.igem.org/websites/common/2022/icons/village/foundational-advance.svg
2022	4158	Waseda_Tokyo	Gold	medal	gold	winner		https://static.igem.org/websites/common/2023/icons/medal-flat.svg
2022	4441	Washington	Bronze	medal	bronze	winner		https://static.igem.org/websites/common/2023/icons/medal-bronze-flat.svg
2022	4393	Waterloo	Gold	medal	gold	winner		https://static.igem.org/websites/common/2023/icons/medal-flat.svg
2022	4271	Wego_Taipei	Best Hardware	special		nominee	high-school	
2022	4271	Wego_Taipei	Best New Basic Part	special		nominee	high-school	
2022	4271	Wego_Taipei	Best New Composite Part	special		nominee	high-school	
2022	4271	Wego_Taipei	Best Part Collection	special		nominee	high-school	
2022	4271	Wego_Taipei	Best Wiki	special		nominee	high-school	
2022	4271	Wego_Taipei	Gold	medal	gold	winner		https://static.igem.org/websites/common/2023/icons/medal-flat.svg
2022	4271	Wego_Taipei	Safety and Security Award	special		winner	high-school	
2022	4271	Wego_Taipei	Top 10	grand-prize	top	winner	high-school	
2022	4174	William_and_Mary	Best Model	special		nominee	undergrad	
2022	4174	William_and_Mary	Best Presentation	special		nominee	undergrad	
2022	4174	William_and_Mary	Best Software & AI Project	village		winner	undergrad	https://static.igem.org/websites/common/2022/icons/village/software-ai.svg
2022	4174	William_and_Mary	Gold	medal	gold	winner		https://static.igem.org/websites/common/2023/icons/medal-flat.svg
2022	4409	Worldshaper-HZ	Bronze	medal	bronze	winner		https://static.igem.org/websites/common/2023/icons/medal-bronze-flat.svg
2022	4410	Worldshaper-HZBIOX						
2022	4408	Worldshaper-NJBIOX						
2022	4407	Worldshaper-Nanjing	Gold	medal	gold	winner		https://static.igem.org/websites/common/2023/icons/medal-flat.svg
2022	4399	Worldshaper-Shanghai	Gold	medal	gold	winner		https://static.igem.org/websites/common/2023/icons/medal-flat.svg
2022	4217	WrightState	Silver	medal	silver	winner		https://static.igem.org/websites/common/2023/icons/medal-silver-flat.svg
2022	4172	XHD-Wuhan-China	Bronze	medal	bronze	winner		https://static.igem.org/websites/common/2023/icons/medal-bronze-flat.svg
2022	4155	XHD-Wuhan-Pro-China	Bronze	medal	bronze	winner		https://static.igem.org/websites/common/2023/icons/medal-bronze-flat.svg
2022	4463	XJTLU-CHINA	Best Environment Project	village		nominee	undergrad	https://static.igem.org/websites/common/2022/icons/village/environment.svg
2022	4463	XJTLU-CHINA	Gold	medal	gold	winner		https://static.igem.org/websites/common/2023/icons/medal-flat.svg
2022	4182	XJTU-China	Gold	medal	gold	winner		https://static.igem.org/websites/common/2023/icons/medal-flat.svg
2022	4195	XMU-China	Best Measurement	special		nominee	undergrad	
2022	4195	XMU-China	Best Part Collection	special		nominee	undergrad	
2022	4195	XMU-China	Gold	medal	gold	winner		https://static.igem.org/websites/common/2023/icons/medal-flat.svg
2022	4486	Yale	Silver	medal	silver	winner		https://static.igem.org/websites/common/2023/icons/medal-silver-flat.svg
2022	4486	Yale	iGEMers Prize Onsite	special		winner	all	
2022	4218	YiYe-China	Gold	medal	gold	winner		https://static.igem.org/websites/common/2023/icons/medal-flat.svg
2022	4304	YkPaO	Best Wiki	special		nominee	high-school	
2022	4304	YkPaO	Gold	medal	gold	winner		https://static.igem.org/websites/common/2023/icons/medal-flat.svg
2022	4202	ZJU-China	Best Biomanufacturing Project	village		nominee	undergrad	https://static.igem.org/websites/common/2022/icons/village/biomanufacturing.svg
2022	4202	ZJU-China	Best Hardware	special		nominee	undergrad	
2022	4202	ZJU-China	Best Measurement	special		nominee	undergrad	
2022	4202	ZJU-China	Gold	medal	gold	winner		https://static.igem.org/websites/common/2023/icons/medal-flat.svg
2022	4202	ZJU-China	Safety and Security Award	special		nominee	undergrad	
2022	4227	ZJUT-China	Gold	medal	gold	winner		https://static.igem.org/websites/common/2023/icons/medal-flat.svg
2022	4175	ZJUintl-China	Silver	medal	silver	winner		https://static.igem.org/websites/common/2023/icons/medal-silver-flat.svg
2022	4292	Zhejiang_United	Bronze	medal	bronze	winner		https://static.igem.org/websites/common/2023/icons/medal-bronze-flat.svg
2022	4236	iBowu-China	Gold	medal	gold	winner		https://static.igem.org/websites/common/2023/icons/medal-flat.svg
2023	4831	ABOA-Turku	Silver	medal	silver	winner		https://static.igem.org/websites/common/2023/icons/medal-silver-flat.svg
2023	4586	AFCM-Egypt	Best Model	special	general-biology	nominee	undergrad	https://static.igem.org/websites/common/2023/icons/awards/best-model.svg
2023	4586	AFCM-Egypt	Best Sustainable Development Impact	special	specialisation	nominee	undergrad	https://static.igem.org/websites/common/2023/icons/awards/best-sustainable-development-impact.svg
2023	4586	AFCM-Egypt	Gold	medal	gold	winner		https://static.igem.org/websites/common/2023/icons/medal-flat.svg
2023	4778	AFMU-China	Silver	medal	silver	winner		https://static.igem.org/websites/common/2023/icons/medal-silver-flat.svg
2023	4808	AIS-China	Best Entrepreneurship	special	specialisation	nominee	high-school	https://static.igem.org/websites/common/2023/icons/awards/best-entrepreneurship.svg
2023	4808	AIS-China	Best Integrated Human Practices	special	specialisation	nominee	high-school	https://static.igem.org/websites/common/2023/icons/awards/best-integrated-human-practices.svg
2023	4808	AIS-China	Best New Improved Part	special	general-biology	winner	high-school	https://static.igem.org/websites/common/2023/icons/awards/best-new-improved-part.svg
2023	4808	AIS-China	Best Wiki	special		nominee	high-school	https://static.igem.org/websites/common/2023/icons/awards/best-wiki.svg
2023	4808	AIS-China	Gold	medal	gold	winner		https://static.igem.org/websites/common/2023/icons/medal-flat.svg
2023	4808	AIS-China	Top 10	grand-prize	top	winner	high-school	
2023	4780	ANU-Australia	Silver	medal	silver	winner		https://static.igem.org/websites/common/2023/icons/medal-silver-flat.svg
2023	4738	ASIJ-Tokyo	Best Education	special	specialisation	nominee	high-school	https://static.igem.org/websites/common/2023/icons/awards/best-education.svg
2023	4738	ASIJ-Tokyo	Gold	medal	gold	winner		https://static.igem.org/websites/common/2023/icons/medal-flat.svg
2023	4895	ASU	Bronze	medal	bronze	winner		https://static.igem.org/websites/common/2023/icons/medal-bronze-flat.svg
2023	4744	Aachen	Best Sustainable Development Impact	special	specialisation	nominee	overgrad	https://static.igem.org/websites/common/2023/icons/awards/best-sustainable-development-impact.svg
2023	4744	Aachen	Silver	medal	silver	winner		https://static.igem.org/websites/common/2023/icons/medal-silver-flat.svg
2023	4701	Aalto-Helsinki	Best Education	special	specialisation	nominee	overgrad	https://static.igem.org/websites/common/2023/icons/awards/best-education.svg
2023	4701	Aalto-Helsinki	Best Environment Project	village		nominee	overgrad	https://static.igem.org/websites/common/2022/icons/village/environment.svg
2023	4701	Aalto-Helsinki	Best Integrated Human Practices	special	specialisation	nominee	overgrad	https://static.igem.org/websites/common/2023/icons/awards/best-integrated-human-practices.svg
2023	4701	Aalto-Helsinki	Best Wiki	special		nominee	overgrad	https://static.igem.org/websites/common/2023/icons/awards/best-wiki.svg
2023	4701	Aalto-Helsinki	Gold	medal	gold	winner		https://static.igem.org/websites/common/2023/icons/medal-flat.svg
2023	4582	Aix-Marseille	Silver	medal	silver	winner		https://static.igem.org/websites/common/2023/icons/medal-silver-flat.svg
2023	4732	Alma	Best Bioremediation Project	village		nominee	undergrad	https://static.igem.org/websites/common/2022/icons/village/bioremediation.svg
2023	4732	Alma	Gold	medal	gold	winner		https://static.igem.org/websites/common/2023/icons/medal-flat.svg
2023	4746	AshesiGhana	Gold	medal	gold	winner		https://static.igem.org/websites/common/2023/icons/medal-flat.svg
2023	4810	Athens	Gold	medal	gold	winner		https://static.igem.org/websites/common/2023/icons/medal-flat.svg
2023	4579	Austin-UTexas	Best Agriculture Project	village		nominee	underover	https://static.igem.org/websites/common/2022/icons/village/agriculture.svg
2023	4579	Austin-UTexas	Best Part Collection	special	general-biology	nominee	undergrad	https://static.igem.org/websites/common/2023/icons/awards/best-part-collection.svg
2023	4579	Austin-UTexas	Best Sustainable Development Impact	special	specialisation	nominee	undergrad	https://static.igem.org/websites/common/2023/icons/awards/best-sustainable-development-impact.svg
2023	4579	Austin-UTexas	Gold	medal	gold	winner		https://static.igem.org/websites/common/2023/icons/medal-flat.svg
2023	4714	BAID-China	Best Presentation	special		nominee	high-school	https://static.igem.org/websites/common/2023/icons/awards/best-presentation.svg
2023	4714	BAID-China	Gold	medal	gold	winner		https://static.igem.org/websites/common/2023/icons/medal-flat.svg
2023	4880	BASIS-China	Best Integrated Human Practices	special	specialisation	nominee	high-school	https://static.igem.org/websites/common/2023/icons/awards/best-integrated-human-practices.svg
2023	4880	BASIS-China	Best New Composite Part	special	general-biology	nominee	high-school	https://static.igem.org/websites/common/2023/icons/awards/best-new-composite-part.svg
2023	4880	BASIS-China	Best Presentation	special		nominee	high-school	https://static.igem.org/websites/common/2023/icons/awards/best-presentation.svg
2023	4880	BASIS-China	Best Wiki	special		winner	high-school	https://static.igem.org/websites/common/2023/icons/awards/best-wiki.svg
2023	4880	BASIS-China	Finalist	finalist		nominee	high-school	
2023	4880	BASIS-China	First Runner Up	grand-prize	first-runner-up	winner	high-school	
2023	4880	BASIS-China	Gold	medal	gold	winner		https://static.igem.org/websites/common/2023/icons/medal-flat.svg
2023	4880	BASIS-China	Safety and Security Award	special	specialisation	winner	high-school	https://static.igem.org/websites/common/2023/icons/awards/safety-and-security-award.svg
2023	4880	BASIS-China	Top 10	grand-prize	top	winner	high-school	
2023	5004	BFSU-ICUnited	Silver	medal	silver	winner		https://static.igem.org/websites/common/2023/icons/medal-silver-flat.svg
2023	4799	BGI-MammothEdu-China	Gold	medal	gold	winner		https://static.igem.org/websites/common/2023/icons/medal-flat.svg
2023	4717	BIBS-beijing-china	Bronze	medal	bronze	winner		https://static.igem.org/websites/common/2023/icons/medal-bronze-flat.svg
2023	4691	BIT	Gold	medal	gold	winner		https://static.igem.org/websites/common/2023/icons/medal-flat.svg
2023	4616	BIT-China	Gold	medal	gold	winner		https://static.igem.org/websites/common/2023/icons/medal-flat.svg
2023	4963	BITSPilani-Goa-India	Silver	medal	silver	winner		https://static.igem.org/websites/common/2023/icons/medal-silver-flat.svg
2023	4722	BJEA-China	Best Model	special	general-biology	winner	high-school	https://static.igem.org/websites/common/2023/icons/awards/best-model.svg
2023	4722	BJEA-China	Best New Basic Part	special	general-biology	nominee	high-school	https://static.igem.org/websites/common/2023/icons/awards/best-new-basic-part.svg
2023	4722	BJEA-China	Gold	medal	gold	winner		https://static.igem.org/websites/common/2023/icons/medal-flat.svg
2023	4722	BJEA-China	Inclusivity Award	special	specialisation	nominee	high-school	https://static.igem.org/websites/common/2023/icons/awards/inclusivity-award.svg
2023	4861	BJHS	Best Part Collection	special	general-biology	nominee	high-school	https://static.igem.org/websites/common/2023/icons/awards/best-part-collection.svg
2023	4861	BJHS	Silver	medal	silver	winner		https://static.igem.org/websites/common/2023/icons/medal-silver-flat.svg
2023	4657	BJWZ-China	Silver	medal	silver	winner		https://static.igem.org/websites/common/2023/icons/medal-silver-flat.svg
2023	4945	BJYUAN-CHINA	Silver	medal	silver	winner		https://static.igem.org/websites/common/2023/icons/medal-silver-flat.svg
2023	4593	BNDS-China	Best New Basic Part	special	general-biology	winner	high-school	https://static.igem.org/websites/common/2023/icons/awards/best-new-basic-part.svg
2023	4593	BNDS-China	Gold	medal	gold	winner		https://static.igem.org/websites/common/2023/icons/medal-flat.svg
2023	4593	BNDS-China	Top 10	grand-prize	top	winner	high-school	
2023	4623	BNU-China	Best Biomanufacturing Project	village		nominee	underover	https://static.igem.org/websites/common/2022/icons/village/biomanufacturing.svg
2023	4623	BNU-China	Best New Basic Part	special	general-biology	winner	undergrad	https://static.igem.org/websites/common/2023/icons/awards/best-new-basic-part.svg
2023	4623	BNU-China	Gold	medal	gold	winner		https://static.igem.org/websites/common/2023/icons/medal-flat.svg
2023	4737	BNUZH-China	Best Education	special	specialisation	nominee	undergrad	https://static.igem.org/websites/common/2023/icons/awards/best-education.svg
2023	4737	BNUZH-China	Gold	medal	gold	winner		https://static.igem.org/websites/common/2023/icons/medal-flat.svg
2023	4700	BOKU-Vienna	Silver	medal	silver	winner		https://static.igem.org/websites/common/2023/icons/medal-silver-flat.svg
2023	4667	BPI-China	Bronze	medal	bronze	winner		https://static.igem.org/websites/common/2023/icons/medal-bronze-flat.svg
2023	4897	BS-United-China	Best New Basic Part	special	general-biology	nominee	high-school	https://static.igem.org/websites/common/2023/icons/awards/best-new-basic-part.svg
2023	4897	BS-United-China	Best Presentation	special		nominee	high-school	https://static.igem.org/websites/common/2023/icons/awards/best-presentation.svg
2023	4897	BS-United-China	Silver	medal	silver	winner		https://static.igem.org/websites/common/2023/icons/medal-silver-flat.svg
2023	4644	BUCT	Silver	medal	silver	winner		https://static.igem.org/websites/common/2023/icons/medal-silver-flat.svg
2023	4612	BUCT-China	Best Diagnostics Project	village		nominee	overgrad	https://static.igem.org/websites/common/2022/icons/village/diagnostics.svg
2023	4612	BUCT-China	Best New Basic Part	special	general-biology	nominee	overgrad	https://static.igem.org/websites/common/2023/icons/awards/best-new-basic-part.svg
2023	4612	BUCT-China	Silver	medal	silver	winner		https://static.igem.org/websites/common/2023/icons/medal-silver-flat.svg
2023	5024	BZK	Silver	medal	silver	winner		https://static.igem.org/websites/common/2023/icons/medal-silver-flat.svg
2023	4862	BZK-SH	Best Model	special	general-biology	nominee	high-school	https://static.igem.org/websites/common/2023/icons/awards/best-model.svg
2023	4862	BZK-SH	Gold	medal	gold	winner		https://static.igem.org/websites/common/2023/icons/medal-flat.svg
2023	4962	Bangkok-NMH						
2023	4770	Barcelona-UB	Best Bioremediation Project	village		nominee	undergrad	https://static.igem.org/websites/common/2022/icons/village/bioremediation.svg
2023	4770	Barcelona-UB	Gold	medal	gold	winner		https://static.igem.org/websites/common/2023/icons/medal-flat.svg
2023	4877	Bielefeld-CeBiTec	Gold	medal	gold	winner		https://static.igem.org/websites/common/2023/icons/medal-flat.svg
2023	4969	BilkenTR-UNAM						
2023	4804	Bioplus-China	Gold	medal	gold	winner		https://static.igem.org/websites/common/2023/icons/medal-flat.svg
2023	4824	Bioplus-Shanghai	Gold	medal	gold	winner		https://static.igem.org/websites/common/2023/icons/medal-flat.svg
2023	4816	Bonn-Rheinbach	Silver	medal	silver	winner		https://static.igem.org/websites/common/2023/icons/medal-silver-flat.svg
2023	4708	BostonU-HW	Best Software Tool	special	specialisation	nominee	undergrad	https://static.igem.org/websites/common/2023/icons/awards/best-software-tool.svg
2023	4708	BostonU-HW	Silver	medal	silver	winner		https://static.igem.org/websites/common/2023/icons/medal-silver-flat.svg
2023	4906	Brest						
2023	4855	Bulgaria	Silver	medal	silver	winner		https://static.igem.org/websites/common/2023/icons/medal-silver-flat.svg
2023	4614	CAU-China	Best New Basic Part	special	general-biology	nominee	undergrad	https://static.igem.org/websites/common/2023/icons/awards/best-new-basic-part.svg
2023	4614	CAU-China	Gold	medal	gold	winner		https://static.igem.org/websites/common/2023/icons/medal-flat.svg
2023	4610	CCA-San-Diego	Bronze	medal	bronze	winner		https://static.igem.org/websites/common/2023/icons/medal-bronze-flat.svg
2023	4674	CCU-Taiwan	Best Diagnostics Project	village		nominee	overgrad	https://static.igem.org/websites/common/2022/icons/village/diagnostics.svg
2023	4674	CCU-Taiwan	Gold	medal	gold	winner		https://static.igem.org/websites/common/2023/icons/medal-flat.svg
2023	4611	CJUH-JLU-China	Gold	medal	gold	winner		https://static.igem.org/websites/common/2023/icons/medal-flat.svg
2023	4740	CNAS-Romania	Bronze	medal	bronze	winner		https://static.igem.org/websites/common/2023/icons/medal-bronze-flat.svg
2023	4990	CPU-CHINA	Best New Basic Part	special	general-biology	nominee	undergrad	https://static.igem.org/websites/common/2023/icons/awards/best-new-basic-part.svg
2023	4990	CPU-CHINA	Gold	medal	gold	winner		https://static.igem.org/websites/common/2023/icons/medal-flat.svg
2023	4618	CSMU-Taiwan	Silver	medal	silver	winner		https://static.igem.org/websites/common/2023/icons/medal-silver-flat.svg
2023	4585	CSU-CHINA	Silver	medal	silver	winner		https://static.igem.org/websites/common/2023/icons/medal-silver-flat.svg
2023	4919	CU-Boulder	Bronze	medal	bronze	winner		https://static.igem.org/websites/common/2023/icons/medal-bronze-flat.svg
2023	4767	CUG-China	Silver	medal	silver	winner		https://static.igem.org/websites/common/2023/icons/medal-silver-flat.svg
2023	4944	Calgary						
2023	4769	Cambridge	Gold	medal	gold	winner		https://static.igem.org/websites/common/2023/icons/medal-flat.svg
2023	4872	Canton-HS	Silver	medal	silver	winner		https://static.igem.org/websites/common/2023/icons/medal-silver-flat.svg
2023	4902	Chalmers-Gothenburg	Bronze	medal	bronze	winner		https://static.igem.org/websites/common/2023/icons/medal-bronze-flat.svg
2023	4642	City-of-London-UK	Silver	medal	silver	winner		https://static.igem.org/websites/common/2023/icons/medal-silver-flat.svg
2023	5012	CollegiateRVA						
2023	4684	Concordia-Montreal	Silver	medal	silver	winner		https://static.igem.org/websites/common/2023/icons/medal-silver-flat.svg
2023	4580	Cornell	Gold	medal	gold	winner		https://static.igem.org/websites/common/2023/icons/medal-flat.svg
2023	4587	DKU	Silver	medal	silver	winner		https://static.igem.org/websites/common/2023/icons/medal-silver-flat.svg
2023	4651	DNHS-SanDiego-CA	Gold	medal	gold	winner		https://static.igem.org/websites/common/2023/icons/medal-flat.svg
2023	4811	DTU-Denmark	Best Environment Project	village		winner	overgrad	https://static.igem.org/websites/common/2022/icons/village/environment.svg
2023	4811	DTU-Denmark	Best Software Tool	special	specialisation	nominee	overgrad	https://static.igem.org/websites/common/2023/icons/awards/best-software-tool.svg
2023	4811	DTU-Denmark	Best Wiki	special		nominee	overgrad	https://static.igem.org/websites/common/2023/icons/awards/best-wiki.svg
2023	4811	DTU-Denmark	Gold	medal	gold	winner		https://static.igem.org/websites/common/2023/icons/medal-flat.svg
2023	4811	DTU-Denmark	Top 10	grand-prize	top	winner	overgrad	
2023	4766	DUT-China	Best Diagnostics Project	village		nominee	undergrad	https://static.igem.org/websites/common/2022/icons/village/diagnostics.svg
2023	4766	DUT-China	Gold	medal	gold	winner		https://static.igem.org/websites/common/2023/icons/medal-flat.svg
2023	4706	Duesseldorf	Silver	medal	silver	winner		https://static.igem.org/websites/common/2023/icons/medal-silver-flat.svg
2023	4646	Duke	Silver	medal	silver	winner		https://static.igem.org/websites/common/2023/icons/medal-silver-flat.svg
2023	4888	EPFL	Best Education	special	specialisation	winner	overgrad	https://static.igem.org/websites/common/2023/icons/awards/best-education.svg
2023	4888	EPFL	Best Therapeutics Project	village		nominee	overgrad	https://static.igem.org/websites/common/2022/icons/village/therapeutics.svg
2023	4888	EPFL	Gold	medal	gold	winner		https://static.igem.org/websites/common/2023/icons/medal-flat.svg
2023	4888	EPFL	Safety and Security Award	special	specialisation	nominee	overgrad	https://static.igem.org/websites/common/2023/icons/awards/safety-and-security-award.svg
2023	4649	EastCoastBioCrew	Best Sustainable Development Impact	special	specialisation	nominee	high-school	https://static.igem.org/websites/common/2023/icons/awards/best-sustainable-development-impact.svg
2023	4649	EastCoastBioCrew	Gold	medal	gold	winner		https://static.igem.org/websites/common/2023/icons/medal-flat.svg
2023	4849	Edinburgh	Best New Basic Part	special	general-biology	nominee	overgrad	https://static.igem.org/websites/common/2023/icons/awards/best-new-basic-part.svg
2023	4849	Edinburgh	Gold	medal	gold	winner		https://static.igem.org/websites/common/2023/icons/medal-flat.svg
2023	4849	Edinburgh	Safety and Security Award	special	specialisation	winner	overgrad	https://static.igem.org/websites/common/2023/icons/awards/safety-and-security-award.svg
2023	4917	Estonia-TUIT	Best Conservation Project	village		winner	underover	https://static.igem.org/websites/common/2022/icons/village/conservation.svg
2023	4917	Estonia-TUIT	Best Education	special	specialisation	nominee	overgrad	https://static.igem.org/websites/common/2023/icons/awards/best-education.svg
2023	4917	Estonia-TUIT	Best Measurement	special	general-biology	winner	overgrad	https://static.igem.org/websites/common/2023/icons/awards/best-measurement.svg
2023	4917	Estonia-TUIT	Best Presentation	special		nominee	overgrad	https://static.igem.org/websites/common/2023/icons/awards/best-presentation.svg
2023	4917	Estonia-TUIT	Best Wiki	special		nominee	overgrad	https://static.igem.org/websites/common/2023/icons/awards/best-wiki.svg
2023	4917	Estonia-TUIT	Finalist	finalist		nominee	overgrad	
2023	4917	Estonia-TUIT	Gold	medal	gold	winner		https://static.igem.org/websites/common/2023/icons/medal-flat.svg
2023	4917	Estonia-TUIT	Grand Prize Winner	grand-prize	winner	winner	overgrad	
2023	4917	Estonia-TUIT	Top 10	grand-prize	top	winner	overgrad	
2023	4601	Evry-Paris-Saclay	Best Hardware	special	specialisation	winner	overgrad	https://static.igem.org/websites/common/2023/icons/awards/best-hardware.svg
2023	4601	Evry-Paris-Saclay	Best Software Tool	special	specialisation	nominee	overgrad	https://static.igem.org/websites/common/2023/icons/awards/best-software-tool.svg
2023	4601	Evry-Paris-Saclay	Gold	medal	gold	winner		https://static.igem.org/websites/common/2023/icons/medal-flat.svg
2023	4572	Example						
2023	4573	Example-HS						
2023	4694	Exeter	Gold	medal	gold	winner		https://static.igem.org/websites/common/2023/icons/medal-flat.svg
2023	4930	FAU-Erlangen	Silver	medal	silver	winner		https://static.igem.org/websites/common/2023/icons/medal-silver-flat.svg
2023	4881	FDR-HBPeru	Silver	medal	silver	winner		https://static.igem.org/websites/common/2023/icons/medal-silver-flat.svg
2023	4846	FSHS-GD	Silver	medal	silver	winner		https://static.igem.org/websites/common/2023/icons/medal-silver-flat.svg
2023	4680	FSU	Silver	medal	silver	winner		https://static.igem.org/websites/common/2023/icons/medal-silver-flat.svg
2023	4688	FZPt-CHINA						
2023	4604	Freiburg	Best Foundational Advance Project	village		nominee	underover	https://static.igem.org/websites/common/2022/icons/village/foundational-advance.svg
2023	4604	Freiburg	Best New Composite Part	special	general-biology	nominee	overgrad	https://static.igem.org/websites/common/2023/icons/awards/best-new-composite-part.svg
2023	4604	Freiburg	Best Wiki	special		nominee	overgrad	https://static.igem.org/websites/common/2023/icons/awards/best-wiki.svg
2023	4604	Freiburg	Gold	medal	gold	winner		https://static.igem.org/websites/common/2023/icons/medal-flat.svg
2023	4604	Freiburg	Top 10	grand-prize	top	winner	overgrad	
2023	4765	Fudan	Best Environment Project	village		winner	undergrad	https://static.igem.org/websites/common/2022/icons/village/environment.svg
2023	4765	Fudan	Best Software Tool	special	specialisation	winner	undergrad	https://static.igem.org/websites/common/2023/icons/awards/best-software-tool.svg
2023	4765	Fudan	Best Wiki	special		nominee	undergrad	https://static.igem.org/websites/common/2023/icons/awards/best-wiki.svg
2023	4765	Fudan	Gold	medal	gold	winner		https://static.igem.org/websites/common/2023/icons/medal-flat.svg
2023	4870	Fujian-United	Silver	medal	silver	winner		https://static.igem.org/websites/common/2023/icons/medal-silver-flat.svg
2023	5005	GEC-CHINA	Silver	medal	silver	winner		https://static.igem.org/websites/common/2023/icons/medal-silver-flat.svg
2023	5001	GEC-Guangzhou	Silver	medal	silver	winner		https://static.igem.org/websites/common/2023/icons/medal-silver-flat.svg
2023	4852	GEMS-Taiwan	Gold	medal	gold	winner		https://static.igem.org/websites/common/2023/icons/medal-flat.svg
2023	4852	GEMS-Taiwan	Top 10	grand-prize	top	winner	high-school	
2023	4852	GEMS-Taiwan	iGEMers Prize	special		winner	high-school	https://static.igem.org/websites/common/2023/icons/awards/igemers-prize.svg
2023	4660	GU-Frankfurt	Gold	medal	gold	winner		https://static.igem.org/websites/common/2023/icons/medal-flat.svg
2023	4678	GXU-China	Silver	medal	silver	winner		https://static.igem.org/websites/common/2023/icons/medal-silver-flat.svg
2023	4736	GeorgiaState-SWJTU	Silver	medal	silver	winner		https://static.igem.org/websites/common/2023/icons/medal-silver-flat.svg
2023	4715	Gifu	Silver	medal	silver	winner		https://static.igem.org/websites/common/2023/icons/medal-silver-flat.svg
2023	4825	GreatBay-SCIE	Best Hardware	special	specialisation	winner	high-school	https://static.igem.org/websites/common/2023/icons/awards/best-hardware.svg
2023	4825	GreatBay-SCIE	Best Integrated Human Practices	special	specialisation	winner	high-school	https://static.igem.org/websites/common/2023/icons/awards/best-integrated-human-practices.svg
2023	4825	GreatBay-SCIE	Best Presentation	special		nominee	high-school	https://static.igem.org/websites/common/2023/icons/awards/best-presentation.svg
2023	4825	GreatBay-SCIE	Best Wiki	special		nominee	high-school	https://static.igem.org/websites/common/2023/icons/awards/best-wiki.svg
2023	4825	GreatBay-SCIE	Gold	medal	gold	winner		https://static.igem.org/websites/common/2023/icons/medal-flat.svg
2023	4825	GreatBay-SCIE	Top 10	grand-prize	top	winner	high-school	
2023	4720	Groningen	Silver	medal	silver	winner		https://static.igem.org/websites/common/2023/icons/medal-silver-flat.svg
2023	4581	Guangxi-U-China	Bronze	medal	bronze	winner		https://static.igem.org/websites/common/2023/icons/medal-bronze-flat.svg
2023	4891	Guangzhou-MedX	Silver	medal	silver	winner		https://static.igem.org/websites/common/2023/icons/medal-silver-flat.svg
2023	4597	Guelph	Silver	medal	silver	winner		https://static.igem.org/websites/common/2023/icons/medal-silver-flat.svg
2023	4723	H14Z-AP	Silver	medal	silver	winner		https://static.igem.org/websites/common/2023/icons/medal-silver-flat.svg
2023	4687	HBUT-China	Gold	medal	gold	winner		https://static.igem.org/websites/common/2023/icons/medal-flat.svg
2023	4794	HK-Joint-School	Best Education	special	specialisation	nominee	high-school	https://static.igem.org/websites/common/2023/icons/awards/best-education.svg
2023	4794	HK-Joint-School	Best Sustainable Development Impact	special	specialisation	nominee	high-school	https://static.igem.org/websites/common/2023/icons/awards/best-sustainable-development-impact.svg
2023	4794	HK-Joint-School	Gold	medal	gold	winner		https://static.igem.org/websites/common/2023/icons/medal-flat.svg
2023	4837	HK-SKHLPSS	Silver	medal	silver	winner		https://static.igem.org/websites/common/2023/icons/medal-silver-flat.svg
2023	4946	HKGTC	Gold	medal	gold	winner		https://static.igem.org/websites/common/2023/icons/medal-flat.svg
2023	4774	HKPOLYU	Silver	medal	silver	winner		https://static.igem.org/websites/common/2023/icons/medal-silver-flat.svg
2023	4823	HKSSC						
2023	4696	HKU-HongKong	Gold	medal	gold	winner		https://static.igem.org/websites/common/2023/icons/medal-flat.svg
2023	4725	HKUST						
2023	4752	HNU-China	Bronze	medal	bronze	winner		https://static.igem.org/websites/common/2023/icons/medal-bronze-flat.svg
2023	4664	HS-China	Gold	medal	gold	winner		https://static.igem.org/websites/common/2023/icons/medal-flat.svg
2023	4698	HS-Shanghai	Silver	medal	silver	winner		https://static.igem.org/websites/common/2023/icons/medal-silver-flat.svg
2023	4677	HSASNU	Gold	medal	gold	winner		https://static.igem.org/websites/common/2023/icons/medal-flat.svg
2023	4666	HUBU-China	Gold	medal	gold	winner		https://static.igem.org/websites/common/2023/icons/medal-flat.svg
2023	4912	HUBU-HUBEI-CHINA						
2023	4927	HUBU-SKY-China	Gold	medal	gold	winner		https://static.igem.org/websites/common/2023/icons/medal-flat.svg
2023	4832	HUBU-WUHAN-CHINA	Silver	medal	silver	winner		https://static.igem.org/websites/common/2023/icons/medal-silver-flat.svg
2023	4595	HUST-China	Best Climate Crisis Project	village		winner	underover	https://static.igem.org/websites/common/2022/icons/village/climate-crisis.svg
2023	4595	HUST-China	Best Hardware	special	specialisation	nominee	undergrad	https://static.igem.org/websites/common/2023/icons/awards/best-hardware.svg
2023	4595	HUST-China	Best Integrated Human Practices	special	specialisation	winner	undergrad	https://static.igem.org/websites/common/2023/icons/awards/best-integrated-human-practices.svg
2023	4595	HUST-China	Best New Composite Part	special	general-biology	winner	undergrad	https://static.igem.org/websites/common/2023/icons/awards/best-new-composite-part.svg
2023	4595	HUST-China	Best Presentation	special		winner	undergrad	https://static.igem.org/websites/common/2023/icons/awards/best-presentation.svg
2023	4595	HUST-China	Best Project Promotion Video	special		winner	underover	https://static.igem.org/websites/common/2023/icons/awards/best-project-promotion-video.svg
2023	4595	HUST-China	Best Wiki	special		nominee	undergrad	https://static.igem.org/websites/common/2023/icons/awards/best-wiki.svg
2023	4595	HUST-China	Gold	medal	gold	winner		https://static.igem.org/websites/common/2023/icons/medal-flat.svg
2023	4595	HUST-China	Top 10	grand-prize	top	winner	undergrad	
2023	4595	HUST-China	iGEMers Prize	special		winner	underover	https://static.igem.org/websites/common/2023/icons/awards/igemers-prize.svg
2023	4900	HUST-UEVE-UPSaclay	Silver	medal	silver	winner		https://static.igem.org/websites/common/2023/icons/medal-silver-flat.svg
2023	4645	HZAU-China						
2023	4797	HainanU-China	Gold	medal	gold	winner		https://static.igem.org/websites/common/2023/icons/medal-flat.svg
2023	4669	Hamburg	Best Presentation	special		winner	overgrad	https://static.igem.org/websites/common/2023/icons/awards/best-presentation.svg
2023	4669	Hamburg	Best Therapeutics Project	village		nominee	overgrad	https://static.igem.org/websites/common/2022/icons/village/therapeutics.svg
2023	4669	Hamburg	Gold	medal	gold	winner		https://static.igem.org/websites/common/2023/icons/medal-flat.svg
2023	4883	Hangzhou-BioX	Best Part Collection	special	general-biology	winner	high-school	https://static.igem.org/websites/common/2023/icons/awards/best-part-collection.svg
2023	4883	Hangzhou-BioX	Gold	medal	gold	winner		https://static.igem.org/websites/common/2023/icons/medal-flat.svg
2023	4882	Hangzhou-SDG	Gold	medal	gold	winner		https://static.igem.org/websites/common/2023/icons/medal-flat.svg
2023	4999	Harvard	Silver	medal	silver	winner		https://static.igem.org/websites/common/2023/icons/medal-silver-flat.svg
2023	4757	Heidelberg	Best Bioremediation Project	village		winner	overgrad	https://static.igem.org/websites/common/2022/icons/village/bioremediation.svg
2023	4757	Heidelberg	Best Model	special	general-biology	nominee	overgrad	https://static.igem.org/websites/common/2023/icons/awards/best-model.svg
2023	4757	Heidelberg	Best New Composite Part	special	general-biology	winner	overgrad	https://static.igem.org/websites/common/2023/icons/awards/best-new-composite-part.svg
2023	4757	Heidelberg	Best Sustainable Development Impact	special	specialisation	winner	overgrad	https://static.igem.org/websites/common/2023/icons/awards/best-sustainable-development-impact.svg
2023	4757	Heidelberg	Best Wiki	special		nominee	overgrad	https://static.igem.org/websites/common/2023/icons/awards/best-wiki.svg
2023	4757	Heidelberg	Gold	medal	gold	winner		https://static.igem.org/websites/common/2023/icons/medal-flat.svg
2023	4757	Heidelberg	Top 10	grand-prize	top	winner	overgrad	
2023	4761	HiZJU-China	Silver	medal	silver	winner		https://static.igem.org/websites/common/2023/icons/medal-silver-flat.svg
2023	4867	HongKong-CUHK						
2023	4813	HongKong-JSS	Best Integrated Human Practices	special	specialisation	nominee	high-school	https://static.igem.org/websites/common/2023/icons/awards/best-integrated-human-practices.svg
2023	4813	HongKong-JSS	Gold	medal	gold	winner		https://static.igem.org/websites/common/2023/icons/medal-flat.svg
2023	4813	HongKong-JSS	Top 10	grand-prize	top	winner	high-school	
2023	4670	HongKong-PuiChing	Silver	medal	silver	winner		https://static.igem.org/websites/common/2023/icons/medal-silver-flat.svg
2023	4676	Hopkins	Gold	medal	gold	winner		https://static.igem.org/websites/common/2023/icons/medal-flat.svg
2023	4692	ICT-Mumbai						
2023	4695	IFB-Gdansk	Gold	medal	gold	winner		https://static.igem.org/websites/common/2023/icons/medal-flat.svg
2023	4958	IISER-Bhopal	Gold	medal	gold	winner		https://static.igem.org/websites/common/2023/icons/medal-flat.svg
2023	4781	IISER-Kolkata	Gold	medal	gold	winner		https://static.igem.org/websites/common/2023/icons/medal-flat.svg
2023	4933	IISER-Mohali						
2023	4879	IISER-Pune-India	Best Climate Crisis Project	village		nominee	underover	https://static.igem.org/websites/common/2022/icons/village/climate-crisis.svg
2023	4879	IISER-Pune-India	Best Education	special	specialisation	winner	undergrad	https://static.igem.org/websites/common/2023/icons/awards/best-education.svg
2023	4879	IISER-Pune-India	Best Integrated Human Practices	special	specialisation	nominee	undergrad	https://static.igem.org/websites/common/2023/icons/awards/best-integrated-human-practices.svg
2023	4879	IISER-Pune-India	Best Presentation	special		nominee	undergrad	https://static.igem.org/websites/common/2023/icons/awards/best-presentation.svg
2023	4879	IISER-Pune-India	Gold	medal	gold	winner		https://static.igem.org/websites/common/2023/icons/medal-flat.svg
2023	4879	IISER-Pune-India	Top 10	grand-prize	top	winner	undergrad	
2023	4693	IISER-TVM	Best Diagnostics Project	village		winner	undergrad	https://static.igem.org/websites/common/2022/icons/village/diagnostics.svg
2023	4693	IISER-TVM	Best Integrated Human Practices	special	specialisation	nominee	undergrad	https://static.igem.org/websites/common/2023/icons/awards/best-integrated-human-practices.svg
2023	4693	IISER-TVM	Gold	medal	gold	winner		https://static.igem.org/websites/common/2023/icons/medal-flat.svg
2023	4836	IISER-Tirupati-India	Gold	medal	gold	winner		https://static.igem.org/websites/common/2023/icons/medal-flat.svg
2023	4829	IISc-Bengaluru	Gold	medal	gold	winner		https://static.igem.org/websites/common/2023/icons/medal-flat.svg
2023	4898	IIT-Delhi	Silver	medal	silver	winner		https://static.igem.org/websites/common/2023/icons/medal-silver-flat.svg
2023	4931	IIT-Madras	Gold	medal	gold	winner		https://static.igem.org/websites/common/2023/icons/medal-flat.svg
2023	4838	IIT-Roorkee	Best Diagnostics Project	village		nominee	undergrad	https://static.igem.org/websites/common/2022/icons/village/diagnostics.svg
2023	4838	IIT-Roorkee	Gold	medal	gold	winner		https://static.igem.org/websites/common/2023/icons/medal-flat.svg
2023	4896	IITChicago	Silver	medal	silver	winner		https://static.igem.org/websites/common/2023/icons/medal-silver-flat.svg
2023	4818	INSAENSLyon1	Best Integrated Human Practices	special	specialisation	nominee	overgrad	https://static.igem.org/websites/common/2023/icons/awards/best-integrated-human-practices.svg
2023	4818	INSAENSLyon1	Best Software Tool	special	specialisation	winner	overgrad	https://static.igem.org/websites/common/2023/icons/awards/best-software-tool.svg
2023	4818	INSAENSLyon1	Best Therapeutics Project	village		nominee	overgrad	https://static.igem.org/websites/common/2022/icons/village/therapeutics.svg
2023	4818	INSAENSLyon1	Gold	medal	gold	winner		https://static.igem.org/websites/common/2023/icons/medal-flat.svg
2023	4807	IOANNINA	Silver	medal	silver	winner		https://static.igem.org/websites/common/2023/icons/medal-silver-flat.svg
2023	4952	ISPanama						
2023	4577	Ionis-Paris	Gold	medal	gold	winner		https://static.igem.org/websites/common/2023/icons/medal-flat.svg
2023	4921	JCVI-UCSD	Best Presentation	special		nominee	undergrad	https://static.igem.org/websites/common/2023/icons/awards/best-presentation.svg
2023	4921	JCVI-UCSD	Silver	medal	silver	winner		https://static.igem.org/websites/common/2023/icons/medal-silver-flat.svg
2023	4609	JLU-China	Silver	medal	silver	winner		https://static.igem.org/websites/common/2023/icons/medal-silver-flat.svg
2023	4833	JLU-NBBMS						
2023	4955	Japan-United	Best Education	special	specialisation	winner	high-school	https://static.igem.org/websites/common/2023/icons/awards/best-education.svg
2023	4955	Japan-United	Best Entrepreneurship	special	specialisation	winner	high-school	https://static.igem.org/websites/common/2023/icons/awards/best-entrepreneurship.svg
2023	4955	Japan-United	Best New Basic Part	special	general-biology	nominee	high-school	https://static.igem.org/websites/common/2023/icons/awards/best-new-basic-part.svg
2023	4955	Japan-United	Best Presentation	special		winner	high-school	https://static.igem.org/websites/common/2023/icons/awards/best-presentation.svg
2023	4955	Japan-United	Best Wiki	special		nominee	high-school	https://static.igem.org/websites/common/2023/icons/awards/best-wiki.svg
2023	4955	Japan-United	Finalist	finalist		nominee	high-school	
2023	4955	Japan-United	Gold	medal	gold	winner		https://static.igem.org/websites/common/2023/icons/medal-flat.svg
2023	4955	Japan-United	Grand Prize Winner	grand-prize	winner	winner	high-school	
2023	4955	Japan-United	Top 10	grand-prize	top	winner	high-school	
2023	4759	Jiangnan-China	Gold	medal	gold	winner		https://static.igem.org/websites/common/2023/icons/medal-flat.svg
2023	4840	Jiangsu-United						
2023	4980	Jilin-China	Silver	medal	silver	winner		https://static.igem.org/websites/common/2023/icons/medal-silver-flat.svg
2023	4650	KCIS-Xiugang-Taipei	Silver	medal	silver	winner		https://static.igem.org/websites/common/2023/icons/medal-silver-flat.svg
2023	4584	KCL-UK	Silver	medal	silver	winner		https://static.igem.org/websites/common/2023/icons/medal-silver-flat.svg
2023	4953	KUAS-SEOUL	Best Diagnostics Project	village		nominee	overgrad	https://static.igem.org/websites/common/2022/icons/village/diagnostics.svg
2023	4953	KUAS-SEOUL	Gold	medal	gold	winner		https://static.igem.org/websites/common/2023/icons/medal-flat.svg
2023	4661	KULeuven	Silver	medal	silver	winner		https://static.igem.org/websites/common/2023/icons/medal-silver-flat.svg
2023	4863	Keystone	Silver	medal	silver	winner		https://static.igem.org/websites/common/2023/icons/medal-silver-flat.svg
2023	4869	Korea-HS	Best Integrated Human Practices	special	specialisation	nominee	high-school	https://static.igem.org/websites/common/2023/icons/awards/best-integrated-human-practices.svg
2023	4869	Korea-HS	Best Measurement	special	general-biology	winner	high-school	https://static.igem.org/websites/common/2023/icons/awards/best-measurement.svg
2023	4869	Korea-HS	Best Sustainable Development Impact	special	specialisation	winner	high-school	https://static.igem.org/websites/common/2023/icons/awards/best-sustainable-development-impact.svg
2023	4869	Korea-HS	Gold	medal	gold	winner		https://static.igem.org/websites/common/2023/icons/medal-flat.svg
2023	4655	Kyoto	Best Agriculture Project	village		nominee	underover	https://static.igem.org/websites/common/2022/icons/village/agriculture.svg
2023	4655	Kyoto	Best Hardware	special	specialisation	nominee	undergrad	https://static.igem.org/websites/common/2023/icons/awards/best-hardware.svg
2023	4655	Kyoto	Best Wiki	special		nominee	undergrad	https://static.igem.org/websites/common/2023/icons/awards/best-wiki.svg
2023	4655	Kyoto	Gold	medal	gold	winner		https://static.igem.org/websites/common/2023/icons/medal-flat.svg
2023	4805	LINKS-China	Best Model	special	general-biology	nominee	high-school	https://static.igem.org/websites/common/2023/icons/awards/best-model.svg
2023	4805	LINKS-China	Best Part Collection	special	general-biology	nominee	high-school	https://static.igem.org/websites/common/2023/icons/awards/best-part-collection.svg
2023	4805	LINKS-China	Best Wiki	special		nominee	high-school	https://static.igem.org/websites/common/2023/icons/awards/best-wiki.svg
2023	4805	LINKS-China	Gold	medal	gold	winner		https://static.igem.org/websites/common/2023/icons/medal-flat.svg
2023	4805	LINKS-China	Top 10	grand-prize	top	winner	high-school	
2023	5028	LJCDSCalifornia						
2023	4788	LZU-CHINA						
2023	4683	Lambert-GA	Best Measurement	special	general-biology	nominee	high-school	https://static.igem.org/websites/common/2023/icons/awards/best-measurement.svg
2023	4683	Lambert-GA	Best Model	special	general-biology	nominee	high-school	https://static.igem.org/websites/common/2023/icons/awards/best-model.svg
2023	4683	Lambert-GA	Best Wiki	special		nominee	high-school	https://static.igem.org/websites/common/2023/icons/awards/best-wiki.svg
2023	4683	Lambert-GA	Gold	medal	gold	winner		https://static.igem.org/websites/common/2023/icons/medal-flat.svg
2023	4683	Lambert-GA	Inclusivity Award	special	specialisation	nominee	high-school	https://static.igem.org/websites/common/2023/icons/awards/inclusivity-award.svg
2023	4683	Lambert-GA	Top 10	grand-prize	top	winner	high-school	
2023	4620	Latvia-Riga	Best New Basic Part	special	general-biology	nominee	overgrad	https://static.igem.org/websites/common/2023/icons/awards/best-new-basic-part.svg
2023	4620	Latvia-Riga	Gold	medal	gold	winner		https://static.igem.org/websites/common/2023/icons/medal-flat.svg
2023	4721	Leiden	Best Biomanufacturing Project	village		winner	underover	https://static.igem.org/websites/common/2022/icons/village/biomanufacturing.svg
2023	4721	Leiden	Best Entrepreneurship	special	specialisation	winner	overgrad	https://static.igem.org/websites/common/2023/icons/awards/best-entrepreneurship.svg
2023	4721	Leiden	Best Model	special	general-biology	nominee	overgrad	https://static.igem.org/websites/common/2023/icons/awards/best-model.svg
2023	4721	Leiden	Best Presentation	special		nominee	overgrad	https://static.igem.org/websites/common/2023/icons/awards/best-presentation.svg
2023	4721	Leiden	Best Sustainable Development Impact	special	specialisation	nominee	overgrad	https://static.igem.org/websites/common/2023/icons/awards/best-sustainable-development-impact.svg
2023	4721	Leiden	Best Wiki	special		winner	overgrad	https://static.igem.org/websites/common/2023/icons/awards/best-wiki.svg
2023	4721	Leiden	Finalist	finalist		nominee	overgrad	
2023	4721	Leiden	First Runner Up	grand-prize	first-runner-up	winner	overgrad	
2023	4721	Leiden	Gold	medal	gold	winner		https://static.igem.org/websites/common/2023/icons/medal-flat.svg
2023	4721	Leiden	Top 10	grand-prize	top	winner	overgrad	
2023	4754	Lethbridge	Gold	medal	gold	winner		https://static.igem.org/websites/common/2023/icons/medal-flat.svg
2023	4599	LethbridgeHS	Silver	medal	silver	winner		https://static.igem.org/websites/common/2023/icons/medal-silver-flat.svg
2023	4977	Liuan-Shanghai						
2023	4745	Lund	Gold	medal	gold	winner		https://static.igem.org/websites/common/2023/icons/medal-flat.svg
2023	4764	MIT	Silver	medal	silver	winner		https://static.igem.org/websites/common/2023/icons/medal-silver-flat.svg
2023	4641	MIT-MAHE	Gold	medal	gold	winner		https://static.igem.org/websites/common/2023/icons/medal-flat.svg
2023	4665	MSP-Maastricht	Best Biomanufacturing Project	village		nominee	underover	https://static.igem.org/websites/common/2022/icons/village/biomanufacturing.svg
2023	4665	MSP-Maastricht	Best New Composite Part	special	general-biology	nominee	undergrad	https://static.igem.org/websites/common/2023/icons/awards/best-new-composite-part.svg
2023	4665	MSP-Maastricht	Best Presentation	special		nominee	undergrad	https://static.igem.org/websites/common/2023/icons/awards/best-presentation.svg
2023	4665	MSP-Maastricht	Best Wiki	special		nominee	undergrad	https://static.igem.org/websites/common/2023/icons/awards/best-wiki.svg
2023	4665	MSP-Maastricht	Gold	medal	gold	winner		https://static.igem.org/websites/common/2023/icons/medal-flat.svg
2023	4665	MSP-Maastricht	Top 10	grand-prize	top	winner	undergrad	
2023	5019	Makerere-Uganda	Silver	medal	silver	winner		https://static.igem.org/websites/common/2023/icons/medal-silver-flat.svg
2023	5029	Manual-KY	Silver	medal	silver	winner		https://static.igem.org/websites/common/2023/icons/medal-silver-flat.svg
2023	4729	Marburg	Best New Composite Part	special	general-biology	nominee	overgrad	https://static.igem.org/websites/common/2023/icons/awards/best-new-composite-part.svg
2023	4729	Marburg	Best Plant Synthetic Biology	special	specialisation	winner	overgrad	https://static.igem.org/websites/common/2023/icons/awards/best-plant-synthetic-biology.svg
2023	4729	Marburg	Gold	medal	gold	winner		https://static.igem.org/websites/common/2023/icons/medal-flat.svg
2023	4608	McGill	Best Part Collection	special	general-biology	winner	undergrad	https://static.igem.org/websites/common/2023/icons/awards/best-part-collection.svg
2023	4608	McGill	Best Presentation	special		winner	undergrad	https://static.igem.org/websites/common/2023/icons/awards/best-presentation.svg
2023	4608	McGill	Best Therapeutics Project	village		winner	undergrad	https://static.igem.org/websites/common/2022/icons/village/therapeutics.svg
2023	4608	McGill	Best Wiki	special		nominee	undergrad	https://static.igem.org/websites/common/2023/icons/awards/best-wiki.svg
2023	4608	McGill	Finalist	finalist		nominee	undergrad	
2023	4608	McGill	Gold	medal	gold	winner		https://static.igem.org/websites/common/2023/icons/medal-flat.svg
2023	4608	McGill	Grand Prize Winner	grand-prize	winner	winner	undergrad	
2023	4608	McGill	Top 10	grand-prize	top	winner	undergrad	
2023	4751	McMaster-Canada	Silver	medal	silver	winner		https://static.igem.org/websites/common/2023/icons/medal-silver-flat.svg
2023	4819	McMasterU	Bronze	medal	bronze	winner		https://static.igem.org/websites/common/2023/icons/medal-bronze-flat.svg
2023	4682	MetroTorontoHS						
2023	4875	Metropolis-Shanghai	Gold	medal	gold	winner		https://static.igem.org/websites/common/2023/icons/medal-flat.svg
2023	4858	Michigan	Best Diagnostics Project	village		nominee	undergrad	https://static.igem.org/websites/common/2022/icons/village/diagnostics.svg
2023	4858	Michigan	Gold	medal	gold	winner		https://static.igem.org/websites/common/2023/icons/medal-flat.svg
2023	4652	Mingdao	Gold	medal	gold	winner		https://static.igem.org/websites/common/2023/icons/medal-flat.svg
2023	4856	Missouri-Miners	Bronze	medal	bronze	winner		https://static.igem.org/websites/common/2023/icons/medal-bronze-flat.svg
2023	4697	Montpellier						
2023	4574	Munich	Gold	medal	gold	winner		https://static.igem.org/websites/common/2023/icons/medal-flat.svg
2023	5016	MunichBioinformatics	Best Presentation	special		nominee	overgrad	https://static.igem.org/websites/common/2023/icons/awards/best-presentation.svg
2023	5016	MunichBioinformatics	Best Software & AI Project	village		nominee	underover	https://static.igem.org/websites/common/2022/icons/village/software-ai.svg
2023	5016	MunichBioinformatics	Gold	medal	gold	winner		https://static.igem.org/websites/common/2023/icons/medal-flat.svg
2023	5022	NANJING-NFLSFC	Silver	medal	silver	winner		https://static.igem.org/websites/common/2023/icons/medal-silver-flat.svg
2023	4613	NAU-CHINA	Best Food & Nutrition Project	village		nominee	underover	https://static.igem.org/websites/common/2022/icons/village/nutrition.svg
2023	4613	NAU-CHINA	Best Part Collection	special	general-biology	nominee	undergrad	https://static.igem.org/websites/common/2023/icons/awards/best-part-collection.svg
2023	4613	NAU-CHINA	Gold	medal	gold	winner		https://static.igem.org/websites/common/2023/icons/medal-flat.svg
2023	4934	NCHU-Taichung						
2023	4943	NCSU	Silver	medal	silver	winner		https://static.igem.org/websites/common/2023/icons/medal-silver-flat.svg
2023	4753	NDSU	Silver	medal	silver	winner		https://static.igem.org/websites/common/2023/icons/medal-silver-flat.svg
2023	4827	NEFU-China	Gold	medal	gold	winner		https://static.igem.org/websites/common/2023/icons/medal-flat.svg
2023	4635	NEU-CHINA						
2023	4901	NIS-Kazakhstan	Best Education	special	specialisation	nominee	high-school	https://static.igem.org/websites/common/2023/icons/awards/best-education.svg
2023	4901	NIS-Kazakhstan	Best Project Promotion Video	special		winner	high-school	https://static.igem.org/websites/common/2023/icons/awards/best-project-promotion-video.svg
2023	4901	NIS-Kazakhstan	Gold	medal	gold	winner		https://static.igem.org/websites/common/2023/icons/medal-flat.svg
2023	4901	NIS-Kazakhstan	Inclusivity Award	special	specialisation	winner	high-school	https://static.igem.org/websites/common/2023/icons/awards/inclusivity-award.svg
2023	4705	NJMU-China						
2023	4724	NJTech-China-A	Best New Improved Part	special	general-biology	nominee	undergrad	https://static.igem.org/websites/common/2023/icons/awards/best-new-improved-part.svg
2023	4724	NJTech-China-A	Gold	medal	gold	winner		https://static.igem.org/websites/common/2023/icons/medal-flat.svg
2023	4800	NJTech-China-B	Best New Improved Part	special	general-biology	winner	undergrad	https://static.igem.org/websites/common/2023/icons/awards/best-new-improved-part.svg
2023	4800	NJTech-China-B	Gold	medal	gold	winner		https://static.igem.org/websites/common/2023/icons/medal-flat.svg
2023	4815	NJU-China	Best New Basic Part	special	general-biology	nominee	undergrad	https://static.igem.org/websites/common/2023/icons/awards/best-new-basic-part.svg
2023	4815	NJU-China	Gold	medal	gold	winner		https://static.igem.org/websites/common/2023/icons/medal-flat.svg
2023	4656	NMU-China	Best Therapeutics Project	village		nominee	undergrad	https://static.igem.org/websites/common/2022/icons/village/therapeutics.svg
2023	4656	NMU-China	Gold	medal	gold	winner		https://static.igem.org/websites/common/2023/icons/medal-flat.svg
2023	4656	NMU-China	Safety and Security Award	special	specialisation	winner	undergrad	https://static.igem.org/websites/common/2023/icons/awards/safety-and-security-award.svg
2023	4790	NNU-CHINA	Best Bioremediation Project	village		nominee	undergrad	https://static.igem.org/websites/common/2022/icons/village/bioremediation.svg
2023	4790	NNU-CHINA	Best New Basic Part	special	general-biology	nominee	undergrad	https://static.igem.org/websites/common/2023/icons/awards/best-new-basic-part.svg
2023	4790	NNU-CHINA	Gold	medal	gold	winner		https://static.igem.org/websites/common/2023/icons/medal-flat.svg
2023	4801	NPU-CHINA	Silver	medal	silver	winner		https://static.igem.org/websites/common/2023/icons/medal-silver-flat.svg
2023	4636	NTHU-Taiwan	Gold	medal	gold	winner		https://static.igem.org/websites/common/2023/icons/medal-flat.svg
2023	4830	NTU-Singapore	Silver	medal	silver	winner		https://static.igem.org/websites/common/2023/icons/medal-silver-flat.svg
2023	4782	NU-Kazakhstan	Silver	medal	silver	winner		https://static.igem.org/websites/common/2023/icons/medal-silver-flat.svg
2023	4960	NUDT-CHINA	Best Therapeutics Project	village		nominee	undergrad	https://static.igem.org/websites/common/2022/icons/village/therapeutics.svg
2023	4960	NUDT-CHINA	Gold	medal	gold	winner		https://static.igem.org/websites/common/2023/icons/medal-flat.svg
2023	4850	NUS-Singapore	Best Foundational Advance Project	village		winner	underover	https://static.igem.org/websites/common/2022/icons/village/foundational-advance.svg
2023	4850	NUS-Singapore	Best Model	special	general-biology	nominee	undergrad	https://static.igem.org/websites/common/2023/icons/awards/best-model.svg
2023	4850	NUS-Singapore	Best New Composite Part	special	general-biology	nominee	undergrad	https://static.igem.org/websites/common/2023/icons/awards/best-new-composite-part.svg
2023	4850	NUS-Singapore	Best Presentation	special		nominee	undergrad	https://static.igem.org/websites/common/2023/icons/awards/best-presentation.svg
2023	4850	NUS-Singapore	Best Wiki	special		nominee	undergrad	https://static.igem.org/websites/common/2023/icons/awards/best-wiki.svg
2023	4850	NUS-Singapore	Finalist	finalist		nominee	undergrad	
2023	4850	NUS-Singapore	Gold	medal	gold	winner		https://static.igem.org/websites/common/2023/icons/medal-flat.svg
2023	4850	NUS-Singapore	Second Runner Up	grand-prize	second-runner-up	winner	undergrad	
2023	4850	NUS-Singapore	Top 10	grand-prize	top	winner	undergrad	
2023	4762	NWU-CHINA-A	Silver	medal	silver	winner		https://static.igem.org/websites/common/2023/icons/medal-silver-flat.svg
2023	4974	NYCEmpireState	Silver	medal	silver	winner		https://static.igem.org/websites/common/2023/icons/medal-silver-flat.svg
2023	4854	NYCU-Formosa	Gold	medal	gold	winner		https://static.igem.org/websites/common/2023/icons/medal-flat.svg
2023	4822	NYCU-Taipei	Silver	medal	silver	winner		https://static.igem.org/websites/common/2023/icons/medal-silver-flat.svg
2023	4812	NYU-Abu-Dhabi	Silver	medal	silver	winner		https://static.igem.org/websites/common/2023/icons/medal-silver-flat.svg
2023	4820	NYU-New-York	Silver	medal	silver	winner		https://static.igem.org/websites/common/2023/icons/medal-silver-flat.svg
2023	4886	Nanjing-BioX	Gold	medal	gold	winner		https://static.igem.org/websites/common/2023/icons/medal-flat.svg
2023	4779	Nanjing-BioXstem	Silver	medal	silver	winner		https://static.igem.org/websites/common/2023/icons/medal-silver-flat.svg
2023	4605	Nanjing-China	Silver	medal	silver	winner		https://static.igem.org/websites/common/2023/icons/medal-silver-flat.svg
2023	4606	Nanjing-NFLS	Gold	medal	gold	winner		https://static.igem.org/websites/common/2023/icons/medal-flat.svg
2023	4885	Nanjing-SDG	Best New Improved Part	special	general-biology	nominee	high-school	https://static.igem.org/websites/common/2023/icons/awards/best-new-improved-part.svg
2023	4885	Nanjing-SDG	Best Part Collection	special	general-biology	nominee	high-school	https://static.igem.org/websites/common/2023/icons/awards/best-part-collection.svg
2023	4885	Nanjing-SDG	Best Presentation	special		nominee	high-school	https://static.igem.org/websites/common/2023/icons/awards/best-presentation.svg
2023	4885	Nanjing-SDG	Best Wiki	special		nominee	high-school	https://static.igem.org/websites/common/2023/icons/awards/best-wiki.svg
2023	4885	Nanjing-SDG	Silver	medal	silver	winner		https://static.igem.org/websites/common/2023/icons/medal-silver-flat.svg
2023	4885	Nanjing-SDG	Top 10	grand-prize	top	winner	high-school	
2023	4709	Nantes						
2023	5011	NavarraBG	Best Presentation	special		nominee	high-school	https://static.igem.org/websites/common/2023/icons/awards/best-presentation.svg
2023	5011	NavarraBG	Silver	medal	silver	winner		https://static.igem.org/websites/common/2023/icons/medal-silver-flat.svg
2023	4884	OKstate	Bronze	medal	bronze	winner		https://static.igem.org/websites/common/2023/icons/medal-bronze-flat.svg
2023	4865	OTIA-Hangzhou	Best New Composite Part	special	general-biology	nominee	high-school	https://static.igem.org/websites/common/2023/icons/awards/best-new-composite-part.svg
2023	4865	OTIA-Hangzhou	Best Presentation	special		nominee	high-school	https://static.igem.org/websites/common/2023/icons/awards/best-presentation.svg
2023	4865	OTIA-Hangzhou	Gold	medal	gold	winner		https://static.igem.org/websites/common/2023/icons/medal-flat.svg
2023	4711	OUC-China	Best Hardware	special	specialisation	nominee	undergrad	https://static.igem.org/websites/common/2023/icons/awards/best-hardware.svg
2023	4711	OUC-China	Gold	medal	gold	winner		https://static.igem.org/websites/common/2023/icons/medal-flat.svg
2023	4596	OUC-Haide	Gold	medal	gold	winner		https://static.igem.org/websites/common/2023/icons/medal-flat.svg
2023	5027	Ohio-State-FABE	Bronze	medal	bronze	winner		https://static.igem.org/websites/common/2023/icons/medal-bronze-flat.svg
2023	4932	Oxford	Safety and Security Award	special	specialisation	nominee	undergrad	https://static.igem.org/websites/common/2023/icons/awards/safety-and-security-award.svg
2023	4932	Oxford	Silver	medal	silver	winner		https://static.igem.org/websites/common/2023/icons/medal-silver-flat.svg
2023	4971	PIHS-Beijing	Bronze	medal	bronze	winner		https://static.igem.org/websites/common/2023/icons/medal-bronze-flat.svg
2023	4926	PINGHE	Silver	medal	silver	winner		https://static.igem.org/websites/common/2023/icons/medal-silver-flat.svg
2023	4923	PLKLFC-1	Silver	medal	silver	winner		https://static.igem.org/websites/common/2023/icons/medal-silver-flat.svg
2023	4936	PLKNPLC-HK						
2023	4743	PTSH-Taiwan						
2023	4602	Paris-Bettencourt						
2023	4639	Patras						
2023	5017	Patras-Med	Gold	medal	gold	winner		https://static.igem.org/websites/common/2023/icons/medal-flat.svg
2023	4973	PatrasBio						
2023	4713	Peking	Gold	medal	gold	winner		https://static.igem.org/websites/common/2023/icons/medal-flat.svg
2023	4638	PekingHSC	Gold	medal	gold	winner		https://static.igem.org/websites/common/2023/icons/medal-flat.svg
2023	4950	PennState	Silver	medal	silver	winner		https://static.igem.org/websites/common/2023/icons/medal-silver-flat.svg
2023	4686	Princeton	Silver	medal	silver	winner		https://static.igem.org/websites/common/2023/icons/medal-silver-flat.svg
2023	4814	PuiChing-Macau	Best Model	special	general-biology	nominee	high-school	https://static.igem.org/websites/common/2023/icons/awards/best-model.svg
2023	4814	PuiChing-Macau	Best New Composite Part	special	general-biology	nominee	high-school	https://static.igem.org/websites/common/2023/icons/awards/best-new-composite-part.svg
2023	4814	PuiChing-Macau	Gold	medal	gold	winner		https://static.igem.org/websites/common/2023/icons/medal-flat.svg
2023	4894	Purdue						
2023	4784	Qdai	Bronze	medal	bronze	winner		https://static.igem.org/websites/common/2023/icons/medal-bronze-flat.svg
2023	4728	Queens-Canada	Silver	medal	silver	winner		https://static.igem.org/websites/common/2023/icons/medal-silver-flat.svg
2023	4734	RBHS-SanDiego-CA	Silver	medal	silver	winner		https://static.igem.org/websites/common/2023/icons/medal-silver-flat.svg
2023	4965	RDFZ-CHINA	Best Wiki	special		nominee	high-school	https://static.igem.org/websites/common/2023/icons/awards/best-wiki.svg
2023	4965	RDFZ-CHINA	Gold	medal	gold	winner		https://static.igem.org/websites/common/2023/icons/medal-flat.svg
2023	4965	RDFZ-CHINA	Safety and Security Award	special	specialisation	nominee	high-school	https://static.igem.org/websites/common/2023/icons/awards/safety-and-security-award.svg
2023	4689	REC-CHENNAI						
2023	4806	RPTU-Kaiserslautern	Gold	medal	gold	winner		https://static.igem.org/websites/common/2023/icons/medal-flat.svg
2023	4741	RUBochum	Bronze	medal	bronze	winner		https://static.igem.org/websites/common/2023/icons/medal-bronze-flat.svg
2023	4996	RainsACA-China	Silver	medal	silver	winner		https://static.igem.org/websites/common/2023/icons/medal-silver-flat.svg
2023	4588	Rochester	Best Biomanufacturing Project	village		nominee	underover	https://static.igem.org/websites/common/2022/icons/village/biomanufacturing.svg
2023	4588	Rochester	Best Hardware	special	specialisation	nominee	undergrad	https://static.igem.org/websites/common/2023/icons/awards/best-hardware.svg
2023	4588	Rochester	Gold	medal	gold	winner		https://static.igem.org/websites/common/2023/icons/medal-flat.svg
2023	4632	SCAU-China	Gold	medal	gold	winner		https://static.igem.org/websites/common/2023/icons/medal-flat.svg
2023	4847	SCIE-PearlDelta	Gold	medal	gold	winner		https://static.igem.org/websites/common/2023/icons/medal-flat.svg
2023	4937	SCU-BSE-China	Gold	medal	gold	winner		https://static.igem.org/websites/common/2023/icons/medal-flat.svg
2023	4817	SCU-China	Best Environment Project	village		nominee	undergrad	https://static.igem.org/websites/common/2022/icons/village/environment.svg
2023	4817	SCU-China	Gold	medal	gold	winner		https://static.igem.org/websites/common/2023/icons/medal-flat.svg
2023	4621	SCUT-China	Silver	medal	silver	winner		https://static.igem.org/websites/common/2023/icons/medal-silver-flat.svg
2023	4583	SDU-CHINA	Gold	medal	gold	winner		https://static.igem.org/websites/common/2023/icons/medal-flat.svg
2023	4868	SDU-Denmark	Best Bioremediation Project	village		nominee	overgrad	https://static.igem.org/websites/common/2022/icons/village/bioremediation.svg
2023	4868	SDU-Denmark	Best Integrated Human Practices	special	specialisation	winner	overgrad	https://static.igem.org/websites/common/2023/icons/awards/best-integrated-human-practices.svg
2023	4868	SDU-Denmark	Best Presentation	special		nominee	overgrad	https://static.igem.org/websites/common/2023/icons/awards/best-presentation.svg
2023	4868	SDU-Denmark	Best Sustainable Development Impact	special	specialisation	nominee	overgrad	https://static.igem.org/websites/common/2023/icons/awards/best-sustainable-development-impact.svg
2023	4868	SDU-Denmark	Gold	medal	gold	winner		https://static.igem.org/websites/common/2023/icons/medal-flat.svg
2023	4672	SHSBNU-China	Gold	medal	gold	winner		https://static.igem.org/websites/common/2023/icons/medal-flat.svg
2023	4942	SHSID-China	Best New Improved Part	special	general-biology	nominee	high-school	https://static.igem.org/websites/common/2023/icons/awards/best-new-improved-part.svg
2023	4942	SHSID-China	Gold	medal	gold	winner		https://static.igem.org/websites/common/2023/icons/medal-flat.svg
2023	4760	SJTU-BioX-Shanghai	Gold	medal	gold	winner		https://static.igem.org/websites/common/2023/icons/medal-flat.svg
2023	4589	SJTU-software	Best Software & AI Project	village		winner	underover	https://static.igem.org/websites/common/2022/icons/village/software-ai.svg
2023	4589	SJTU-software	Silver	medal	silver	winner		https://static.igem.org/websites/common/2023/icons/medal-silver-flat.svg
2023	4911	SMBU	Bronze	medal	bronze	winner		https://static.igem.org/websites/common/2023/icons/medal-bronze-flat.svg
2023	4712	SMS-Shenzhen	Gold	medal	gold	winner		https://static.igem.org/websites/common/2023/icons/medal-flat.svg
2023	4785	SUSTech-CHINA	Silver	medal	silver	winner		https://static.igem.org/websites/common/2023/icons/medal-silver-flat.svg
2023	4747	SUSTech-MED	Gold	medal	gold	winner		https://static.igem.org/websites/common/2023/icons/medal-flat.svg
2023	4809	SUSTech-OCE	Silver	medal	silver	winner		https://static.igem.org/websites/common/2023/icons/medal-silver-flat.svg
2023	4739	SUSTech-Shenzhen	Silver	medal	silver	winner		https://static.igem.org/websites/common/2023/icons/medal-silver-flat.svg
2023	4864	SVCE-CHENNAI	Bronze	medal	bronze	winner		https://static.igem.org/websites/common/2023/icons/medal-bronze-flat.svg
2023	4915	SWUer-China	Bronze	medal	bronze	winner		https://static.igem.org/websites/common/2023/icons/medal-bronze-flat.svg
2023	4617	SYPHU-China	Silver	medal	silver	winner		https://static.igem.org/websites/common/2023/icons/medal-silver-flat.svg
2023	4839	SYSU-SLS-CHINA	Gold	medal	gold	winner		https://static.igem.org/websites/common/2023/icons/medal-flat.svg
2023	4826	SYSU-Software	Gold	medal	gold	winner		https://static.igem.org/websites/common/2023/icons/medal-flat.svg
2023	4844	SZ-SHD	Best New Composite Part	special	general-biology	winner	high-school	https://static.igem.org/websites/common/2023/icons/awards/best-new-composite-part.svg
2023	4844	SZ-SHD	Best Plant Synthetic Biology	special	specialisation	winner	high-school	https://static.igem.org/websites/common/2023/icons/awards/best-plant-synthetic-biology.svg
2023	4844	SZ-SHD	Best Sustainable Development Impact	special	specialisation	nominee	high-school	https://static.igem.org/websites/common/2023/icons/awards/best-sustainable-development-impact.svg
2023	4844	SZ-SHD	Gold	medal	gold	winner		https://static.igem.org/websites/common/2023/icons/medal-flat.svg
2023	4653	SZU-China	Best Agriculture Project	village		winner	underover	https://static.igem.org/websites/common/2022/icons/village/agriculture.svg
2023	4653	SZU-China	Best New Basic Part	special	general-biology	winner	overgrad	https://static.igem.org/websites/common/2023/icons/awards/best-new-basic-part.svg
2023	4653	SZU-China	Best Part Collection	special	general-biology	winner	overgrad	https://static.igem.org/websites/common/2023/icons/awards/best-part-collection.svg
2023	4653	SZU-China	Best Wiki	special		nominee	overgrad	https://static.igem.org/websites/common/2023/icons/awards/best-wiki.svg
2023	4653	SZU-China	Gold	medal	gold	winner		https://static.igem.org/websites/common/2023/icons/medal-flat.svg
2023	4653	SZU-China	Top 10	grand-prize	top	winner	overgrad	
2023	4622	Saint-Joseph	Silver	medal	silver	winner		https://static.igem.org/websites/common/2023/icons/medal-silver-flat.svg
2023	4948	Seoul-Korea						
2023	4887	Shanghai-BioX	Silver	medal	silver	winner		https://static.igem.org/websites/common/2023/icons/medal-silver-flat.svg
2023	4874	Shanghai-HS	Silver	medal	silver	winner		https://static.igem.org/websites/common/2023/icons/medal-silver-flat.svg
2023	4889	Shanghai-MedX	Silver	medal	silver	winner		https://static.igem.org/websites/common/2023/icons/medal-silver-flat.svg
2023	4890	Shanghai-SDG	Best Part Collection	special	general-biology	nominee	high-school	https://static.igem.org/websites/common/2023/icons/awards/best-part-collection.svg
2023	4890	Shanghai-SDG	Best Wiki	special		nominee	high-school	https://static.igem.org/websites/common/2023/icons/awards/best-wiki.svg
2023	4890	Shanghai-SDG	Gold	medal	gold	winner		https://static.igem.org/websites/common/2023/icons/medal-flat.svg
2023	4873	Shanghai-city	Silver	medal	silver	winner		https://static.igem.org/websites/common/2023/icons/medal-silver-flat.svg
2023	4594	ShanghaiTech-China	Best Climate Crisis Project	village		nominee	underover	https://static.igem.org/websites/common/2022/icons/village/climate-crisis.svg
2023	4594	ShanghaiTech-China	Best Presentation	special		nominee	undergrad	https://static.igem.org/websites/common/2023/icons/awards/best-presentation.svg
2023	4594	ShanghaiTech-China	Best Wiki	special		winner	undergrad	https://static.igem.org/websites/common/2023/icons/awards/best-wiki.svg
2023	4594	ShanghaiTech-China	Gold	medal	gold	winner		https://static.igem.org/websites/common/2023/icons/medal-flat.svg
2023	4594	ShanghaiTech-China	Top 10	grand-prize	top	winner	undergrad	
2023	4939	Sheffield	Best Model	special	general-biology	nominee	overgrad	https://static.igem.org/websites/common/2023/icons/awards/best-model.svg
2023	4939	Sheffield	Silver	medal	silver	winner		https://static.igem.org/websites/common/2023/icons/medal-silver-flat.svg
2023	4643	Sorbonne-U-Paris	Gold	medal	gold	winner		https://static.igem.org/websites/common/2023/icons/medal-flat.svg
2023	5014	Squirrel-Beijing						
2023	5002	Squirrel-Beijing-I	Best New Composite Part	special	general-biology	nominee	high-school	https://static.igem.org/websites/common/2023/icons/awards/best-new-composite-part.svg
2023	5002	Squirrel-Beijing-I	Gold	medal	gold	winner		https://static.igem.org/websites/common/2023/icons/medal-flat.svg
2023	5003	Squirrel-Beijing-II						
2023	5013	Squirrel-CHN	Gold	medal	gold	winner		https://static.igem.org/websites/common/2023/icons/medal-flat.svg
2023	5009	Squirrel-CHN-II	Gold	medal	gold	winner		https://static.igem.org/websites/common/2023/icons/medal-flat.svg
2023	5000	Squirrel-Guangzhou	Gold	medal	gold	winner		https://static.igem.org/websites/common/2023/icons/medal-flat.svg
2023	5008	Squirrel-Shanghai	Gold	medal	gold	winner		https://static.igem.org/websites/common/2023/icons/medal-flat.svg
2023	4951	Stanford	Best Education	special	specialisation	nominee	undergrad	https://static.igem.org/websites/common/2023/icons/awards/best-education.svg
2023	4951	Stanford	Best Environment Project	village		nominee	undergrad	https://static.igem.org/websites/common/2022/icons/village/environment.svg
2023	4951	Stanford	Silver	medal	silver	winner		https://static.igem.org/websites/common/2023/icons/medal-silver-flat.svg
2023	4658	Stockholm	Gold	medal	gold	winner		https://static.igem.org/websites/common/2023/icons/medal-flat.svg
2023	4647	Stony-Brook	Silver	medal	silver	winner		https://static.igem.org/websites/common/2023/icons/medal-silver-flat.svg
2023	4575	Stuttgart	Silver	medal	silver	winner		https://static.igem.org/websites/common/2023/icons/medal-silver-flat.svg
2023	4845	SubCat-China	Gold	medal	gold	winner		https://static.igem.org/websites/common/2023/icons/medal-flat.svg
2023	4909	SubCat-GD	Silver	medal	silver	winner		https://static.igem.org/websites/common/2023/icons/medal-silver-flat.svg
2023	4929	SubCat-HongKong	Bronze	medal	bronze	winner		https://static.igem.org/websites/common/2023/icons/medal-bronze-flat.svg
2023	4904	SubCat-Peking	Gold	medal	gold	winner		https://static.igem.org/websites/common/2023/icons/medal-flat.svg
2023	4908	SubCat-Shanghai	Silver	medal	silver	winner		https://static.igem.org/websites/common/2023/icons/medal-silver-flat.svg
2023	4648	TAU-Israel	Best Software Tool	special	specialisation	nominee	overgrad	https://static.igem.org/websites/common/2023/icons/awards/best-software-tool.svg
2023	4648	TAU-Israel	Gold	medal	gold	winner		https://static.igem.org/websites/common/2023/icons/medal-flat.svg
2023	4986	THINKER-CHINA	Gold	medal	gold	winner		https://static.igem.org/websites/common/2023/icons/medal-flat.svg
2023	4793	THIS-CHINA						
2023	4627	TJUSLS-China	Best Bioremediation Project	village		winner	undergrad	https://static.igem.org/websites/common/2022/icons/village/bioremediation.svg
2023	4627	TJUSLS-China	Gold	medal	gold	winner		https://static.igem.org/websites/common/2023/icons/medal-flat.svg
2023	4843	TSB-Center						
2023	4841	TSBC-SZ	Silver	medal	silver	winner		https://static.igem.org/websites/common/2023/icons/medal-silver-flat.svg
2023	4654	TU-Braunschweig	Best Diagnostics Project	village		winner	overgrad	https://static.igem.org/websites/common/2022/icons/village/diagnostics.svg
2023	4654	TU-Braunschweig	Best New Composite Part	special	general-biology	nominee	overgrad	https://static.igem.org/websites/common/2023/icons/awards/best-new-composite-part.svg
2023	4654	TU-Braunschweig	Gold	medal	gold	winner		https://static.igem.org/websites/common/2023/icons/medal-flat.svg
2023	4654	TU-Braunschweig	Top 10	grand-prize	top	winner	overgrad	
2023	4750	TU-Dresden	Best Bioremediation Project	village		nominee	overgrad	https://static.igem.org/websites/common/2022/icons/village/bioremediation.svg
2023	4750	TU-Dresden	Best Education	special	specialisation	nominee	overgrad	https://static.igem.org/websites/common/2023/icons/awards/best-education.svg
2023	4750	TU-Dresden	Best Presentation	special		nominee	overgrad	https://static.igem.org/websites/common/2023/icons/awards/best-presentation.svg
2023	4750	TU-Dresden	Gold	medal	gold	winner		https://static.igem.org/websites/common/2023/icons/medal-flat.svg
2023	4750	TU-Dresden	Top 10	grand-prize	top	winner	overgrad	
2023	4905	TU-Eindhoven	Best New Composite Part	special	general-biology	winner	overgrad	https://static.igem.org/websites/common/2023/icons/awards/best-new-composite-part.svg
2023	4905	TU-Eindhoven	Best Therapeutics Project	village		winner	overgrad	https://static.igem.org/websites/common/2022/icons/village/therapeutics.svg
2023	4905	TU-Eindhoven	Best Wiki	special		nominee	overgrad	https://static.igem.org/websites/common/2023/icons/awards/best-wiki.svg
2023	4905	TU-Eindhoven	Gold	medal	gold	winner		https://static.igem.org/websites/common/2023/icons/medal-flat.svg
2023	4905	TU-Eindhoven	Top 10	grand-prize	top	winner	overgrad	
2023	4673	Taipei-KCISLK-V1	Best Presentation	special		nominee	high-school	https://static.igem.org/websites/common/2023/icons/awards/best-presentation.svg
2023	4673	Taipei-KCISLK-V1	Best Wiki	special		nominee	high-school	https://static.igem.org/websites/common/2023/icons/awards/best-wiki.svg
2023	4673	Taipei-KCISLK-V1	Gold	medal	gold	winner		https://static.igem.org/websites/common/2023/icons/medal-flat.svg
2023	4607	Tec-Chihuahua	Best Entrepreneurship	special	specialisation	winner	undergrad	https://static.igem.org/websites/common/2023/icons/awards/best-entrepreneurship.svg
2023	4607	Tec-Chihuahua	Best Food & Nutrition Project	village		winner	underover	https://static.igem.org/websites/common/2022/icons/village/nutrition.svg
2023	4607	Tec-Chihuahua	Best Integrated Human Practices	special	specialisation	nominee	undergrad	https://static.igem.org/websites/common/2023/icons/awards/best-integrated-human-practices.svg
2023	4607	Tec-Chihuahua	Gold	medal	gold	winner		https://static.igem.org/websites/common/2023/icons/medal-flat.svg
2023	4763	TecMonterreyGDL	Gold	medal	gold	winner		https://static.igem.org/websites/common/2023/icons/medal-flat.svg
2023	4763	TecMonterreyGDL	Inclusivity Award	special	specialisation	nominee	undergrad	https://static.igem.org/websites/common/2023/icons/awards/inclusivity-award.svg
2023	4633	Technion-Israel	Best Integrated Human Practices	special	specialisation	nominee	overgrad	https://static.igem.org/websites/common/2023/icons/awards/best-integrated-human-practices.svg
2023	4633	Technion-Israel	Best Presentation	special		nominee	overgrad	https://static.igem.org/websites/common/2023/icons/awards/best-presentation.svg
2023	4633	Technion-Israel	Gold	medal	gold	winner		https://static.igem.org/websites/common/2023/icons/medal-flat.svg
2023	4629	Thailand-RIS	Best Presentation	special		nominee	high-school	https://static.igem.org/websites/common/2023/icons/awards/best-presentation.svg
2023	4629	Thailand-RIS	Silver	medal	silver	winner		https://static.igem.org/websites/common/2023/icons/medal-silver-flat.svg
2023	4735	The-Kings-School-AU	Gold	medal	gold	winner		https://static.igem.org/websites/common/2023/icons/medal-flat.svg
2023	4624	Thessaly	Best Bioremediation Project	village		nominee	overgrad	https://static.igem.org/websites/common/2022/icons/village/bioremediation.svg
2023	4624	Thessaly	Best Education	special	specialisation	nominee	overgrad	https://static.igem.org/websites/common/2023/icons/awards/best-education.svg
2023	4624	Thessaly	Best Entrepreneurship	special	specialisation	nominee	overgrad	https://static.igem.org/websites/common/2023/icons/awards/best-entrepreneurship.svg
2023	4624	Thessaly	Best New Basic Part	special	general-biology	nominee	overgrad	https://static.igem.org/websites/common/2023/icons/awards/best-new-basic-part.svg
2023	4624	Thessaly	Best Wiki	special		nominee	overgrad	https://static.igem.org/websites/common/2023/icons/awards/best-wiki.svg
2023	4624	Thessaly	Gold	medal	gold	winner		https://static.igem.org/websites/common/2023/icons/medal-flat.svg
2023	4624	Thessaly	Top 10	grand-prize	top	winner	overgrad	
2023	4987	Thinker-Guangdong	Best Sustainable Development Impact	special	specialisation	nominee	high-school	https://static.igem.org/websites/common/2023/icons/awards/best-sustainable-development-impact.svg
2023	4987	Thinker-Guangdong	Silver	medal	silver	winner		https://static.igem.org/websites/common/2023/icons/medal-silver-flat.svg
2023	5015	Thinker-SC	Gold	medal	gold	winner		https://static.igem.org/websites/common/2023/icons/medal-flat.svg
2023	4988	Thinker-Shanghai	Silver	medal	silver	winner		https://static.igem.org/websites/common/2023/icons/medal-silver-flat.svg
2023	4979	Thinker-Shenzhen	Silver	medal	silver	winner		https://static.igem.org/websites/common/2023/icons/medal-silver-flat.svg
2023	4989	Thrace	Silver	medal	silver	winner		https://static.igem.org/websites/common/2023/icons/medal-silver-flat.svg
2023	4703	Tianjin	Gold	medal	gold	winner		https://static.igem.org/websites/common/2023/icons/medal-flat.svg
2023	4828	TokyoTech	Silver	medal	silver	winner		https://static.igem.org/websites/common/2023/icons/medal-silver-flat.svg
2023	4786	Tongji-China	Gold	medal	gold	winner		https://static.igem.org/websites/common/2023/icons/medal-flat.svg
2023	4787	Tongji-Software	Gold	medal	gold	winner		https://static.igem.org/websites/common/2023/icons/medal-flat.svg
2023	4615	Toronto	Best Climate Crisis Project	village		nominee	underover	https://static.igem.org/websites/common/2022/icons/village/climate-crisis.svg
2023	4615	Toronto	Best Entrepreneurship	special	specialisation	nominee	overgrad	https://static.igem.org/websites/common/2023/icons/awards/best-entrepreneurship.svg
2023	4615	Toronto	Best Integrated Human Practices	special	specialisation	nominee	overgrad	https://static.igem.org/websites/common/2023/icons/awards/best-integrated-human-practices.svg
2023	4615	Toronto	Best Model	special	general-biology	winner	overgrad	https://static.igem.org/websites/common/2023/icons/awards/best-model.svg
2023	4615	Toronto	Best Presentation	special		nominee	overgrad	https://static.igem.org/websites/common/2023/icons/awards/best-presentation.svg
2023	4615	Toronto	Best Wiki	special		nominee	overgrad	https://static.igem.org/websites/common/2023/icons/awards/best-wiki.svg
2023	4615	Toronto	Gold	medal	gold	winner		https://static.igem.org/websites/common/2023/icons/medal-flat.svg
2023	4768	Toulouse-INSA-UPS	Best Measurement	special	general-biology	nominee	overgrad	https://static.igem.org/websites/common/2023/icons/awards/best-measurement.svg
2023	4768	Toulouse-INSA-UPS	Best Model	special	general-biology	nominee	overgrad	https://static.igem.org/websites/common/2023/icons/awards/best-model.svg
2023	4768	Toulouse-INSA-UPS	Best Presentation	special		nominee	overgrad	https://static.igem.org/websites/common/2023/icons/awards/best-presentation.svg
2023	4768	Toulouse-INSA-UPS	Best Therapeutics Project	village		nominee	overgrad	https://static.igem.org/websites/common/2022/icons/village/therapeutics.svg
2023	4768	Toulouse-INSA-UPS	Gold	medal	gold	winner		https://static.igem.org/websites/common/2023/icons/medal-flat.svg
2023	4634	Tsinghua	Best Software Tool	special	specialisation	nominee	undergrad	https://static.igem.org/websites/common/2023/icons/awards/best-software-tool.svg
2023	4634	Tsinghua	Best Therapeutics Project	village		nominee	undergrad	https://static.igem.org/websites/common/2022/icons/village/therapeutics.svg
2023	4634	Tsinghua	Gold	medal	gold	winner		https://static.igem.org/websites/common/2023/icons/medal-flat.svg
2023	4771	Tsinghua-A	Gold	medal	gold	winner		https://static.igem.org/websites/common/2023/icons/medal-flat.svg
2023	4772	Tsinghua-TFL	Best Plant Synthetic Biology	special	specialisation	nominee	undergrad	https://static.igem.org/websites/common/2023/icons/awards/best-plant-synthetic-biology.svg
2023	4772	Tsinghua-TFL	Best Sustainable Development Impact	special	specialisation	nominee	undergrad	https://static.igem.org/websites/common/2023/icons/awards/best-sustainable-development-impact.svg
2023	4772	Tsinghua-TFL	Gold	medal	gold	winner		https://static.igem.org/websites/common/2023/icons/medal-flat.svg
2023	4871	Tsukuba	Silver	medal	silver	winner		https://static.igem.org/websites/common/2023/icons/medal-silver-flat.svg
2023	4834	Tuebingen	Silver	medal	silver	winner		https://static.igem.org/websites/common/2023/icons/medal-silver-flat.svg
2023	4755	UAlberta	Silver	medal	silver	winner		https://static.igem.org/websites/common/2023/icons/medal-silver-flat.svg
2023	4733	UBC-Okanagan	Best Conservation Project	village		nominee	underover	https://static.igem.org/websites/common/2022/icons/village/conservation.svg
2023	4733	UBC-Okanagan	Best Presentation	special		nominee	overgrad	https://static.igem.org/websites/common/2023/icons/awards/best-presentation.svg
2023	4733	UBC-Okanagan	Best Sustainable Development Impact	special	specialisation	nominee	overgrad	https://static.igem.org/websites/common/2023/icons/awards/best-sustainable-development-impact.svg
2023	4733	UBC-Okanagan	Silver	medal	silver	winner		https://static.igem.org/websites/common/2023/icons/medal-silver-flat.svg
2023	4796	UBC-Vancouver	Silver	medal	silver	winner		https://static.igem.org/websites/common/2023/icons/medal-silver-flat.svg
2023	4619	UCAS-China	Best Foundational Advance Project	village		nominee	underover	https://static.igem.org/websites/common/2022/icons/village/foundational-advance.svg
2023	4619	UCAS-China	Best Model	special	general-biology	nominee	undergrad	https://static.igem.org/websites/common/2023/icons/awards/best-model.svg
2023	4619	UCAS-China	Best New Composite Part	special	general-biology	winner	undergrad	https://static.igem.org/websites/common/2023/icons/awards/best-new-composite-part.svg
2023	4619	UCAS-China	Gold	medal	gold	winner		https://static.igem.org/websites/common/2023/icons/medal-flat.svg
2023	4619	UCAS-China	Top 10	grand-prize	top	winner	undergrad	
2023	4592	UCSC	Best Software Tool	special	specialisation	nominee	undergrad	https://static.igem.org/websites/common/2023/icons/awards/best-software-tool.svg
2023	4592	UCSC	Gold	medal	gold	winner		https://static.igem.org/websites/common/2023/icons/medal-flat.svg
2023	4710	UChicago	Gold	medal	gold	winner		https://static.igem.org/websites/common/2023/icons/medal-flat.svg
2023	4984	UConn	Bronze	medal	bronze	winner		https://static.igem.org/websites/common/2023/icons/medal-bronze-flat.svg
2023	4773	UESTC-China	Gold	medal	gold	winner		https://static.igem.org/websites/common/2023/icons/medal-flat.svg
2023	4975	UFlorida	Silver	medal	silver	winner		https://static.igem.org/websites/common/2023/icons/medal-silver-flat.svg
2023	4914	UGM-Indonesia	Best Diagnostics Project	village		nominee	undergrad	https://static.igem.org/websites/common/2022/icons/village/diagnostics.svg
2023	4914	UGM-Indonesia	Gold	medal	gold	winner		https://static.igem.org/websites/common/2023/icons/medal-flat.svg
2023	4914	UGM-Indonesia	Inclusivity Award	special	specialisation	winner	undergrad	https://static.igem.org/websites/common/2023/icons/awards/inclusivity-award.svg
2023	4749	UI-Indonesia	Silver	medal	silver	winner		https://static.igem.org/websites/common/2023/icons/medal-silver-flat.svg
2023	4866	UIncheon						
2023	4959	ULC	Gold	medal	gold	winner		https://static.igem.org/websites/common/2023/icons/medal-flat.svg
2023	4726	ULaval	Gold	medal	gold	winner		https://static.igem.org/websites/common/2023/icons/medal-flat.svg
2023	4716	UM-Macau	Silver	medal	silver	winner		https://static.igem.org/websites/common/2023/icons/medal-silver-flat.svg
2023	4949	UManitoba	Best Part Collection	special	general-biology	nominee	overgrad	https://static.igem.org/websites/common/2023/icons/awards/best-part-collection.svg
2023	4949	UManitoba	Silver	medal	silver	winner		https://static.igem.org/websites/common/2023/icons/medal-silver-flat.svg
2023	4860	UMaryland						
2023	4893	UNC-ChapelHill	Bronze	medal	bronze	winner		https://static.igem.org/websites/common/2023/icons/medal-bronze-flat.svg
2023	5023	UNILA-LatAm	Bronze	medal	bronze	winner		https://static.igem.org/websites/common/2023/icons/medal-bronze-flat.svg
2023	4685	UNILausanne	Best Measurement	special	general-biology	nominee	undergrad	https://static.igem.org/websites/common/2023/icons/awards/best-measurement.svg
2023	4685	UNILausanne	Gold	medal	gold	winner		https://static.igem.org/websites/common/2023/icons/medal-flat.svg
2023	4758	UNSW-Australia	Silver	medal	silver	winner		https://static.igem.org/websites/common/2023/icons/medal-silver-flat.svg
2023	4848	UNT	Bronze	medal	bronze	winner		https://static.igem.org/websites/common/2023/icons/medal-bronze-flat.svg
2023	4598	UOregon	Best Software Tool	special	specialisation	nominee	undergrad	https://static.igem.org/websites/common/2023/icons/awards/best-software-tool.svg
2023	4598	UOregon	Silver	medal	silver	winner		https://static.igem.org/websites/common/2023/icons/medal-silver-flat.svg
2023	4671	UPNAvarra-Spain	Silver	medal	silver	winner		https://static.igem.org/websites/common/2023/icons/medal-silver-flat.svg
2023	4578	USAFA	Gold	medal	gold	winner		https://static.igem.org/websites/common/2023/icons/medal-flat.svg
2023	4578	USAFA	Safety and Security Award	special	specialisation	nominee	undergrad	https://static.igem.org/websites/common/2023/icons/awards/safety-and-security-award.svg
2023	4857	USC						
2023	4590	USP-Brazil	Bronze	medal	bronze	winner		https://static.igem.org/websites/common/2023/icons/medal-bronze-flat.svg
2023	5007	USP-EEL-Brazil	Silver	medal	silver	winner		https://static.igem.org/websites/common/2023/icons/medal-silver-flat.svg
2023	4679	USTC	Silver	medal	silver	winner		https://static.igem.org/websites/common/2023/icons/medal-silver-flat.svg
2023	4659	USTC-Software	Silver	medal	silver	winner		https://static.igem.org/websites/common/2023/icons/medal-silver-flat.svg
2023	4803	UTokyo	Best Integrated Human Practices	special	specialisation	nominee	undergrad	https://static.igem.org/websites/common/2023/icons/awards/best-integrated-human-practices.svg
2023	4803	UTokyo	Best Part Collection	special	general-biology	nominee	undergrad	https://static.igem.org/websites/common/2023/icons/awards/best-part-collection.svg
2023	4803	UTokyo	Gold	medal	gold	winner		https://static.igem.org/websites/common/2023/icons/medal-flat.svg
2023	4707	UVU-Utah	Silver	medal	silver	winner		https://static.igem.org/websites/common/2023/icons/medal-silver-flat.svg
2023	4662	UZurich	Best Part Collection	special	general-biology	nominee	overgrad	https://static.igem.org/websites/common/2023/icons/awards/best-part-collection.svg
2023	4662	UZurich	Gold	medal	gold	winner		https://static.igem.org/websites/common/2023/icons/medal-flat.svg
2023	4899	UiOslo-Norway	Best Part Collection	special	general-biology	nominee	overgrad	https://static.igem.org/websites/common/2023/icons/awards/best-part-collection.svg
2023	4899	UiOslo-Norway	Silver	medal	silver	winner		https://static.igem.org/websites/common/2023/icons/medal-silver-flat.svg
2023	4727	Uni-Padua-IT	Best Therapeutics Project	village		nominee	undergrad	https://static.igem.org/websites/common/2022/icons/village/therapeutics.svg
2023	4727	Uni-Padua-IT	Gold	medal	gold	winner		https://static.igem.org/websites/common/2023/icons/medal-flat.svg
2023	4675	UniMuenster	Inclusivity Award	special	specialisation	winner	overgrad	https://static.igem.org/websites/common/2023/icons/awards/inclusivity-award.svg
2023	4675	UniMuenster	Silver	medal	silver	winner		https://static.igem.org/websites/common/2023/icons/medal-silver-flat.svg
2023	4625	VITVellore	Best Sustainable Development Impact	special	specialisation	nominee	undergrad	https://static.igem.org/websites/common/2023/icons/awards/best-sustainable-development-impact.svg
2023	4625	VITVellore	Gold	medal	gold	winner		https://static.igem.org/websites/common/2023/icons/medal-flat.svg
2023	4719	Vilnius-Lithuania	Best Biomanufacturing Project	village		nominee	underover	https://static.igem.org/websites/common/2022/icons/village/biomanufacturing.svg
2023	4719	Vilnius-Lithuania	Best Education	special	specialisation	nominee	undergrad	https://static.igem.org/websites/common/2023/icons/awards/best-education.svg
2023	4719	Vilnius-Lithuania	Best Part Collection	special	general-biology	nominee	undergrad	https://static.igem.org/websites/common/2023/icons/awards/best-part-collection.svg
2023	4719	Vilnius-Lithuania	Best Presentation	special		nominee	undergrad	https://static.igem.org/websites/common/2023/icons/awards/best-presentation.svg
2023	4719	Vilnius-Lithuania	Best Wiki	special		nominee	undergrad	https://static.igem.org/websites/common/2023/icons/awards/best-wiki.svg
2023	4719	Vilnius-Lithuania	Finalist	finalist		nominee	undergrad	
2023	4719	Vilnius-Lithuania	First Runner Up	grand-prize	first-runner-up	winner	undergrad	
2023	4719	Vilnius-Lithuania	Gold	medal	gold	winner		https://static.igem.org/websites/common/2023/icons/medal-flat.svg
2023	4719	Vilnius-Lithuania	Inclusivity Award	special	specialisation	nominee	undergrad	https://static.igem.org/websites/common/2023/icons/awards/inclusivity-award.svg
2023	4719	Vilnius-Lithuania	Top 10	grand-prize	top	winner	undergrad	
2023	4853	Virginia	Gold	medal	gold	winner		https://static.igem.org/websites/common/2023/icons/medal-flat.svg
2023	4859	WHS-Fremont	Bronze	medal	bronze	winner		https://static.igem.org/websites/common/2023/icons/medal-bronze-flat.svg
2023	4630	WHU-China	Best Education	special	specialisation	nominee	undergrad	https://static.igem.org/websites/common/2023/icons/awards/best-education.svg
2023	4630	WHU-China	Best Foundational Advance Project	village		nominee	underover	https://static.igem.org/websites/common/2022/icons/village/foundational-advance.svg
2023	4630	WHU-China	Best New Composite Part	special	general-biology	nominee	undergrad	https://static.igem.org/websites/common/2023/icons/awards/best-new-composite-part.svg
2023	4630	WHU-China	Best Wiki	special		nominee	undergrad	https://static.igem.org/websites/common/2023/icons/awards/best-wiki.svg
2023	4630	WHU-China	Gold	medal	gold	winner		https://static.igem.org/websites/common/2023/icons/medal-flat.svg
2023	5006	WIST	Best Education	special	specialisation	nominee	high-school	https://static.igem.org/websites/common/2023/icons/awards/best-education.svg
2023	4916	WLC-Milwaukee	Silver	medal	silver	winner		https://static.igem.org/websites/common/2023/icons/medal-silver-flat.svg
2023	4903	WUST-China	Gold	medal	gold	winner		https://static.igem.org/websites/common/2023/icons/medal-flat.svg
2023	4730	WVHS-SanDiego	Silver	medal	silver	winner		https://static.igem.org/websites/common/2023/icons/medal-silver-flat.svg
2023	4663	WageningenUR	Best Agriculture Project	village		nominee	underover	https://static.igem.org/websites/common/2022/icons/village/agriculture.svg
2023	4663	WageningenUR	Gold	medal	gold	winner		https://static.igem.org/websites/common/2023/icons/medal-flat.svg
2023	4600	Warwick	Silver	medal	silver	winner		https://static.igem.org/websites/common/2023/icons/medal-silver-flat.svg
2023	4821	Washington	Silver	medal	silver	winner		https://static.igem.org/websites/common/2023/icons/medal-silver-flat.svg
2023	4704	Waterloo	Bronze	medal	bronze	winner		https://static.igem.org/websites/common/2023/icons/medal-bronze-flat.svg
2023	4748	Wego-Taipei	Silver	medal	silver	winner		https://static.igem.org/websites/common/2023/icons/medal-silver-flat.svg
2023	4842	WestCentral-HS	Silver	medal	silver	winner		https://static.igem.org/websites/common/2023/icons/medal-silver-flat.svg
2023	4702	Westlake-China	Best Entrepreneurship	special	specialisation	nominee	undergrad	https://static.igem.org/websites/common/2023/icons/awards/best-entrepreneurship.svg
2023	4702	Westlake-China	Gold	medal	gold	winner		https://static.igem.org/websites/common/2023/icons/medal-flat.svg
2023	4631	William-and-Mary	Best Foundational Advance Project	village		nominee	underover	https://static.igem.org/websites/common/2022/icons/village/foundational-advance.svg
2023	4631	William-and-Mary	Best Measurement	special	general-biology	winner	undergrad	https://static.igem.org/websites/common/2023/icons/awards/best-measurement.svg
2023	4631	William-and-Mary	Best Model	special	general-biology	nominee	undergrad	https://static.igem.org/websites/common/2023/icons/awards/best-model.svg
2023	4631	William-and-Mary	Best Presentation	special		nominee	undergrad	https://static.igem.org/websites/common/2023/icons/awards/best-presentation.svg
2023	4631	William-and-Mary	Gold	medal	gold	winner		https://static.igem.org/websites/common/2023/icons/medal-flat.svg
2023	4631	William-and-Mary	Top 10	grand-prize	top	winner	undergrad	
2023	4681	WrightState-OH	Best Environment Project	village		nominee	overgrad	https://static.igem.org/websites/common/2022/icons/village/environment.svg
2023	4681	WrightState-OH	Best Hardware	special	specialisation	nominee	overgrad	https://static.igem.org/websites/common/2023/icons/awards/best-hardware.svg
2023	4681	WrightState-OH	Gold	medal	gold	winner		https://static.igem.org/websites/common/2023/icons/medal-flat.svg
2023	4795	Wuhan-Hubei-China	Silver	medal	silver	winner		https://static.igem.org/websites/common/2023/icons/medal-silver-flat.svg
2023	4994	XHD-WuHan-China	Best Hardware	special	specialisation	nominee	high-school	https://static.igem.org/websites/common/2023/icons/awards/best-hardware.svg
2023	4994	XHD-WuHan-China	Gold	medal	gold	winner		https://static.igem.org/websites/common/2023/icons/medal-flat.svg
2023	4995	XHD-WuHan-Pro-China	Gold	medal	gold	winner		https://static.igem.org/websites/common/2023/icons/medal-flat.svg
2023	4968	XJTLU-CHINA	Gold	medal	gold	winner		https://static.igem.org/websites/common/2023/icons/medal-flat.svg
2023	4835	XJU-China	Silver	medal	silver	winner		https://static.igem.org/websites/common/2023/icons/medal-silver-flat.svg
2023	4907	XMU-China	Best New Basic Part	special	general-biology	nominee	undergrad	https://static.igem.org/websites/common/2023/icons/awards/best-new-basic-part.svg
2023	4907	XMU-China	Gold	medal	gold	winner		https://static.igem.org/websites/common/2023/icons/medal-flat.svg
2023	4947	Yale	Silver	medal	silver	winner		https://static.igem.org/websites/common/2023/icons/medal-silver-flat.svg
2023	4961	YangzhouNOFLS	Gold	medal	gold	winner		https://static.igem.org/websites/common/2023/icons/medal-flat.svg
2023	4789	YiYe-China	Gold	medal	gold	winner		https://static.igem.org/websites/common/2023/icons/medal-flat.svg
2023	4941	ZJFH-Nanjing	Best New Basic Part	special	general-biology	nominee	high-school	https://static.igem.org/websites/common/2023/icons/awards/best-new-basic-part.svg
2023	4941	ZJFH-Nanjing	Gold	medal	gold	winner		https://static.igem.org/websites/common/2023/icons/medal-flat.svg
2023	4628	ZJU-China	Best Agriculture Project	village		nominee	underover	https://static.igem.org/websites/common/2022/icons/village/agriculture.svg
2023	4628	ZJU-China	Best Model	special	general-biology	winner	undergrad	https://static.igem.org/websites/common/2023/icons/awards/best-model.svg
2023	4628	ZJU-China	Best Plant Synthetic Biology	special	specialisation	winner	undergrad	https://static.igem.org/websites/common/2023/icons/awards/best-plant-synthetic-biology.svg
2023	4628	ZJU-China	Best Presentation	special		nominee	undergrad	https://static.igem.org/websites/common/2023/icons/awards/best-presentation.svg
2023	4628	ZJU-China	Best Wiki	special		winner	undergrad	https://static.igem.org/websites/common/2023/icons/awards/best-wiki.svg
2023	4628	ZJU-China	Gold	medal	gold	winner		https://static.igem.org/websites/common/2023/icons/medal-flat.svg
2023	4628	ZJU-China	Top 10	grand-prize	top	winner	undergrad	
2023	4591	ZJUT-China	Silver	medal	silver	winner		https://static.igem.org/websites/common/2023/icons/medal-silver-flat.svg
2023	4776	ZJUintl-China	Bronze	medal	bronze	winner		https://static.igem.org/websites/common/2023/icons/medal-bronze-flat.svg
2023	4876	Zhejiang-United	Gold	medal	gold	winner		https://static.igem.org/websites/common/2023/icons/medal-flat.svg
2023	4690	iBowu-China	Silver	medal	silver	winner		https://static.igem.org/websites/common/2023/icons/medal-silver-flat.svg
2023	4940	iZJU-China						
2023	4998	thessaloniki	Best Sustainable Development Impact	special	specialisation	winner	undergrad	https://static.igem.org/websites/common/2023/icons/awards/best-sustainable-development-impact.svg
2023	4998	thessaloniki	Silver	medal	silver	winner		https://static.igem.org/websites/common/2023/icons/medal-silver-flat.svg
2023	4983	uniCRETE	Silver	medal	silver	winner		https://static.igem.org/websites/common/2023/icons/medal-silver-flat.svg
2024	5260	ABOA	Best Education	special	specialisation	nominee	overgrad	https://static.igem.org/websites/common/2023/icons/awards/best-education.svg
2024	5260	ABOA	Gold	medal	gold	winner		https://static.igem.org/websites/common/2023/icons/medal-flat.svg
2024	5036	AFCM-Egypt	Best Sustainable Development Impact	special	specialisation	nominee	undergrad	https://static.igem.org/websites/common/2023/icons/awards/best-sustainable-development-impact.svg
2024	5036	AFCM-Egypt	Safety and Security Award	special	specialisation	nominee	undergrad	https://static.igem.org/websites/common/2023/icons/awards/safety-and-security-award.svg
2024	5036	AFCM-Egypt	Silver	medal	silver	winner		https://static.igem.org/websites/common/2023/icons/medal-silver-flat.svg
2024	5283	AFMU-China	Silver	medal	silver	winner		https://static.igem.org/websites/common/2023/icons/medal-silver-flat.svg
2024	5186	AIS-China	Best Entrepreneurship	special	specialisation	nominee	high-school	https://static.igem.org/websites/common/2023/icons/awards/best-entrepreneurship.svg
2024	5186	AIS-China	Best Hardware	special	specialisation	nominee	high-school	https://static.igem.org/websites/common/2023/icons/awards/best-hardware.svg
2024	5186	AIS-China	Best New Composite Part	special	general-biology	nominee	high-school	https://static.igem.org/websites/common/2023/icons/awards/best-new-composite-part.svg
2024	5186	AIS-China	Best Presentation	special		nominee	high-school	https://static.igem.org/websites/common/2023/icons/awards/best-presentation.svg
2024	5186	AIS-China	Best Wiki	special		nominee	high-school	https://static.igem.org/websites/common/2023/icons/awards/best-wiki.svg
2024	5186	AIS-China	Gold	medal	gold	winner		https://static.igem.org/websites/common/2023/icons/medal-flat.svg
2024	5186	AIS-China	Top 10	grand-prize	top	winner	high-school	https://static.igem.org/websites/common/2022/icons/awards/top10-color.svg
2024	5423	ANU	Silver	medal	silver	winner		https://static.igem.org/websites/common/2023/icons/medal-silver-flat.svg
2024	5431	ASU	Gold	medal	gold	winner		https://static.igem.org/websites/common/2023/icons/medal-flat.svg
2024	5033	Aachen	Best Education	special	specialisation	winner	overgrad	https://static.igem.org/websites/common/2023/icons/awards/best-education.svg
2024	5033	Aachen	Best Hardware	special	specialisation	winner	overgrad	https://static.igem.org/websites/common/2023/icons/awards/best-hardware.svg
2024	5033	Aachen	Best New Basic Part	special	general-biology	nominee	overgrad	https://static.igem.org/websites/common/2023/icons/awards/best-new-basic-part.svg
2024	5033	Aachen	Best Oncology Project	village		winner	underover	https://static.igem.org/websites/competition/2024/icons/villages/village-oncology.svg
2024	5033	Aachen	Best Presentation	special		nominee	overgrad	https://static.igem.org/websites/common/2023/icons/awards/best-presentation.svg
2024	5033	Aachen	Best Wiki	special		nominee	overgrad	https://static.igem.org/websites/common/2023/icons/awards/best-wiki.svg
2024	5033	Aachen	Finalist	finalist		winner	overgrad	
2024	5033	Aachen	First Runner Up	grand-prize	first-runner-up	winner	overgrad	
2024	5033	Aachen	Gold	medal	gold	winner		https://static.igem.org/websites/common/2023/icons/medal-flat.svg
2024	5033	Aachen	Top 10	grand-prize	top	winner	overgrad	https://static.igem.org/websites/common/2022/icons/awards/top10-color.svg
2024	5137	Aalto-Helsinki	Gold	medal	gold	winner		https://static.igem.org/websites/common/2023/icons/medal-flat.svg
2024	5422	Aix-Marseille	Gold	medal	gold	winner		https://static.igem.org/websites/common/2023/icons/medal-flat.svg
2024	5324	Alma	Bronze	medal	bronze	winner		https://static.igem.org/websites/common/2023/icons/medal-bronze-flat.svg
2024	5171	Anatolia-College	Bronze	medal	bronze	winner		https://static.igem.org/websites/common/2023/icons/medal-bronze-flat.svg
2024	5312	AshesiGhana	Gold	medal	gold	winner		https://static.igem.org/websites/common/2023/icons/medal-flat.svg
2024	5406	Athens	Best Entrepreneurship	special	specialisation	nominee	overgrad	https://static.igem.org/websites/common/2023/icons/awards/best-entrepreneurship.svg
2024	5406	Athens	Gold	medal	gold	winner		https://static.igem.org/websites/common/2023/icons/medal-flat.svg
2024	5119	Austin-utexas	Best Food & Nutrition Project	village		nominee	underover	https://static.igem.org/websites/common/2022/icons/village/nutrition.svg
2024	5119	Austin-utexas	Best Measurement	special	general-biology	winner	undergrad	https://static.igem.org/websites/common/2023/icons/awards/best-measurement.svg
2024	5119	Austin-utexas	Gold	medal	gold	winner		https://static.igem.org/websites/common/2023/icons/medal-flat.svg
2024	5045	BAID-China	Silver	medal	silver	winner		https://static.igem.org/websites/common/2023/icons/medal-silver-flat.svg
2024	5236	BASIS-China	Best Project Promotion Video	special	community	winner	high-school	https://static.igem.org/websites/common/2023/icons/awards/best-project-promotion-video.svg
2024	5236	BASIS-China	Gold	medal	gold	winner		https://static.igem.org/websites/common/2023/icons/medal-flat.svg
2024	5217	BGI-MammothEdu-East	Best New Basic Part	special	general-biology	nominee	high-school	https://static.igem.org/websites/common/2023/icons/awards/best-new-basic-part.svg
2024	5217	BGI-MammothEdu-East	Best Wiki	special		nominee	high-school	https://static.igem.org/websites/common/2023/icons/awards/best-wiki.svg
2024	5217	BGI-MammothEdu-East	Gold	medal	gold	winner		https://static.igem.org/websites/common/2023/icons/medal-flat.svg
2024	5218	BGI-MammothEdu-South	Gold	medal	gold	winner		https://static.igem.org/websites/common/2023/icons/medal-flat.svg
2024	5358	BIT	Gold	medal	gold	winner		https://static.igem.org/websites/common/2023/icons/medal-flat.svg
2024	5166	BIT-China	Best Bioremediation Project	village		nominee	undergrad	https://static.igem.org/websites/common/2022/icons/village/bioremediation.svg
2024	5166	BIT-China	Best New Basic Part	special	general-biology	nominee	undergrad	https://static.igem.org/websites/common/2023/icons/awards/best-new-basic-part.svg
2024	5166	BIT-China	Best New Composite Part	special	general-biology	nominee	undergrad	https://static.igem.org/websites/common/2023/icons/awards/best-new-composite-part.svg
2024	5166	BIT-China	Gold	medal	gold	winner		https://static.igem.org/websites/common/2023/icons/medal-flat.svg
2024	5225	BJHS-China						
2024	5328	BJWZ-3-China	Bronze	medal	bronze	winner		https://static.igem.org/websites/common/2023/icons/medal-bronze-flat.svg
2024	5243	BKEA	Best Entrepreneurship	special	specialisation	winner	high-school	https://static.igem.org/websites/common/2023/icons/awards/best-entrepreneurship.svg
2024	5243	BKEA	Best Presentation	special		nominee	high-school	https://static.igem.org/websites/common/2023/icons/awards/best-presentation.svg
2024	5243	BKEA	Best Software Tool	special	specialisation	winner	high-school	https://static.igem.org/websites/common/2023/icons/awards/best-software-tool.svg
2024	5243	BKEA	Best Wiki	special		nominee	high-school	https://static.igem.org/websites/common/2023/icons/awards/best-wiki.svg
2024	5243	BKEA	Gold	medal	gold	winner		https://static.igem.org/websites/common/2023/icons/medal-flat.svg
2024	5243	BKEA	Top 10	grand-prize	top	winner	high-school	https://static.igem.org/websites/common/2022/icons/awards/top10-color.svg
2024	5127	BNDS-China	Best Wiki	special		nominee	high-school	https://static.igem.org/websites/common/2023/icons/awards/best-wiki.svg
2024	5127	BNDS-China	Gold	medal	gold	winner		https://static.igem.org/websites/common/2023/icons/medal-flat.svg
2024	5127	BNDS-China	Top 10	grand-prize	top	winner	high-school	https://static.igem.org/websites/common/2022/icons/awards/top10-color.svg
2024	5301	BNU-China	Gold	medal	gold	winner		https://static.igem.org/websites/common/2023/icons/medal-flat.svg
2024	5291	BNUZH-China	Best Bioremediation Project	village		nominee	undergrad	https://static.igem.org/websites/common/2022/icons/village/bioremediation.svg
2024	5291	BNUZH-China	Best Integrated Human Practices	special	specialisation	nominee	undergrad	https://static.igem.org/websites/common/2023/icons/awards/best-integrated-human-practices.svg
2024	5291	BNUZH-China	Best Model	special	general-biology	nominee	undergrad	https://static.igem.org/websites/common/2023/icons/awards/best-model.svg
2024	5291	BNUZH-China	Best Wiki	special		nominee	undergrad	https://static.igem.org/websites/common/2023/icons/awards/best-wiki.svg
2024	5291	BNUZH-China	Gold	medal	gold	winner		https://static.igem.org/websites/common/2023/icons/medal-flat.svg
2024	5291	BNUZH-China	Top 10	grand-prize	top	winner	undergrad	https://static.igem.org/websites/common/2022/icons/awards/top10-color.svg
2024	5329	BOKU-Vienna	Silver	medal	silver	winner		https://static.igem.org/websites/common/2023/icons/medal-silver-flat.svg
2024	5347	BUAPMX						
2024	5327	BUCT	Gold	medal	gold	winner		https://static.igem.org/websites/common/2023/icons/medal-flat.svg
2024	5086	BUCT-China	Best Software Tool	special	specialisation	nominee	undergrad	https://static.igem.org/websites/common/2023/icons/awards/best-software-tool.svg
2024	5086	BUCT-China	Gold	medal	gold	winner		https://static.igem.org/websites/common/2023/icons/medal-flat.svg
2024	5234	BWYA	Gold	medal	gold	winner		https://static.igem.org/websites/common/2023/icons/medal-flat.svg
2024	5525	BYID-China						
2024	5380	BYU-Provo	Silver	medal	silver	winner		https://static.igem.org/websites/common/2023/icons/medal-silver-flat.svg
2024	5530	BZK-SH	Silver	medal	silver	winner		https://static.igem.org/websites/common/2023/icons/medal-silver-flat.svg
2024	5251	Bangkok-NMH	Silver	medal	silver	winner		https://static.igem.org/websites/common/2023/icons/medal-silver-flat.svg
2024	5316	Barcelona-UB	Gold	medal	gold	winner		https://static.igem.org/websites/common/2023/icons/medal-flat.svg
2024	5190	Beijing-HS	Silver	medal	silver	winner		https://static.igem.org/websites/common/2023/icons/medal-silver-flat.svg
2024	5247	Bielefeld-CeBiTec	Best Integrated Human Practices	special	specialisation	winner	overgrad	https://static.igem.org/websites/common/2023/icons/awards/best-integrated-human-practices.svg
2024	5247	Bielefeld-CeBiTec	Best Presentation	special		winner	overgrad	https://static.igem.org/websites/common/2023/icons/awards/best-presentation.svg
2024	5247	Bielefeld-CeBiTec	Gold	medal	gold	winner		https://static.igem.org/websites/common/2023/icons/medal-flat.svg
2024	5247	Bielefeld-CeBiTec	Safety and Security Award	special	specialisation	winner	overgrad	https://static.igem.org/websites/common/2023/icons/awards/safety-and-security-award.svg
2024	5212	Bioplus-China	Gold	medal	gold	winner		https://static.igem.org/websites/common/2023/icons/medal-flat.svg
2024	5214	Bioplus-Shanghai	Silver	medal	silver	winner		https://static.igem.org/websites/common/2023/icons/medal-silver-flat.svg
2024	5257	Bolivia	Silver	medal	silver	winner		https://static.igem.org/websites/common/2023/icons/medal-silver-flat.svg
2024	5254	Boston-BOSLab	Best Education	special	specialisation	nominee	high-school	https://static.igem.org/websites/common/2023/icons/awards/best-education.svg
2024	5254	Boston-BOSLab	Best Measurement	special	general-biology	nominee	high-school	https://static.igem.org/websites/common/2023/icons/awards/best-measurement.svg
2024	5254	Boston-BOSLab	Silver	medal	silver	winner		https://static.igem.org/websites/common/2023/icons/medal-silver-flat.svg
2024	5359	BostonU	Gold	medal	gold	winner		https://static.igem.org/websites/common/2023/icons/medal-flat.svg
2024	5349	BotchanLab-Tokyo						
2024	5388	Brest						
2024	5300	CAU-China	Best Food & Nutrition Project	village		winner	underover	https://static.igem.org/websites/common/2022/icons/village/nutrition.svg
2024	5300	CAU-China	Best Part Collection	special	general-biology	nominee	undergrad	https://static.igem.org/websites/common/2023/icons/awards/best-part-collection.svg
2024	5300	CAU-China	Best Sustainable Development Impact	special	specialisation	nominee	undergrad	https://static.igem.org/websites/common/2023/icons/awards/best-sustainable-development-impact.svg
2024	5300	CAU-China	Gold	medal	gold	winner		https://static.igem.org/websites/common/2023/icons/medal-flat.svg
2024	5145	CCA-San-Diego	Bronze	medal	bronze	winner		https://static.igem.org/websites/common/2023/icons/medal-bronze-flat.svg
2024	5040	CCU-Taiwan	Gold	medal	gold	winner		https://static.igem.org/websites/common/2023/icons/medal-flat.svg
2024	5385	CHINA-FUZHOU	Silver	medal	silver	winner		https://static.igem.org/websites/common/2023/icons/medal-silver-flat.svg
2024	5211	CHINA-HUBU-WUHAN	Silver	medal	silver	winner		https://static.igem.org/websites/common/2023/icons/medal-silver-flat.svg
2024	5123	CJ-CHINA						
2024	5038	CJUH-JLU-China	Best Diagnostics Project	village		nominee	underover	https://static.igem.org/websites/common/2025/icons/villages/diagnostics.svg
2024	5038	CJUH-JLU-China	Best Education	special	specialisation	nominee	undergrad	https://static.igem.org/websites/common/2023/icons/awards/best-education.svg
2024	5038	CJUH-JLU-China	Best Integrated Human Practices	special	specialisation	nominee	undergrad	https://static.igem.org/websites/common/2023/icons/awards/best-integrated-human-practices.svg
2024	5038	CJUH-JLU-China	Best Model	special	general-biology	nominee	undergrad	https://static.igem.org/websites/common/2023/icons/awards/best-model.svg
2024	5038	CJUH-JLU-China	Best Wiki	special		nominee	undergrad	https://static.igem.org/websites/common/2023/icons/awards/best-wiki.svg
2024	5038	CJUH-JLU-China	Gold	medal	gold	winner		https://static.igem.org/websites/common/2023/icons/medal-flat.svg
2024	5396	CNPEM-BRAZIL	Best Bioremediation Project	village		nominee	overgrad	https://static.igem.org/websites/common/2022/icons/village/bioremediation.svg
2024	5396	CNPEM-BRAZIL	Gold	medal	gold	winner		https://static.igem.org/websites/common/2023/icons/medal-flat.svg
2024	5510	CNUHS-GA						
2024	5355	CSMU-NCHU-Taiwan	Silver	medal	silver	winner		https://static.igem.org/websites/common/2023/icons/medal-silver-flat.svg
2024	5156	CSU-CHINA	Bronze	medal	bronze	winner		https://static.igem.org/websites/common/2023/icons/medal-bronze-flat.svg
2024	5478	CSW-UD	Bronze	medal	bronze	winner		https://static.igem.org/websites/common/2023/icons/medal-bronze-flat.svg
2024	5323	CUG-China	Gold	medal	gold	winner		https://static.igem.org/websites/common/2023/icons/medal-flat.svg
2024	5402	CUHK-HongKong-SBS	Silver	medal	silver	winner		https://static.igem.org/websites/common/2023/icons/medal-silver-flat.svg
2024	5154	Cambridge	Best Hardware	special	specialisation	nominee	undergrad	https://static.igem.org/websites/common/2023/icons/awards/best-hardware.svg
2024	5154	Cambridge	Gold	medal	gold	winner		https://static.igem.org/websites/common/2023/icons/medal-flat.svg
2024	5176	Chalmers-Gothenburg	Silver	medal	silver	winner		https://static.igem.org/websites/common/2023/icons/medal-silver-flat.svg
2024	5111	City-of-London-UK	Best Model	special	general-biology	nominee	high-school	https://static.igem.org/websites/common/2023/icons/awards/best-model.svg
2024	5111	City-of-London-UK	Gold	medal	gold	winner		https://static.igem.org/websites/common/2023/icons/medal-flat.svg
2024	5334	CityU-HongKong	Best Education	special	specialisation	winner	undergrad	https://static.igem.org/websites/common/2023/icons/awards/best-education.svg
2024	5334	CityU-HongKong	Best Presentation	special		nominee	undergrad	https://static.igem.org/websites/common/2023/icons/awards/best-presentation.svg
2024	5334	CityU-HongKong	Best Therapeutics Project	village		nominee	underover	https://static.igem.org/websites/common/2022/icons/village/therapeutics.svg
2024	5334	CityU-HongKong	Gold	medal	gold	winner		https://static.igem.org/websites/common/2023/icons/medal-flat.svg
2024	5139	Concordia-Montreal						
2024	5165	Concordia-Shanghai	Best Presentation	special		nominee	high-school	https://static.igem.org/websites/common/2023/icons/awards/best-presentation.svg
2024	5165	Concordia-Shanghai	Silver	medal	silver	winner		https://static.igem.org/websites/common/2023/icons/medal-silver-flat.svg
2024	5059	Cornell	Best Presentation	special		nominee	undergrad	https://static.igem.org/websites/common/2023/icons/awards/best-presentation.svg
2024	5059	Cornell	Gold	medal	gold	winner		https://static.igem.org/websites/common/2023/icons/medal-flat.svg
2024	5535	DBHS-CA	Silver	medal	silver	winner		https://static.igem.org/websites/common/2023/icons/medal-silver-flat.svg
2024	5076	DKU	Silver	medal	silver	winner		https://static.igem.org/websites/common/2023/icons/medal-silver-flat.svg
2024	5240	DNHS-SanDiego-CA	Silver	medal	silver	winner		https://static.igem.org/websites/common/2023/icons/medal-silver-flat.svg
2024	5107	DTU-Denmark	Best Bioremediation Project	village		nominee	overgrad	https://static.igem.org/websites/common/2022/icons/village/bioremediation.svg
2024	5107	DTU-Denmark	Best New Composite Part	special	general-biology	nominee	overgrad	https://static.igem.org/websites/common/2023/icons/awards/best-new-composite-part.svg
2024	5107	DTU-Denmark	Best Software Tool	special	specialisation	nominee	overgrad	https://static.igem.org/websites/common/2023/icons/awards/best-software-tool.svg
2024	5107	DTU-Denmark	Best Wiki	special		nominee	overgrad	https://static.igem.org/websites/common/2023/icons/awards/best-wiki.svg
2024	5107	DTU-Denmark	Gold	medal	gold	winner		https://static.igem.org/websites/common/2023/icons/medal-flat.svg
2024	5146	DUESSELDORF	Gold	medal	gold	winner		https://static.igem.org/websites/common/2023/icons/medal-flat.svg
2024	5475	DUT	Silver	medal	silver	winner		https://static.igem.org/websites/common/2023/icons/medal-silver-flat.svg
2024	5339	DUT-China	Silver	medal	silver	winner		https://static.igem.org/websites/common/2023/icons/medal-silver-flat.svg
2024	5369	DelNorte-SD	Silver	medal	silver	winner		https://static.igem.org/websites/common/2023/icons/medal-silver-flat.svg
2024	5198	Duke	Silver	medal	silver	winner		https://static.igem.org/websites/common/2023/icons/medal-silver-flat.svg
2024	5241	ECIB-PKU	Silver	medal	silver	winner		https://static.igem.org/websites/common/2023/icons/medal-silver-flat.svg
2024	5432	ECUST	Gold	medal	gold	winner		https://static.igem.org/websites/common/2023/icons/medal-flat.svg
2024	5173	EHSBNU	Silver	medal	silver	winner		https://static.igem.org/websites/common/2023/icons/medal-silver-flat.svg
2024	5252	EPFL	Best Bioremediation Project	village		winner	overgrad	https://static.igem.org/websites/common/2022/icons/village/bioremediation.svg
2024	5252	EPFL	Best Hardware	special	specialisation	nominee	overgrad	https://static.igem.org/websites/common/2023/icons/awards/best-hardware.svg
2024	5252	EPFL	Best Integrated Human Practices	special	specialisation	nominee	overgrad	https://static.igem.org/websites/common/2023/icons/awards/best-integrated-human-practices.svg
2024	5252	EPFL	Best Presentation	special		nominee	overgrad	https://static.igem.org/websites/common/2023/icons/awards/best-presentation.svg
2024	5252	EPFL	Gold	medal	gold	winner		https://static.igem.org/websites/common/2023/icons/medal-flat.svg
2024	5252	EPFL	Top 10	grand-prize	top	winner	overgrad	https://static.igem.org/websites/common/2022/icons/awards/top10-color.svg
2024	5356	ETH-Zurich	Gold	medal	gold	winner		https://static.igem.org/websites/common/2023/icons/medal-flat.svg
2024	5272	East-Coast-Biocrew	Bronze	medal	bronze	winner		https://static.igem.org/websites/common/2023/icons/medal-bronze-flat.svg
2024	5489	Embark001						
2024	5504	Embark002						
2024	5505	Embark003						
2024	5506	Embark004						
2024	5061	Evry-Paris-Saclay	Best Foundational Advance Project	village		nominee	underover	https://static.igem.org/websites/common/2022/icons/village/foundational-advance.svg
2024	5061	Evry-Paris-Saclay	Gold	medal	gold	winner		https://static.igem.org/websites/common/2023/icons/medal-flat.svg
2024	5061	Evry-Paris-Saclay	Top 10	grand-prize	top	winner	overgrad	https://static.igem.org/websites/common/2022/icons/awards/top10-color.svg
2024	5032	Example						
2024	5124	Exeter	Best Diagnostics Project	village		nominee	underover	https://static.igem.org/websites/common/2025/icons/villages/diagnostics.svg
2024	5124	Exeter	Best Measurement	special	general-biology	nominee	undergrad	https://static.igem.org/websites/common/2023/icons/awards/best-measurement.svg
2024	5124	Exeter	Best Presentation	special		nominee	undergrad	https://static.igem.org/websites/common/2023/icons/awards/best-presentation.svg
2024	5124	Exeter	Gold	medal	gold	winner		https://static.igem.org/websites/common/2023/icons/medal-flat.svg
2024	5351	FDfzSH	Silver	medal	silver	winner		https://static.igem.org/websites/common/2023/icons/medal-silver-flat.svg
2024	5274	FHS-NB-ZJ-China	Silver	medal	silver	winner		https://static.igem.org/websites/common/2023/icons/medal-silver-flat.svg
2024	5064	FSU	Gold	medal	gold	winner		https://static.igem.org/websites/common/2023/icons/medal-flat.svg
2024	5437	Formosa	Best Presentation	special		nominee	high-school	https://static.igem.org/websites/common/2023/icons/awards/best-presentation.svg
2024	5437	Formosa	Best Project Promotion Video	special	community	winner	high-school	https://static.igem.org/websites/common/2023/icons/awards/best-project-promotion-video.svg
2024	5437	Formosa	Best Wiki	special		nominee	high-school	https://static.igem.org/websites/common/2023/icons/awards/best-wiki.svg
2024	5437	Formosa	Gold	medal	gold	winner		https://static.igem.org/websites/common/2023/icons/medal-flat.svg
2024	5437	Formosa	iGEMers Prize	special	community	winner	high-school	https://static.igem.org/websites/common/2023/icons/awards/igemers-prize.svg
2024	5424	Formosa101	Bronze	medal	bronze	winner		https://static.igem.org/websites/common/2023/icons/medal-bronze-flat.svg
2024	5419	Foshan-GreatBay	Silver	medal	silver	winner		https://static.igem.org/websites/common/2023/icons/medal-silver-flat.svg
2024	5057	Freiburg	Best Infectious Diseases Project	village		winner	underover	https://static.igem.org/websites/competition/2024/icons/villages/village-infectiousdiseases.svg
2024	5057	Freiburg	Best Integrated Human Practices	special	specialisation	nominee	overgrad	https://static.igem.org/websites/common/2023/icons/awards/best-integrated-human-practices.svg
2024	5057	Freiburg	Best Measurement	special	general-biology	nominee	overgrad	https://static.igem.org/websites/common/2023/icons/awards/best-measurement.svg
2024	5057	Freiburg	Best New Composite Part	special	general-biology	nominee	overgrad	https://static.igem.org/websites/common/2023/icons/awards/best-new-composite-part.svg
2024	5057	Freiburg	Best Presentation	special		nominee	overgrad	https://static.igem.org/websites/common/2023/icons/awards/best-presentation.svg
2024	5057	Freiburg	Best Wiki	special		nominee	overgrad	https://static.igem.org/websites/common/2023/icons/awards/best-wiki.svg
2024	5057	Freiburg	Gold	medal	gold	winner		https://static.igem.org/websites/common/2023/icons/medal-flat.svg
2024	5057	Freiburg	Top 10	grand-prize	top	winner	overgrad	https://static.igem.org/websites/common/2022/icons/awards/top10-color.svg
2024	5115	Fudan	Best Bioremediation Project	village		nominee	undergrad	https://static.igem.org/websites/common/2022/icons/village/bioremediation.svg
2024	5115	Fudan	Best Measurement	special	general-biology	nominee	undergrad	https://static.igem.org/websites/common/2023/icons/awards/best-measurement.svg
2024	5115	Fudan	Best Wiki	special		nominee	undergrad	https://static.igem.org/websites/common/2023/icons/awards/best-wiki.svg
2024	5115	Fudan	Gold	medal	gold	winner		https://static.igem.org/websites/common/2023/icons/medal-flat.svg
2024	5115	Fudan	Inclusivity Award	special	specialisation	nominee	undergrad	https://static.igem.org/websites/common/2023/icons/awards/inclusivity-award.svg
2024	5114	GCM-KY	Gold	medal	gold	winner		https://static.igem.org/websites/common/2023/icons/medal-flat.svg
2024	5458	GEC-Beijing	Best New Improved Part	special	general-biology	winner	high-school	https://static.igem.org/websites/common/2023/icons/awards/best-new-improved-part.svg
2024	5458	GEC-Beijing	Best Sustainable Development Impact	special	specialisation	nominee	high-school	https://static.igem.org/websites/common/2023/icons/awards/best-sustainable-development-impact.svg
2024	5458	GEC-Beijing	Gold	medal	gold	winner		https://static.igem.org/websites/common/2023/icons/medal-flat.svg
2024	5133	GEC-China						
2024	5084	GEC-Guangzhou	Best New Composite Part	special	general-biology	nominee	high-school	https://static.igem.org/websites/common/2023/icons/awards/best-new-composite-part.svg
2024	5084	GEC-Guangzhou	Gold	medal	gold	winner		https://static.igem.org/websites/common/2023/icons/medal-flat.svg
2024	5066	GEMS-Taiwan	Best Education	special	specialisation	nominee	high-school	https://static.igem.org/websites/common/2023/icons/awards/best-education.svg
2024	5066	GEMS-Taiwan	Best Model	special	general-biology	nominee	high-school	https://static.igem.org/websites/common/2023/icons/awards/best-model.svg
2024	5066	GEMS-Taiwan	Best New Basic Part	special	general-biology	winner	high-school	https://static.igem.org/websites/common/2023/icons/awards/best-new-basic-part.svg
2024	5066	GEMS-Taiwan	Best Presentation	special		nominee	high-school	https://static.igem.org/websites/common/2023/icons/awards/best-presentation.svg
2024	5066	GEMS-Taiwan	Best Project Promotion Video	special	community	winner	high-school	https://static.igem.org/websites/common/2023/icons/awards/best-project-promotion-video.svg
2024	5066	GEMS-Taiwan	Best Wiki	special		winner	high-school	https://static.igem.org/websites/common/2023/icons/awards/best-wiki.svg
2024	5066	GEMS-Taiwan	Finalist	finalist		winner	high-school	
2024	5066	GEMS-Taiwan	Gold	medal	gold	winner		https://static.igem.org/websites/common/2023/icons/medal-flat.svg
2024	5066	GEMS-Taiwan	Grand Prize Winner	grand-prize	winner	winner	high-school	
2024	5066	GEMS-Taiwan	Top 10	grand-prize	top	winner	high-school	https://static.igem.org/websites/common/2022/icons/awards/top10-color.svg
2024	5512	GSLZ-A	Bronze	medal	bronze	winner		https://static.igem.org/websites/common/2023/icons/medal-bronze-flat.svg
2024	5295	GU-Frankfurt	Best Fashion & Cosmetics Project	village		nominee	underover	https://static.igem.org/websites/competition/2024/icons/villages/village-fashionandcosmetics.svg
2024	5295	GU-Frankfurt	Best Integrated Human Practices	special	specialisation	nominee	overgrad	https://static.igem.org/websites/common/2023/icons/awards/best-integrated-human-practices.svg
2024	5295	GU-Frankfurt	Best Sustainable Development Impact	special	specialisation	nominee	overgrad	https://static.igem.org/websites/common/2023/icons/awards/best-sustainable-development-impact.svg
2024	5295	GU-Frankfurt	Gold	medal	gold	winner		https://static.igem.org/websites/common/2023/icons/medal-flat.svg
2024	5410	GeorgiaState-SWJTU						
2024	5315	Grand-Tokyo						
2024	5184	GreatBay-SCIE	Best Entrepreneurship	special	specialisation	nominee	high-school	https://static.igem.org/websites/common/2023/icons/awards/best-entrepreneurship.svg
2024	5184	GreatBay-SCIE	Best Integrated Human Practices	special	specialisation	winner	high-school	https://static.igem.org/websites/common/2023/icons/awards/best-integrated-human-practices.svg
2024	5184	GreatBay-SCIE	Best New Basic Part	special	general-biology	nominee	high-school	https://static.igem.org/websites/common/2023/icons/awards/best-new-basic-part.svg
2024	5184	GreatBay-SCIE	Best Presentation	special		winner	high-school	https://static.igem.org/websites/common/2023/icons/awards/best-presentation.svg
2024	5184	GreatBay-SCIE	Best Wiki	special		nominee	high-school	https://static.igem.org/websites/common/2023/icons/awards/best-wiki.svg
2024	5184	GreatBay-SCIE	Finalist	finalist		winner	high-school	
2024	5184	GreatBay-SCIE	First Runner Up	grand-prize	first-runner-up	winner	high-school	
2024	5184	GreatBay-SCIE	Gold	medal	gold	winner		https://static.igem.org/websites/common/2023/icons/medal-flat.svg
2024	5184	GreatBay-SCIE	Top 10	grand-prize	top	winner	high-school	https://static.igem.org/websites/common/2022/icons/awards/top10-color.svg
2024	5337	Guangxi-U-China	Bronze	medal	bronze	winner		https://static.igem.org/websites/common/2023/icons/medal-bronze-flat.svg
2024	5509	Guangzhou-BioX						
2024	5103	Guelph	Silver	medal	silver	winner		https://static.igem.org/websites/common/2023/icons/medal-silver-flat.svg
2024	5073	HBMU-Taihe	Silver	medal	silver	winner		https://static.igem.org/websites/common/2023/icons/medal-silver-flat.svg
2024	5249	HBUT-China	Best New Basic Part	special	general-biology	winner	undergrad	https://static.igem.org/websites/common/2023/icons/awards/best-new-basic-part.svg
2024	5249	HBUT-China	Best Software Tool	special	specialisation	nominee	undergrad	https://static.igem.org/websites/common/2023/icons/awards/best-software-tool.svg
2024	5249	HBUT-China	Gold	medal	gold	winner		https://static.igem.org/websites/common/2023/icons/medal-flat.svg
2024	5384	HBUT-Wuhan	Silver	medal	silver	winner		https://static.igem.org/websites/common/2023/icons/medal-silver-flat.svg
2024	5056	HK-Joint-School	Best Education	special	specialisation	nominee	high-school	https://static.igem.org/websites/common/2023/icons/awards/best-education.svg
2024	5056	HK-Joint-School	Best Model	special	general-biology	nominee	high-school	https://static.igem.org/websites/common/2023/icons/awards/best-model.svg
2024	5056	HK-Joint-School	Gold	medal	gold	winner		https://static.igem.org/websites/common/2023/icons/medal-flat.svg
2024	5063	HK-United	Silver	medal	silver	winner		https://static.igem.org/websites/common/2023/icons/medal-silver-flat.svg
2024	5271	HKPOLYU	Best New Composite Part	special	general-biology	nominee	undergrad	https://static.igem.org/websites/common/2023/icons/awards/best-new-composite-part.svg
2024	5271	HKPOLYU	Best Oncology Project	village		nominee	underover	https://static.igem.org/websites/competition/2024/icons/villages/village-oncology.svg
2024	5271	HKPOLYU	Gold	medal	gold	winner		https://static.igem.org/websites/common/2023/icons/medal-flat.svg
2024	5271	HKPOLYU	Top 10	grand-prize	top	winner	undergrad	https://static.igem.org/websites/common/2022/icons/awards/top10-color.svg
2024	5162	HKSSC	Silver	medal	silver	winner		https://static.igem.org/websites/common/2023/icons/medal-silver-flat.svg
2024	5062	HKU-HongKong	Silver	medal	silver	winner		https://static.igem.org/websites/common/2023/icons/medal-silver-flat.svg
2024	5159	HKUST	Gold	medal	gold	winner		https://static.igem.org/websites/common/2023/icons/medal-flat.svg
2024	5280	HKUST-GZ	Best New Basic Part	special	general-biology	nominee	undergrad	https://static.igem.org/websites/common/2023/icons/awards/best-new-basic-part.svg
2024	5280	HKUST-GZ	Gold	medal	gold	winner		https://static.igem.org/websites/common/2023/icons/medal-flat.svg
2024	5116	HNU-China						
2024	5281	HS-Alpha	Silver	medal	silver	winner		https://static.igem.org/websites/common/2023/icons/medal-silver-flat.svg
2024	5282	HS-Beta	Silver	medal	silver	winner		https://static.igem.org/websites/common/2023/icons/medal-silver-flat.svg
2024	5382	HUBU-4-CHN	Silver	medal	silver	winner		https://static.igem.org/websites/common/2023/icons/medal-silver-flat.svg
2024	5044	HUBU-China	Silver	medal	silver	winner		https://static.igem.org/websites/common/2023/icons/medal-silver-flat.svg
2024	5167	HUBU-WUCHANG-CHINA	Gold	medal	gold	winner		https://static.igem.org/websites/common/2023/icons/medal-flat.svg
2024	5175	HUST-China	Silver	medal	silver	winner		https://static.igem.org/websites/common/2023/icons/medal-silver-flat.svg
2024	5175	HUST-China	iGEMers Prize	special	community	winner	underover	https://static.igem.org/websites/common/2023/icons/awards/igemers-prize.svg
2024	5233	HUST-UEVE-UPSaclay	Gold	medal	gold	winner		https://static.igem.org/websites/common/2023/icons/medal-flat.svg
2024	5507	HW-ShanghaiUnited	Gold	medal	gold	winner		https://static.igem.org/websites/common/2023/icons/medal-flat.svg
2024	5526	HWFLA-Beijing	Best Part Collection	special	general-biology	nominee	high-school	https://static.igem.org/websites/common/2023/icons/awards/best-part-collection.svg
2024	5526	HWFLA-Beijing	Silver	medal	silver	winner		https://static.igem.org/websites/common/2023/icons/medal-silver-flat.svg
2024	5335	HZAU-China	Gold	medal	gold	winner		https://static.igem.org/websites/common/2023/icons/medal-flat.svg
2024	5383	HainanU-China	Gold	medal	gold	winner		https://static.igem.org/websites/common/2023/icons/medal-flat.svg
2024	5077	Hamburg	Silver	medal	silver	winner		https://static.igem.org/websites/common/2023/icons/medal-silver-flat.svg
2024	5208	Hangzhou-BioX	Best Entrepreneurship	special	specialisation	nominee	high-school	https://static.igem.org/websites/common/2023/icons/awards/best-entrepreneurship.svg
2024	5208	Hangzhou-BioX	Best Sustainable Development Impact	special	specialisation	winner	high-school	https://static.igem.org/websites/common/2023/icons/awards/best-sustainable-development-impact.svg
2024	5208	Hangzhou-BioX	Gold	medal	gold	winner		https://static.igem.org/websites/common/2023/icons/medal-flat.svg
2024	5508	Hangzhou-MedX	Silver	medal	silver	winner		https://static.igem.org/websites/common/2023/icons/medal-silver-flat.svg
2024	5205	Hangzhou-SDG	Best Hardware	special	specialisation	nominee	high-school	https://static.igem.org/websites/common/2023/icons/awards/best-hardware.svg
2024	5205	Hangzhou-SDG	Best Sustainable Development Impact	special	specialisation	nominee	high-school	https://static.igem.org/websites/common/2023/icons/awards/best-sustainable-development-impact.svg
2024	5205	Hangzhou-SDG	Gold	medal	gold	winner		https://static.igem.org/websites/common/2023/icons/medal-flat.svg
2024	5317	Hannover	Best New Basic Part	special	general-biology	nominee	overgrad	https://static.igem.org/websites/common/2023/icons/awards/best-new-basic-part.svg
2024	5317	Hannover	Gold	medal	gold	winner		https://static.igem.org/websites/common/2023/icons/medal-flat.svg
2024	5472	Harvard						
2024	5237	Heidelberg	Best Education	special	specialisation	nominee	undergrad	https://static.igem.org/websites/common/2023/icons/awards/best-education.svg
2024	5237	Heidelberg	Best Foundational Advance Project	village		winner	underover	https://static.igem.org/websites/common/2022/icons/village/foundational-advance.svg
2024	5237	Heidelberg	Best Model	special	general-biology	winner	undergrad	https://static.igem.org/websites/common/2023/icons/awards/best-model.svg
2024	5237	Heidelberg	Best Part Collection	special	general-biology	winner	undergrad	https://static.igem.org/websites/common/2023/icons/awards/best-part-collection.svg
2024	5237	Heidelberg	Best Presentation	special		nominee	undergrad	https://static.igem.org/websites/common/2023/icons/awards/best-presentation.svg
2024	5237	Heidelberg	Best Wiki	special		winner	undergrad	https://static.igem.org/websites/common/2023/icons/awards/best-wiki.svg
2024	5237	Heidelberg	Finalist	finalist		winner	undergrad	
2024	5237	Heidelberg	Gold	medal	gold	winner		https://static.igem.org/websites/common/2023/icons/medal-flat.svg
2024	5237	Heidelberg	Grand Prize Winner	grand-prize	winner	winner	undergrad	
2024	5237	Heidelberg	Top 10	grand-prize	top	winner	undergrad	https://static.igem.org/websites/common/2022/icons/awards/top10-color.svg
2024	5261	HiZJU-China	Best Biomanufacturing Project	village		nominee	underover	https://static.igem.org/websites/common/2022/icons/village/biomanufacturing.svg
2024	5261	HiZJU-China	Best Hardware	special	specialisation	nominee	undergrad	https://static.igem.org/websites/common/2023/icons/awards/best-hardware.svg
2024	5261	HiZJU-China	Best Measurement	special	general-biology	nominee	undergrad	https://static.igem.org/websites/common/2023/icons/awards/best-measurement.svg
2024	5261	HiZJU-China	Best New Basic Part	special	general-biology	nominee	undergrad	https://static.igem.org/websites/common/2023/icons/awards/best-new-basic-part.svg
2024	5261	HiZJU-China	Gold	medal	gold	winner		https://static.igem.org/websites/common/2023/icons/medal-flat.svg
2024	5041	HongKong-CUHK	Best Education	special	specialisation	nominee	undergrad	https://static.igem.org/websites/common/2023/icons/awards/best-education.svg
2024	5041	HongKong-CUHK	Gold	medal	gold	winner		https://static.igem.org/websites/common/2023/icons/medal-flat.svg
2024	5152	HongKong-JSS	Best Hardware	special	specialisation	winner	high-school	https://static.igem.org/websites/common/2023/icons/awards/best-hardware.svg
2024	5152	HongKong-JSS	Best Wiki	special		nominee	high-school	https://static.igem.org/websites/common/2023/icons/awards/best-wiki.svg
2024	5152	HongKong-JSS	Gold	medal	gold	winner		https://static.igem.org/websites/common/2023/icons/medal-flat.svg
2024	5152	HongKong-JSS	Top 10	grand-prize	top	winner	high-school	https://static.igem.org/websites/common/2022/icons/awards/top10-color.svg
2024	5201	HongKong-UCCKE	Best Education	special	specialisation	nominee	high-school	https://static.igem.org/websites/common/2023/icons/awards/best-education.svg
2024	5201	HongKong-UCCKE	Best Measurement	special	general-biology	winner	high-school	https://static.igem.org/websites/common/2023/icons/awards/best-measurement.svg
2024	5201	HongKong-UCCKE	Gold	medal	gold	winner		https://static.igem.org/websites/common/2023/icons/medal-flat.svg
2024	5275	Hopkins	Silver	medal	silver	winner		https://static.igem.org/websites/common/2023/icons/medal-silver-flat.svg
2024	5142	HunanU	Silver	medal	silver	winner		https://static.igem.org/websites/common/2023/icons/medal-silver-flat.svg
2024	5074	ICJFLS	Silver	medal	silver	winner		https://static.igem.org/websites/common/2023/icons/medal-silver-flat.svg
2024	5035	IEA	Best Integrated Human Practices	special	specialisation	nominee	high-school	https://static.igem.org/websites/common/2023/icons/awards/best-integrated-human-practices.svg
2024	5035	IEA	Best Model	special	general-biology	winner	high-school	https://static.igem.org/websites/common/2023/icons/awards/best-model.svg
2024	5035	IEA	Silver	medal	silver	winner		https://static.igem.org/websites/common/2023/icons/medal-silver-flat.svg
2024	5425	IISER-Kolkata	Best Fashion & Cosmetics Project	village		nominee	underover	https://static.igem.org/websites/competition/2024/icons/villages/village-fashionandcosmetics.svg
2024	5425	IISER-Kolkata	Gold	medal	gold	winner		https://static.igem.org/websites/common/2023/icons/medal-flat.svg
2024	5181	IISER-TVM	Best Fashion & Cosmetics Project	village		winner	underover	https://static.igem.org/websites/competition/2024/icons/villages/village-fashionandcosmetics.svg
2024	5181	IISER-TVM	Best Project Promotion Video	special	community	winner	underover	https://static.igem.org/websites/common/2023/icons/awards/best-project-promotion-video.svg
2024	5181	IISER-TVM	Gold	medal	gold	winner		https://static.igem.org/websites/common/2023/icons/medal-flat.svg
2024	5170	IISc-Bengaluru	Silver	medal	silver	winner		https://static.igem.org/websites/common/2023/icons/medal-silver-flat.svg
2024	5346	IISc-Software	Gold	medal	gold	winner		https://static.igem.org/websites/common/2023/icons/medal-flat.svg
2024	5365	IIT-Bombay	Best Climate Crisis Project	village		nominee	underover	https://static.igem.org/websites/common/2022/icons/village/climate-crisis.svg
2024	5365	IIT-Bombay	Gold	medal	gold	winner		https://static.igem.org/websites/common/2023/icons/medal-flat.svg
2024	5155	IIT-Madras	Gold	medal	gold	winner		https://static.igem.org/websites/common/2023/icons/medal-flat.svg
2024	5493	IIT-ROORKEE	Silver	medal	silver	winner		https://static.igem.org/websites/common/2023/icons/medal-silver-flat.svg
2024	5394	IM-PANAMA	Silver	medal	silver	winner		https://static.igem.org/websites/common/2023/icons/medal-silver-flat.svg
2024	5490	IOANNINA	Best Education	special	specialisation	nominee	overgrad	https://static.igem.org/websites/common/2023/icons/awards/best-education.svg
2024	5490	IOANNINA	Best Infectious Diseases Project	village		nominee	underover	https://static.igem.org/websites/competition/2024/icons/villages/village-infectiousdiseases.svg
2024	5490	IOANNINA	Gold	medal	gold	winner		https://static.igem.org/websites/common/2023/icons/medal-flat.svg
2024	5490	IOANNINA	Inclusivity Award	special	specialisation	nominee	overgrad	https://static.igem.org/websites/common/2023/icons/awards/inclusivity-award.svg
2024	5416	Imperial-College	Best New Basic Part	special	general-biology	nominee	undergrad	https://static.igem.org/websites/common/2023/icons/awards/best-new-basic-part.svg
2024	5416	Imperial-College	Gold	medal	gold	winner		https://static.igem.org/websites/common/2023/icons/medal-flat.svg
2024	5502	Institut-Le-Rosey	Silver	medal	silver	winner		https://static.igem.org/websites/common/2023/icons/medal-silver-flat.svg
2024	5055	Ionis-Paris	Best Agriculture Project	village		nominee	underover	https://static.igem.org/websites/common/2022/icons/village/agriculture.svg
2024	5055	Ionis-Paris	Best Entrepreneurship	special	specialisation	nominee	overgrad	https://static.igem.org/websites/common/2023/icons/awards/best-entrepreneurship.svg
2024	5055	Ionis-Paris	Best Presentation	special		nominee	overgrad	https://static.igem.org/websites/common/2023/icons/awards/best-presentation.svg
2024	5055	Ionis-Paris	Silver	medal	silver	winner		https://static.igem.org/websites/common/2023/icons/medal-silver-flat.svg
2024	5055	Ionis-Paris	Top 10	grand-prize	top	winner	overgrad	https://static.igem.org/websites/common/2022/icons/awards/top10-color.svg
2024	5480	JIASHU-China	Silver	medal	silver	winner		https://static.igem.org/websites/common/2023/icons/medal-silver-flat.svg
2024	5481	JIASHU-Shanghai	Gold	medal	gold	winner		https://static.igem.org/websites/common/2023/icons/medal-flat.svg
2024	5481	JIASHU-Shanghai	Inclusivity Award	special	specialisation	nominee	high-school	https://static.igem.org/websites/common/2023/icons/awards/inclusivity-award.svg
2024	5482	JIASHU-SouthChina	Best New Basic Part	special	general-biology	nominee	high-school	https://static.igem.org/websites/common/2023/icons/awards/best-new-basic-part.svg
2024	5482	JIASHU-SouthChina	Gold	medal	gold	winner		https://static.igem.org/websites/common/2023/icons/medal-flat.svg
2024	5354	JLU-CP	Gold	medal	gold	winner		https://static.igem.org/websites/common/2023/icons/medal-flat.svg
2024	5209	JLU-China						
2024	5304	JLU-NBBMS	Gold	medal	gold	winner		https://static.igem.org/websites/common/2023/icons/medal-flat.svg
2024	5087	JU-Krakow	Best Conservation Project	village		winner	underover	https://static.igem.org/websites/common/2022/icons/village/conservation.svg
2024	5087	JU-Krakow	Best Integrated Human Practices	special	specialisation	winner	undergrad	https://static.igem.org/websites/common/2023/icons/awards/best-integrated-human-practices.svg
2024	5087	JU-Krakow	Best New Composite Part	special	general-biology	nominee	undergrad	https://static.igem.org/websites/common/2023/icons/awards/best-new-composite-part.svg
2024	5087	JU-Krakow	Best Part Collection	special	general-biology	nominee	undergrad	https://static.igem.org/websites/common/2023/icons/awards/best-part-collection.svg
2024	5087	JU-Krakow	Best Presentation	special		winner	undergrad	https://static.igem.org/websites/common/2023/icons/awards/best-presentation.svg
2024	5087	JU-Krakow	Best Wiki	special		winner	undergrad	https://static.igem.org/websites/common/2023/icons/awards/best-wiki.svg
2024	5087	JU-Krakow	Finalist	finalist		winner	undergrad	
2024	5087	JU-Krakow	First Runner Up	grand-prize	first-runner-up	winner	undergrad	
2024	5087	JU-Krakow	Gold	medal	gold	winner		https://static.igem.org/websites/common/2023/icons/medal-flat.svg
2024	5087	JU-Krakow	Top 10	grand-prize	top	winner	undergrad	https://static.igem.org/websites/common/2022/icons/awards/top10-color.svg
2024	5157	Jiangnan-China	Gold	medal	gold	winner		https://static.igem.org/websites/common/2023/icons/medal-flat.svg
2024	5446	Jilin-China	Silver	medal	silver	winner		https://static.igem.org/websites/common/2023/icons/medal-silver-flat.svg
2024	5094	KCIS-Xiugang-Taipei	Best Presentation	special		nominee	high-school	https://static.igem.org/websites/common/2023/icons/awards/best-presentation.svg
2024	5094	KCIS-Xiugang-Taipei	Silver	medal	silver	winner		https://static.igem.org/websites/common/2023/icons/medal-silver-flat.svg
2024	5519	KFUPM-Saudi-Arabia	Silver	medal	silver	winner		https://static.igem.org/websites/common/2023/icons/medal-silver-flat.svg
2024	5060	KULeuven	Best Measurement	special	general-biology	winner	overgrad	https://static.igem.org/websites/common/2023/icons/awards/best-measurement.svg
2024	5060	KULeuven	Best Sustainable Development Impact	special	specialisation	nominee	overgrad	https://static.igem.org/websites/common/2023/icons/awards/best-sustainable-development-impact.svg
2024	5060	KULeuven	Gold	medal	gold	winner		https://static.igem.org/websites/common/2023/icons/medal-flat.svg
2024	5060	KULeuven	Inclusivity Award	special	specialisation	winner	overgrad	https://static.igem.org/websites/common/2023/icons/awards/inclusivity-award.svg
2024	5375	Keystone	Best Education	special	specialisation	winner	high-school	https://static.igem.org/websites/common/2023/icons/awards/best-education.svg
2024	5375	Keystone	Best Integrated Human Practices	special	specialisation	nominee	high-school	https://static.igem.org/websites/common/2023/icons/awards/best-integrated-human-practices.svg
2024	5375	Keystone	Best Part Collection	special	general-biology	winner	high-school	https://static.igem.org/websites/common/2023/icons/awards/best-part-collection.svg
2024	5375	Keystone	Best Wiki	special		nominee	high-school	https://static.igem.org/websites/common/2023/icons/awards/best-wiki.svg
2024	5375	Keystone	Gold	medal	gold	winner		https://static.igem.org/websites/common/2023/icons/medal-flat.svg
2024	5128	KhanLabSchool	Silver	medal	silver	winner		https://static.igem.org/websites/common/2023/icons/medal-silver-flat.svg
2024	5404	Korea-HS	Best Measurement	special	general-biology	nominee	high-school	https://static.igem.org/websites/common/2023/icons/awards/best-measurement.svg
2024	5404	Korea-HS	Bronze	medal	bronze	winner		https://static.igem.org/websites/common/2023/icons/medal-bronze-flat.svg
2024	5411	Kyoto	Best Agriculture Project	village		nominee	underover	https://static.igem.org/websites/common/2022/icons/village/agriculture.svg
2024	5411	Kyoto	Best Hardware	special	specialisation	nominee	undergrad	https://static.igem.org/websites/common/2023/icons/awards/best-hardware.svg
2024	5411	Kyoto	Gold	medal	gold	winner		https://static.igem.org/websites/common/2023/icons/medal-flat.svg
2024	5461	LCG-China	Gold	medal	gold	winner		https://static.igem.org/websites/common/2023/icons/medal-flat.svg
2024	5460	LCG-Global	Best Hardware	special	specialisation	nominee	high-school	https://static.igem.org/websites/common/2023/icons/awards/best-hardware.svg
2024	5460	LCG-Global	Best Integrated Human Practices	special	specialisation	nominee	high-school	https://static.igem.org/websites/common/2023/icons/awards/best-integrated-human-practices.svg
2024	5460	LCG-Global	Best New Composite Part	special	general-biology	nominee	high-school	https://static.igem.org/websites/common/2023/icons/awards/best-new-composite-part.svg
2024	5460	LCG-Global	Gold	medal	gold	winner		https://static.igem.org/websites/common/2023/icons/medal-flat.svg
2024	5185	LINKS-China	Best Model	special	general-biology	nominee	high-school	https://static.igem.org/websites/common/2023/icons/awards/best-model.svg
2024	5185	LINKS-China	Best Part Collection	special	general-biology	nominee	high-school	https://static.igem.org/websites/common/2023/icons/awards/best-part-collection.svg
2024	5185	LINKS-China	Gold	medal	gold	winner		https://static.igem.org/websites/common/2023/icons/medal-flat.svg
2024	5392	LIUAN-Nanjing	Silver	medal	silver	winner		https://static.igem.org/websites/common/2023/icons/medal-silver-flat.svg
2024	5391	LZU-China	Silver	medal	silver	winner		https://static.igem.org/websites/common/2023/icons/medal-silver-flat.svg
2024	5161	LZU-MEDICINE-CHINA	Silver	medal	silver	winner		https://static.igem.org/websites/common/2023/icons/medal-silver-flat.svg
2024	5096	Lambert-GA	Best Presentation	special		nominee	high-school	https://static.igem.org/websites/common/2023/icons/awards/best-presentation.svg
2024	5096	Lambert-GA	Gold	medal	gold	winner		https://static.igem.org/websites/common/2023/icons/medal-flat.svg
2024	5096	Lambert-GA	Top 10	grand-prize	top	winner	high-school	https://static.igem.org/websites/common/2022/icons/awards/top10-color.svg
2024	5415	Latvia-Riga	Silver	medal	silver	winner		https://static.igem.org/websites/common/2023/icons/medal-silver-flat.svg
2024	5112	Leiden	Best Wiki	special		nominee	overgrad	https://static.igem.org/websites/common/2023/icons/awards/best-wiki.svg
2024	5112	Leiden	Gold	medal	gold	winner		https://static.igem.org/websites/common/2023/icons/medal-flat.svg
2024	5092	LethbridgeHS	Silver	medal	silver	winner		https://static.igem.org/websites/common/2023/icons/medal-silver-flat.svg
2024	5387	Linkoping	Gold	medal	gold	winner		https://static.igem.org/websites/common/2023/icons/medal-flat.svg
2024	5213	Lund	Best Climate Crisis Project	village		nominee	underover	https://static.igem.org/websites/common/2022/icons/village/climate-crisis.svg
2024	5213	Lund	Gold	medal	gold	winner		https://static.igem.org/websites/common/2023/icons/medal-flat.svg
2024	5345	MIT	Gold	medal	gold	winner		https://static.igem.org/websites/common/2023/icons/medal-flat.svg
2024	5141	MIT-MAHE						
2024	5306	MSP-Maastricht	Gold	medal	gold	winner		https://static.igem.org/websites/common/2023/icons/medal-flat.svg
2024	5443	MacquarieUni	Silver	medal	silver	winner		https://static.igem.org/websites/common/2023/icons/medal-silver-flat.svg
2024	5435	Madrid-UCM	Best Measurement	special	general-biology	nominee	undergrad	https://static.igem.org/websites/common/2023/icons/awards/best-measurement.svg
2024	5435	Madrid-UCM	Gold	medal	gold	winner		https://static.igem.org/websites/common/2023/icons/medal-flat.svg
2024	5177	Manchester	Gold	medal	gold	winner		https://static.igem.org/websites/common/2023/icons/medal-flat.svg
2024	5088	Marburg	Best Agriculture Project	village		winner	underover	https://static.igem.org/websites/common/2022/icons/village/agriculture.svg
2024	5088	Marburg	Best Integrated Human Practices	special	specialisation	nominee	overgrad	https://static.igem.org/websites/common/2023/icons/awards/best-integrated-human-practices.svg
2024	5088	Marburg	Best Part Collection	special	general-biology	winner	overgrad	https://static.igem.org/websites/common/2023/icons/awards/best-part-collection.svg
2024	5088	Marburg	Best Plant Synthetic Biology	special	specialisation	winner	overgrad	https://static.igem.org/websites/common/2023/icons/awards/best-plant-synthetic-biology.svg
2024	5088	Marburg	Best Presentation	special		nominee	overgrad	https://static.igem.org/websites/common/2023/icons/awards/best-presentation.svg
2024	5088	Marburg	Best Wiki	special		winner	overgrad	https://static.igem.org/websites/common/2023/icons/awards/best-wiki.svg
2024	5088	Marburg	Finalist	finalist		winner	overgrad	
2024	5088	Marburg	Gold	medal	gold	winner		https://static.igem.org/websites/common/2023/icons/medal-flat.svg
2024	5088	Marburg	Grand Prize Winner	grand-prize	winner	winner	overgrad	
2024	5088	Marburg	Top 10	grand-prize	top	winner	overgrad	https://static.igem.org/websites/common/2022/icons/awards/top10-color.svg
2024	5099	McGill	Best Diagnostics Project	village		nominee	underover	https://static.igem.org/websites/common/2025/icons/villages/diagnostics.svg
2024	5099	McGill	Best Part Collection	special	general-biology	nominee	undergrad	https://static.igem.org/websites/common/2023/icons/awards/best-part-collection.svg
2024	5099	McGill	Best Software Tool	special	specialisation	nominee	undergrad	https://static.igem.org/websites/common/2023/icons/awards/best-software-tool.svg
2024	5099	McGill	Gold	medal	gold	winner		https://static.igem.org/websites/common/2023/icons/medal-flat.svg
2024	5393	McMaster-Canada	Silver	medal	silver	winner		https://static.igem.org/websites/common/2023/icons/medal-silver-flat.svg
2024	5515	McMasterU	Silver	medal	silver	winner		https://static.igem.org/websites/common/2023/icons/medal-silver-flat.svg
2024	5479	Mexico	Gold	medal	gold	winner		https://static.igem.org/websites/common/2023/icons/medal-flat.svg
2024	5196	Michigan	Best Sustainable Development Impact	special	specialisation	nominee	undergrad	https://static.igem.org/websites/common/2023/icons/awards/best-sustainable-development-impact.svg
2024	5196	Michigan	Silver	medal	silver	winner		https://static.igem.org/websites/common/2023/icons/medal-silver-flat.svg
2024	5325	MichiganState	Silver	medal	silver	winner		https://static.igem.org/websites/common/2023/icons/medal-silver-flat.svg
2024	5049	Mingdao	Silver	medal	silver	winner		https://static.igem.org/websites/common/2023/icons/medal-silver-flat.svg
2024	5202	Missouri-Miners						
2024	5102	Munich	Best Software Tool	special	specialisation	nominee	overgrad	https://static.igem.org/websites/common/2023/icons/awards/best-software-tool.svg
2024	5102	Munich	Gold	medal	gold	winner		https://static.igem.org/websites/common/2023/icons/medal-flat.svg
2024	5399	NAIS	Gold	medal	gold	winner		https://static.igem.org/websites/common/2023/icons/medal-flat.svg
2024	5418	NANJING-NFLSUNITED	Silver	medal	silver	winner		https://static.igem.org/websites/common/2023/icons/medal-silver-flat.svg
2024	5163	NASSZ	Bronze	medal	bronze	winner		https://static.igem.org/websites/common/2023/icons/medal-bronze-flat.svg
2024	5398	NAU-CHINA	Silver	medal	silver	winner		https://static.igem.org/websites/common/2023/icons/medal-silver-flat.svg
2024	5313	NEFU-China	Best Entrepreneurship	special	specialisation	nominee	overgrad	https://static.igem.org/websites/common/2023/icons/awards/best-entrepreneurship.svg
2024	5313	NEFU-China	Best Sustainable Development Impact	special	specialisation	nominee	overgrad	https://static.igem.org/websites/common/2023/icons/awards/best-sustainable-development-impact.svg
2024	5313	NEFU-China	Gold	medal	gold	winner		https://static.igem.org/websites/common/2023/icons/medal-flat.svg
2024	5470	NENU-China	Gold	medal	gold	winner		https://static.igem.org/websites/common/2023/icons/medal-flat.svg
2024	5238	NJMU-CHINA	Gold	medal	gold	winner		https://static.igem.org/websites/common/2023/icons/medal-flat.svg
2024	5366	NJTECH-CHINA-A	Gold	medal	gold	winner		https://static.igem.org/websites/common/2023/icons/medal-flat.svg
2024	5322	NJTech-China	Best New Improved Part	special	general-biology	winner	undergrad	https://static.igem.org/websites/common/2023/icons/awards/best-new-improved-part.svg
2024	5322	NJTech-China	Gold	medal	gold	winner		https://static.igem.org/websites/common/2023/icons/medal-flat.svg
2024	5367	NJU-China	Best Software & AI Project	village		winner	underover	https://static.igem.org/websites/common/2022/icons/village/software-ai.svg
2024	5367	NJU-China	Gold	medal	gold	winner		https://static.igem.org/websites/common/2023/icons/medal-flat.svg
2024	5332	NKU-China						
2024	5210	NMU-China	Gold	medal	gold	winner		https://static.igem.org/websites/common/2023/icons/medal-flat.svg
2024	5210	NMU-China	Safety and Security Award	special	specialisation	nominee	undergrad	https://static.igem.org/websites/common/2023/icons/awards/safety-and-security-award.svg
2024	5191	NNHS	Best New Basic Part	special	general-biology	nominee	high-school	https://static.igem.org/websites/common/2023/icons/awards/best-new-basic-part.svg
2024	5191	NNHS	Best New Composite Part	special	general-biology	winner	high-school	https://static.igem.org/websites/common/2023/icons/awards/best-new-composite-part.svg
2024	5191	NNHS	Gold	medal	gold	winner		https://static.igem.org/websites/common/2023/icons/medal-flat.svg
2024	5303	NNU-CHINA	Best Sustainable Development Impact	special	specialisation	nominee	undergrad	https://static.igem.org/websites/common/2023/icons/awards/best-sustainable-development-impact.svg
2024	5303	NNU-CHINA	Gold	medal	gold	winner		https://static.igem.org/websites/common/2023/icons/medal-flat.svg
2024	5204	NPU-CHINA	Silver	medal	silver	winner		https://static.igem.org/websites/common/2023/icons/medal-silver-flat.svg
2024	5361	NTHU-Taiwan	Silver	medal	silver	winner		https://static.igem.org/websites/common/2023/icons/medal-silver-flat.svg
2024	5401	NTU-Singapore	Silver	medal	silver	winner		https://static.igem.org/websites/common/2023/icons/medal-silver-flat.svg
2024	5294	NTU-Taiwan	Gold	medal	gold	winner		https://static.igem.org/websites/common/2023/icons/medal-flat.svg
2024	5129	NU-Kazakhstan	Best Hardware	special	specialisation	nominee	undergrad	https://static.igem.org/websites/common/2023/icons/awards/best-hardware.svg
2024	5129	NU-Kazakhstan	Best Oncology Project	village		nominee	underover	https://static.igem.org/websites/competition/2024/icons/villages/village-oncology.svg
2024	5129	NU-Kazakhstan	Gold	medal	gold	winner		https://static.igem.org/websites/common/2023/icons/medal-flat.svg
2024	5267	NUDT-CHINA	Silver	medal	silver	winner		https://static.igem.org/websites/common/2023/icons/medal-silver-flat.svg
2024	5499	NWU-CHINA-A	Gold	medal	gold	winner		https://static.igem.org/websites/common/2023/icons/medal-flat.svg
2024	5203	NYC-Empire-State	Best Entrepreneurship	special	specialisation	nominee	high-school	https://static.igem.org/websites/common/2023/icons/awards/best-entrepreneurship.svg
2024	5203	NYC-Empire-State	Best Integrated Human Practices	special	specialisation	nominee	high-school	https://static.igem.org/websites/common/2023/icons/awards/best-integrated-human-practices.svg
2024	5203	NYC-Empire-State	Silver	medal	silver	winner		https://static.igem.org/websites/common/2023/icons/medal-silver-flat.svg
2024	5151	NYCU-Formosa	Gold	medal	gold	winner		https://static.igem.org/websites/common/2023/icons/medal-flat.svg
2024	5125	NYU-Abu-Dhabi	Best Conservation Project	village		nominee	underover	https://static.igem.org/websites/common/2022/icons/village/conservation.svg
2024	5125	NYU-Abu-Dhabi	Gold	medal	gold	winner		https://static.igem.org/websites/common/2023/icons/medal-flat.svg
2024	5098	NYU-New-York	Silver	medal	silver	winner		https://static.igem.org/websites/common/2023/icons/medal-silver-flat.svg
2024	5206	Nanjing-BioX	Silver	medal	silver	winner		https://static.igem.org/websites/common/2023/icons/medal-silver-flat.svg
2024	5034	Nanjing-China	Best New Composite Part	special	general-biology	nominee	undergrad	https://static.igem.org/websites/common/2023/icons/awards/best-new-composite-part.svg
2024	5034	Nanjing-China	Best Space Project	village		nominee	underover	https://static.igem.org/websites/competition/2024/icons/villages/village-space.svg
2024	5034	Nanjing-China	Gold	medal	gold	winner		https://static.igem.org/websites/common/2023/icons/medal-flat.svg
2024	5426	Northeastern-Boston	Bronze	medal	bronze	winner		https://static.igem.org/websites/common/2023/icons/medal-bronze-flat.svg
2024	5444	OKstate	Silver	medal	silver	winner		https://static.igem.org/websites/common/2023/icons/medal-silver-flat.svg
2024	5216	OTIA-Hangzhou	Gold	medal	gold	winner		https://static.igem.org/websites/common/2023/icons/medal-flat.svg
2024	5331	OUC-China						
2024	5314	OUC-Haide	Gold	medal	gold	winner		https://static.igem.org/websites/common/2023/icons/medal-flat.svg
2024	5147	OhioState	Silver	medal	silver	winner		https://static.igem.org/websites/common/2023/icons/medal-silver-flat.svg
2024	5097	Oneonta	Gold	medal	gold	winner		https://static.igem.org/websites/common/2023/icons/medal-flat.svg
2024	5197	Outaouais	Silver	medal	silver	winner		https://static.igem.org/websites/common/2023/icons/medal-silver-flat.svg
2024	5465	Oxford	Best Infectious Diseases Project	village		nominee	underover	https://static.igem.org/websites/competition/2024/icons/villages/village-infectiousdiseases.svg
2024	5465	Oxford	Gold	medal	gold	winner		https://static.igem.org/websites/common/2023/icons/medal-flat.svg
2024	5528	PINGHE-MCA	Gold	medal	gold	winner		https://static.igem.org/websites/common/2023/icons/medal-flat.svg
2024	5441	PLKLFC	Gold	medal	gold	winner		https://static.igem.org/websites/common/2023/icons/medal-flat.svg
2024	5051	PLKNPL-HK	Bronze	medal	bronze	winner		https://static.igem.org/websites/common/2023/icons/medal-bronze-flat.svg
2024	5046	Patras	Best Wiki	special		nominee	undergrad	https://static.igem.org/websites/common/2023/icons/awards/best-wiki.svg
2024	5046	Patras	Gold	medal	gold	winner		https://static.igem.org/websites/common/2023/icons/medal-flat.svg
2024	5471	Patras-Med	Best Presentation	special		nominee	undergrad	https://static.igem.org/websites/common/2023/icons/awards/best-presentation.svg
2024	5471	Patras-Med	Best Therapeutics Project	village		nominee	underover	https://static.igem.org/websites/common/2022/icons/village/therapeutics.svg
2024	5471	Patras-Med	Gold	medal	gold	winner		https://static.igem.org/websites/common/2023/icons/medal-flat.svg
2024	5471	Patras-Med	Inclusivity Award	special	specialisation	winner	undergrad	https://static.igem.org/websites/common/2023/icons/awards/inclusivity-award.svg
2024	5471	Patras-Med	Top 10	grand-prize	top	winner	undergrad	https://static.igem.org/websites/common/2022/icons/awards/top10-color.svg
2024	5321	Peking	Gold	medal	gold	winner		https://static.igem.org/websites/common/2023/icons/medal-flat.svg
2024	5231	PekingHSC	Best Oncology Project	village		nominee	underover	https://static.igem.org/websites/competition/2024/icons/villages/village-oncology.svg
2024	5231	PekingHSC	Gold	medal	gold	winner		https://static.igem.org/websites/common/2023/icons/medal-flat.svg
2024	5144	PennState	Silver	medal	silver	winner		https://static.igem.org/websites/common/2023/icons/medal-silver-flat.svg
2024	5405	Pisa-IT	Silver	medal	silver	winner		https://static.igem.org/websites/common/2023/icons/medal-silver-flat.svg
2024	5180	Princeton	Gold	medal	gold	winner		https://static.igem.org/websites/common/2023/icons/medal-flat.svg
2024	5193	PuiChing-Macau	Silver	medal	silver	winner		https://static.igem.org/websites/common/2023/icons/medal-silver-flat.svg
2024	5386	QS-FMI						
2024	5079	Queens-Canada	Silver	medal	silver	winner		https://static.igem.org/websites/common/2023/icons/medal-silver-flat.svg
2024	5135	RBHS-San-Diego						
2024	5468	RDFZ-CHINA	Best New Composite Part	special	general-biology	nominee	high-school	https://static.igem.org/websites/common/2023/icons/awards/best-new-composite-part.svg
2024	5468	RDFZ-CHINA	Best Presentation	special		nominee	high-school	https://static.igem.org/websites/common/2023/icons/awards/best-presentation.svg
2024	5468	RDFZ-CHINA	Best Sustainable Development Impact	special	specialisation	nominee	high-school	https://static.igem.org/websites/common/2023/icons/awards/best-sustainable-development-impact.svg
2024	5468	RDFZ-CHINA	Best Wiki	special		nominee	high-school	https://static.igem.org/websites/common/2023/icons/awards/best-wiki.svg
2024	5468	RDFZ-CHINA	Gold	medal	gold	winner		https://static.igem.org/websites/common/2023/icons/medal-flat.svg
2024	5468	RDFZ-CHINA	Top 10	grand-prize	top	winner	high-school	https://static.igem.org/websites/common/2022/icons/awards/top10-color.svg
2024	5227	REC-CHENNAI	Silver	medal	silver	winner		https://static.igem.org/websites/common/2023/icons/medal-silver-flat.svg
2024	5342	Radboud-University	Silver	medal	silver	winner		https://static.igem.org/websites/common/2023/icons/medal-silver-flat.svg
2024	5488	RainsACA-China	Best Plant Synthetic Biology	special	specialisation	winner	high-school	https://static.igem.org/websites/common/2023/icons/awards/best-plant-synthetic-biology.svg
2024	5488	RainsACA-China	Silver	medal	silver	winner		https://static.igem.org/websites/common/2023/icons/medal-silver-flat.svg
2024	5058	Rio-UFRJ-Brazil	Silver	medal	silver	winner		https://static.igem.org/websites/common/2023/icons/medal-silver-flat.svg
2024	5052	Rochester	Gold	medal	gold	winner		https://static.igem.org/websites/common/2023/icons/medal-flat.svg
2024	5223	SCU-China	Best Foundational Advance Project	village		nominee	underover	https://static.igem.org/websites/common/2022/icons/village/foundational-advance.svg
2024	5223	SCU-China	Best Plant Synthetic Biology	special	specialisation	winner	undergrad	https://static.igem.org/websites/common/2023/icons/awards/best-plant-synthetic-biology.svg
2024	5223	SCU-China	Gold	medal	gold	winner		https://static.igem.org/websites/common/2023/icons/medal-flat.svg
2024	5226	SCUT-China-A	Silver	medal	silver	winner		https://static.igem.org/websites/common/2023/icons/medal-silver-flat.svg
2024	5368	SCUT-China-B	Bronze	medal	bronze	winner		https://static.igem.org/websites/common/2023/icons/medal-bronze-flat.svg
2024	5409	SCUT-China-S	Bronze	medal	bronze	winner		https://static.igem.org/websites/common/2023/icons/medal-bronze-flat.svg
2024	5343	SDU-CHINA	Silver	medal	silver	winner		https://static.igem.org/websites/common/2023/icons/medal-silver-flat.svg
2024	5253	SDU-Denmark	Best Education	special	specialisation	nominee	overgrad	https://static.igem.org/websites/common/2023/icons/awards/best-education.svg
2024	5253	SDU-Denmark	Silver	medal	silver	winner		https://static.igem.org/websites/common/2023/icons/medal-silver-flat.svg
2024	5414	SEHS						
2024	5093	SFLS-Hangzhou	Gold	medal	gold	winner		https://static.igem.org/websites/common/2023/icons/medal-flat.svg
2024	5390	SG-Raffles						
2024	5235	SHSBNU-China	Gold	medal	gold	winner		https://static.igem.org/websites/common/2023/icons/medal-flat.svg
2024	5200	SHSD	Silver	medal	silver	winner		https://static.igem.org/websites/common/2023/icons/medal-silver-flat.svg
2024	5522	SHSID-China	Silver	medal	silver	winner		https://static.igem.org/websites/common/2023/icons/medal-silver-flat.svg
2024	5182	SJTU-BioX-Shanghai	Gold	medal	gold	winner		https://static.igem.org/websites/common/2023/icons/medal-flat.svg
2024	5085	SJTU-Software	Gold	medal	gold	winner		https://static.igem.org/websites/common/2023/icons/medal-flat.svg
2024	5169	SMS-Shenzhen	Gold	medal	gold	winner		https://static.igem.org/websites/common/2023/icons/medal-flat.svg
2024	5491	SMU						
2024	5378	SMU-GDMU-CHINA	Silver	medal	silver	winner		https://static.igem.org/websites/common/2023/icons/medal-silver-flat.svg
2024	5496	SRE-China	Silver	medal	silver	winner		https://static.igem.org/websites/common/2023/icons/medal-silver-flat.svg
2024	5473	SRE-Shanghai						
2024	5397	SUSTechOCEAN	Gold	medal	gold	winner		https://static.igem.org/websites/common/2023/icons/medal-flat.svg
2024	5412	SVCE-CHENNAI	Silver	medal	silver	winner		https://static.igem.org/websites/common/2023/icons/medal-silver-flat.svg
2024	5183	SWUer-China						
2024	5270	SYPHU-China	Silver	medal	silver	winner		https://static.igem.org/websites/common/2023/icons/medal-silver-flat.svg
2024	5308	SZ-SHD	Silver	medal	silver	winner		https://static.igem.org/websites/common/2023/icons/medal-silver-flat.svg
2024	5248	SZPU-China	Bronze	medal	bronze	winner		https://static.igem.org/websites/common/2023/icons/medal-bronze-flat.svg
2024	5453	SZSAIS-Shenzhen	Gold	medal	gold	winner		https://static.igem.org/websites/common/2023/icons/medal-flat.svg
2024	5160	SZU-China	Gold	medal	gold	winner		https://static.igem.org/websites/common/2023/icons/medal-flat.svg
2024	5207	Shanghai-BioX	Silver	medal	silver	winner		https://static.igem.org/websites/common/2023/icons/medal-silver-flat.svg
2024	5069	Shanghai-HS	Gold	medal	gold	winner		https://static.igem.org/websites/common/2023/icons/medal-flat.svg
2024	5068	Shanghai-city	Silver	medal	silver	winner		https://static.igem.org/websites/common/2023/icons/medal-silver-flat.svg
2024	5174	Shanghaitech-China	Gold	medal	gold	winner		https://static.igem.org/websites/common/2023/icons/medal-flat.svg
2024	5172	Sheffield	Gold	medal	gold	winner		https://static.igem.org/websites/common/2023/icons/medal-flat.svg
2024	5348	Songshan-Lake	Best New Improved Part	special	general-biology	nominee	high-school	https://static.igem.org/websites/common/2023/icons/awards/best-new-improved-part.svg
2024	5348	Songshan-Lake	Gold	medal	gold	winner		https://static.igem.org/websites/common/2023/icons/medal-flat.svg
2024	5222	Sorbonne-U-Paris	Silver	medal	silver	winner		https://static.igem.org/websites/common/2023/icons/medal-silver-flat.svg
2024	5457	Squirrel-Beijing						
2024	5081	Squirrel-Beijing-I	Bronze	medal	bronze	winner		https://static.igem.org/websites/common/2023/icons/medal-bronze-flat.svg
2024	5456	Squirrel-Beijing-II						
2024	5083	Squirrel-CHN	Silver	medal	silver	winner		https://static.igem.org/websites/common/2023/icons/medal-silver-flat.svg
2024	5132	Squirrel-CHN-II	Gold	medal	gold	winner		https://static.igem.org/websites/common/2023/icons/medal-flat.svg
2024	5080	Squirrel-Guangzhou	Gold	medal	gold	winner		https://static.igem.org/websites/common/2023/icons/medal-flat.svg
2024	5131	Squirrel-Shanghai	Silver	medal	silver	winner		https://static.igem.org/websites/common/2023/icons/medal-silver-flat.svg
2024	5459	Squirrel-Shenzhen	Best Presentation	special		nominee	high-school	https://static.igem.org/websites/common/2023/icons/awards/best-presentation.svg
2024	5459	Squirrel-Shenzhen	Silver	medal	silver	winner		https://static.igem.org/websites/common/2023/icons/medal-silver-flat.svg
2024	5113	St-Mary-Academy-BV						
2024	5195	Stanford	Best Education	special	specialisation	nominee	undergrad	https://static.igem.org/websites/common/2023/icons/awards/best-education.svg
2024	5195	Stanford	Best Integrated Human Practices	special	specialisation	nominee	undergrad	https://static.igem.org/websites/common/2023/icons/awards/best-integrated-human-practices.svg
2024	5195	Stanford	Best Presentation	special		nominee	undergrad	https://static.igem.org/websites/common/2023/icons/awards/best-presentation.svg
2024	5195	Stanford	Best Therapeutics Project	village		nominee	underover	https://static.igem.org/websites/common/2022/icons/village/therapeutics.svg
2024	5195	Stanford	Gold	medal	gold	winner		https://static.igem.org/websites/common/2023/icons/medal-flat.svg
2024	5122	Stockholm	Gold	medal	gold	winner		https://static.igem.org/websites/common/2023/icons/medal-flat.svg
2024	5090	Stony-Brook	Gold	medal	gold	winner		https://static.igem.org/websites/common/2023/icons/medal-flat.svg
2024	5071	SubCat-China	Silver	medal	silver	winner		https://static.igem.org/websites/common/2023/icons/medal-silver-flat.svg
2024	5532	SubCat-GreatBay	Gold	medal	gold	winner		https://static.igem.org/websites/common/2023/icons/medal-flat.svg
2024	5533	SubCat-HS	Best Measurement	special	general-biology	nominee	high-school	https://static.igem.org/websites/common/2023/icons/awards/best-measurement.svg
2024	5533	SubCat-HS	Gold	medal	gold	winner		https://static.igem.org/websites/common/2023/icons/medal-flat.svg
2024	5072	SubCat-Peking	Silver	medal	silver	winner		https://static.igem.org/websites/common/2023/icons/medal-silver-flat.svg
2024	5189	SubCat-Shanghai	Gold	medal	gold	winner		https://static.igem.org/websites/common/2023/icons/medal-flat.svg
2024	5531	SubCat-Union	Silver	medal	silver	winner		https://static.igem.org/websites/common/2023/icons/medal-silver-flat.svg
2024	5239	Sustech-Med	Gold	medal	gold	winner		https://static.igem.org/websites/common/2023/icons/medal-flat.svg
2024	5121	Sydney-Australia	Best Entrepreneurship	special	specialisation	nominee	undergrad	https://static.igem.org/websites/common/2023/icons/awards/best-entrepreneurship.svg
2024	5121	Sydney-Australia	Best New Composite Part	special	general-biology	nominee	undergrad	https://static.igem.org/websites/common/2023/icons/awards/best-new-composite-part.svg
2024	5121	Sydney-Australia	Best Presentation	special		nominee	undergrad	https://static.igem.org/websites/common/2023/icons/awards/best-presentation.svg
2024	5121	Sydney-Australia	Best Therapeutics Project	village		winner	underover	https://static.igem.org/websites/common/2022/icons/village/therapeutics.svg
2024	5121	Sydney-Australia	Best Wiki	special		nominee	undergrad	https://static.igem.org/websites/common/2023/icons/awards/best-wiki.svg
2024	5121	Sydney-Australia	Finalist	finalist		winner	undergrad	
2024	5121	Sydney-Australia	Gold	medal	gold	winner		https://static.igem.org/websites/common/2023/icons/medal-flat.svg
2024	5121	Sydney-Australia	Second Runner Up	grand-prize	second-runner-up	winner	undergrad	
2024	5121	Sydney-Australia	Top 10	grand-prize	top	winner	undergrad	https://static.igem.org/websites/common/2022/icons/awards/top10-color.svg
2024	5065	TAU-Israel	Gold	medal	gold	winner		https://static.igem.org/websites/common/2023/icons/medal-flat.svg
2024	5492	TERMOSZ-Selye-HUN	Bronze	medal	bronze	winner		https://static.igem.org/websites/common/2023/icons/medal-bronze-flat.svg
2024	5259	THISDL-United	Silver	medal	silver	winner		https://static.igem.org/websites/common/2023/icons/medal-silver-flat.svg
2024	5421	TJI-Seoul	Bronze	medal	bronze	winner		https://static.igem.org/websites/common/2023/icons/medal-bronze-flat.svg
2024	5292	TJUSLS-China	Best New Improved Part	special	general-biology	nominee	undergrad	https://static.igem.org/websites/common/2023/icons/awards/best-new-improved-part.svg
2024	5292	TJUSLS-China	Gold	medal	gold	winner		https://static.igem.org/websites/common/2023/icons/medal-flat.svg
2024	5376	TJUSX	Silver	medal	silver	winner		https://static.igem.org/websites/common/2023/icons/medal-silver-flat.svg
2024	5054	TU-Delft	Silver	medal	silver	winner		https://static.igem.org/websites/common/2023/icons/medal-silver-flat.svg
2024	5117	TU-Dresden	Best Fashion & Cosmetics Project	village		nominee	underover	https://static.igem.org/websites/competition/2024/icons/villages/village-fashionandcosmetics.svg
2024	5117	TU-Dresden	Best New Composite Part	special	general-biology	nominee	overgrad	https://static.igem.org/websites/common/2023/icons/awards/best-new-composite-part.svg
2024	5117	TU-Dresden	Gold	medal	gold	winner		https://static.igem.org/websites/common/2023/icons/medal-flat.svg
2024	5403	TU-Eindhoven	Best Entrepreneurship	special	specialisation	nominee	undergrad	https://static.igem.org/websites/common/2023/icons/awards/best-entrepreneurship.svg
2024	5403	TU-Eindhoven	Best Oncology Project	village		nominee	underover	https://static.igem.org/websites/competition/2024/icons/villages/village-oncology.svg
2024	5403	TU-Eindhoven	Gold	medal	gold	winner		https://static.igem.org/websites/common/2023/icons/medal-flat.svg
2024	5043	TUDarmstadt	Best Bioremediation Project	village		nominee	overgrad	https://static.igem.org/websites/common/2022/icons/village/bioremediation.svg
2024	5043	TUDarmstadt	Best New Basic Part	special	general-biology	nominee	overgrad	https://static.igem.org/websites/common/2023/icons/awards/best-new-basic-part.svg
2024	5043	TUDarmstadt	Gold	medal	gold	winner		https://static.igem.org/websites/common/2023/icons/medal-flat.svg
2024	5286	TUM-Straubing	Best Biomanufacturing Project	village		nominee	underover	https://static.igem.org/websites/common/2022/icons/village/biomanufacturing.svg
2024	5286	TUM-Straubing	Best Wiki	special		nominee	overgrad	https://static.igem.org/websites/common/2023/icons/awards/best-wiki.svg
2024	5286	TUM-Straubing	Gold	medal	gold	winner		https://static.igem.org/websites/common/2023/icons/medal-flat.svg
2024	5286	TUM-Straubing	Top 10	grand-prize	top	winner	overgrad	https://static.igem.org/websites/common/2022/icons/awards/top10-color.svg
2024	5140	TUPLS-Japan	Bronze	medal	bronze	winner		https://static.igem.org/websites/common/2023/icons/medal-bronze-flat.svg
2024	5042	Taipei-KCISLK-V2	Bronze	medal	bronze	winner		https://static.igem.org/websites/common/2023/icons/medal-bronze-flat.svg
2024	5288	Tec-Chihuahua	Best Entrepreneurship	special	specialisation	nominee	undergrad	https://static.igem.org/websites/common/2023/icons/awards/best-entrepreneurship.svg
2024	5288	Tec-Chihuahua	Best Food & Nutrition Project	village		nominee	underover	https://static.igem.org/websites/common/2022/icons/village/nutrition.svg
2024	5288	Tec-Chihuahua	Gold	medal	gold	winner		https://static.igem.org/websites/common/2023/icons/medal-flat.svg
2024	5450	Tec-Monterrey						
2024	5150	TecCEM	Best Integrated Human Practices	special	specialisation	nominee	undergrad	https://static.igem.org/websites/common/2023/icons/awards/best-integrated-human-practices.svg
2024	5150	TecCEM	Gold	medal	gold	winner		https://static.igem.org/websites/common/2023/icons/medal-flat.svg
2024	5439	TecMonterreyGDL	Silver	medal	silver	winner		https://static.igem.org/websites/common/2023/icons/medal-silver-flat.svg
2024	5374	TestDaily-I-Beijing	Gold	medal	gold	winner		https://static.igem.org/websites/common/2023/icons/medal-flat.svg
2024	5120	Thailand-RIS	Best Part Collection	special	general-biology	nominee	high-school	https://static.igem.org/websites/common/2023/icons/awards/best-part-collection.svg
2024	5120	Thailand-RIS	Gold	medal	gold	winner		https://static.igem.org/websites/common/2023/icons/medal-flat.svg
2024	5120	Thailand-RIS	Inclusivity Award	special	specialisation	winner	high-school	https://static.igem.org/websites/common/2023/icons/awards/inclusivity-award.svg
2024	5299	Thessaly	Best Agriculture Project	village		nominee	underover	https://static.igem.org/websites/common/2022/icons/village/agriculture.svg
2024	5299	Thessaly	Best Education	special	specialisation	nominee	overgrad	https://static.igem.org/websites/common/2023/icons/awards/best-education.svg
2024	5299	Thessaly	Best New Basic Part	special	general-biology	winner	overgrad	https://static.igem.org/websites/common/2023/icons/awards/best-new-basic-part.svg
2024	5299	Thessaly	Gold	medal	gold	winner		https://static.igem.org/websites/common/2023/icons/medal-flat.svg
2024	5370	Tianjin	Gold	medal	gold	winner		https://static.igem.org/websites/common/2023/icons/medal-flat.svg
2024	5269	TokyoTech	Gold	medal	gold	winner		https://static.igem.org/websites/common/2023/icons/medal-flat.svg
2024	5298	Tongji-China	Gold	medal	gold	winner		https://static.igem.org/websites/common/2023/icons/medal-flat.svg
2024	5503	Tongji-Software	Gold	medal	gold	winner		https://static.igem.org/websites/common/2023/icons/medal-flat.svg
2024	5108	Toulouse-INSA-UPS	Best Entrepreneurship	special	specialisation	nominee	overgrad	https://static.igem.org/websites/common/2023/icons/awards/best-entrepreneurship.svg
2024	5108	Toulouse-INSA-UPS	Best Model	special	general-biology	nominee	overgrad	https://static.igem.org/websites/common/2023/icons/awards/best-model.svg
2024	5108	Toulouse-INSA-UPS	Best New Composite Part	special	general-biology	winner	overgrad	https://static.igem.org/websites/common/2023/icons/awards/best-new-composite-part.svg
2024	5108	Toulouse-INSA-UPS	Best Space Project	village		winner	underover	https://static.igem.org/websites/competition/2024/icons/villages/village-space.svg
2024	5108	Toulouse-INSA-UPS	Best Wiki	special		nominee	overgrad	https://static.igem.org/websites/common/2023/icons/awards/best-wiki.svg
2024	5108	Toulouse-INSA-UPS	Gold	medal	gold	winner		https://static.igem.org/websites/common/2023/icons/medal-flat.svg
2024	5108	Toulouse-INSA-UPS	Top 10	grand-prize	top	winner	overgrad	https://static.igem.org/websites/common/2022/icons/awards/top10-color.svg
2024	5187	Tsinghua	Best Model	special	general-biology	nominee	undergrad	https://static.igem.org/websites/common/2023/icons/awards/best-model.svg
2024	5187	Tsinghua	Best Presentation	special		winner	undergrad	https://static.igem.org/websites/common/2023/icons/awards/best-presentation.svg
2024	5187	Tsinghua	Best Therapeutics Project	village		nominee	underover	https://static.igem.org/websites/common/2022/icons/village/therapeutics.svg
2024	5187	Tsinghua	Gold	medal	gold	winner		https://static.igem.org/websites/common/2023/icons/medal-flat.svg
2024	5187	Tsinghua	Inclusivity Award	special	specialisation	nominee	undergrad	https://static.igem.org/websites/common/2023/icons/awards/inclusivity-award.svg
2024	5187	Tsinghua	Top 10	grand-prize	top	winner	undergrad	https://static.igem.org/websites/common/2022/icons/awards/top10-color.svg
2024	5242	Tsinghua-M	Gold	medal	gold	winner		https://static.igem.org/websites/common/2023/icons/medal-flat.svg
2024	5486	Tuebingen	Silver	medal	silver	winner		https://static.igem.org/websites/common/2023/icons/medal-silver-flat.svg
2024	5427	UAlberta	Gold	medal	gold	winner		https://static.igem.org/websites/common/2023/icons/medal-flat.svg
2024	5413	UBC-Okanagan						
2024	5228	UBC-Vancouver	Best Biomanufacturing Project	village		nominee	underover	https://static.igem.org/websites/common/2022/icons/village/biomanufacturing.svg
2024	5228	UBC-Vancouver	Best Hardware	special	specialisation	winner	undergrad	https://static.igem.org/websites/common/2023/icons/awards/best-hardware.svg
2024	5228	UBC-Vancouver	Best Sustainable Development Impact	special	specialisation	winner	undergrad	https://static.igem.org/websites/common/2023/icons/awards/best-sustainable-development-impact.svg
2024	5228	UBC-Vancouver	Gold	medal	gold	winner		https://static.igem.org/websites/common/2023/icons/medal-flat.svg
2024	5276	UCAS-China	Silver	medal	silver	winner		https://static.igem.org/websites/common/2023/icons/medal-silver-flat.svg
2024	5330	UCNZ	Silver	medal	silver	winner		https://static.igem.org/websites/common/2023/icons/medal-silver-flat.svg
2024	5149	UCSC	Silver	medal	silver	winner		https://static.igem.org/websites/common/2023/icons/medal-silver-flat.svg
2024	5194	UCalgary	Best Entrepreneurship	special	specialisation	nominee	undergrad	https://static.igem.org/websites/common/2023/icons/awards/best-entrepreneurship.svg
2024	5194	UCalgary	Gold	medal	gold	winner		https://static.igem.org/websites/common/2023/icons/medal-flat.svg
2024	5194	UCalgary	Safety and Security Award	special	specialisation	winner	undergrad	https://static.igem.org/websites/common/2023/icons/awards/safety-and-security-award.svg
2024	5138	UChicago	Best Infectious Diseases Project	village		nominee	underover	https://static.igem.org/websites/competition/2024/icons/villages/village-infectiousdiseases.svg
2024	5138	UChicago	Gold	medal	gold	winner		https://static.igem.org/websites/common/2023/icons/medal-flat.svg
2024	5477	UCopenhagen	Best Food & Nutrition Project	village		nominee	underover	https://static.igem.org/websites/common/2022/icons/village/nutrition.svg
2024	5477	UCopenhagen	Best Model	special	general-biology	nominee	overgrad	https://static.igem.org/websites/common/2023/icons/awards/best-model.svg
2024	5477	UCopenhagen	Best Part Collection	special	general-biology	nominee	overgrad	https://static.igem.org/websites/common/2023/icons/awards/best-part-collection.svg
2024	5477	UCopenhagen	Best Presentation	special		nominee	overgrad	https://static.igem.org/websites/common/2023/icons/awards/best-presentation.svg
2024	5477	UCopenhagen	Gold	medal	gold	winner		https://static.igem.org/websites/common/2023/icons/medal-flat.svg
2024	5487	UESTC-China	Gold	medal	gold	winner		https://static.igem.org/websites/common/2023/icons/medal-flat.svg
2024	5469	UFlorida	Gold	medal	gold	winner		https://static.igem.org/websites/common/2023/icons/medal-flat.svg
2024	5258	ULC	Gold	medal	gold	winner		https://static.igem.org/websites/common/2023/icons/medal-flat.svg
2024	5148	ULaval	Silver	medal	silver	winner		https://static.igem.org/websites/common/2023/icons/medal-silver-flat.svg
2024	5091	ULethbridge	Silver	medal	silver	winner		https://static.igem.org/websites/common/2023/icons/medal-silver-flat.svg
2024	5353	UM-Macau	Silver	medal	silver	winner		https://static.igem.org/websites/common/2023/icons/medal-silver-flat.svg
2024	5466	UMA-MALAGA	Silver	medal	silver	winner		https://static.igem.org/websites/common/2023/icons/medal-silver-flat.svg
2024	5089	UManitoba	Best New Basic Part	special	general-biology	nominee	overgrad	https://static.igem.org/websites/common/2023/icons/awards/best-new-basic-part.svg
2024	5089	UManitoba	Gold	medal	gold	winner		https://static.igem.org/websites/common/2023/icons/medal-flat.svg
2024	5104	UMaryland	Gold	medal	gold	winner		https://static.igem.org/websites/common/2023/icons/medal-flat.svg
2024	5455	UMass-Amherst						
2024	5192	UNC-ChapelHill	Silver	medal	silver	winner		https://static.igem.org/websites/common/2023/icons/medal-silver-flat.svg
2024	5047	UNILausanne	Best Conservation Project	village		nominee	underover	https://static.igem.org/websites/common/2022/icons/village/conservation.svg
2024	5047	UNILausanne	Best Presentation	special		nominee	overgrad	https://static.igem.org/websites/common/2023/icons/awards/best-presentation.svg
2024	5047	UNILausanne	Best Wiki	special		nominee	overgrad	https://static.igem.org/websites/common/2023/icons/awards/best-wiki.svg
2024	5047	UNILausanne	Gold	medal	gold	winner		https://static.igem.org/websites/common/2023/icons/medal-flat.svg
2024	5273	UNT						
2024	5105	UOregon	Silver	medal	silver	winner		https://static.igem.org/websites/common/2023/icons/medal-silver-flat.svg
2024	5311	UPF-Barcelona	Gold	medal	gold	winner		https://static.igem.org/websites/common/2023/icons/medal-flat.svg
2024	5199	USAFA	Gold	medal	gold	winner		https://static.igem.org/websites/common/2023/icons/medal-flat.svg
2024	5428	USP-Brazil	Silver	medal	silver	winner		https://static.igem.org/websites/common/2023/icons/medal-silver-flat.svg
2024	5452	USP-EEL-Brazil	Gold	medal	gold	winner		https://static.igem.org/websites/common/2023/icons/medal-flat.svg
2024	5302	USTC						
2024	5305	USTC-Software						
2024	5495	UTArlingtonTexasUSA						
2024	5232	UTokyo	Best Diagnostics Project	village		nominee	underover	https://static.igem.org/websites/common/2025/icons/villages/diagnostics.svg
2024	5232	UTokyo	Gold	medal	gold	winner		https://static.igem.org/websites/common/2023/icons/medal-flat.svg
2024	5230	UToronto	Best Entrepreneurship	special	specialisation	winner	overgrad	https://static.igem.org/websites/common/2023/icons/awards/best-entrepreneurship.svg
2024	5230	UToronto	Best Foundational Advance Project	village		nominee	underover	https://static.igem.org/websites/common/2022/icons/village/foundational-advance.svg
2024	5230	UToronto	Best Model	special	general-biology	winner	overgrad	https://static.igem.org/websites/common/2023/icons/awards/best-model.svg
2024	5230	UToronto	Best Presentation	special		nominee	overgrad	https://static.igem.org/websites/common/2023/icons/awards/best-presentation.svg
2024	5230	UToronto	Gold	medal	gold	winner		https://static.igem.org/websites/common/2023/icons/medal-flat.svg
2024	5230	UToronto	Top 10	grand-prize	top	winner	overgrad	https://static.igem.org/websites/common/2022/icons/awards/top10-color.svg
2024	5078	UVU-Utah-2	Silver	medal	silver	winner		https://static.igem.org/websites/common/2023/icons/medal-silver-flat.svg
2024	5250	UZurich	Best Agriculture Project	village		nominee	underover	https://static.igem.org/websites/common/2022/icons/village/agriculture.svg
2024	5250	UZurich	Best Sustainable Development Impact	special	specialisation	winner	overgrad	https://static.igem.org/websites/common/2023/icons/awards/best-sustainable-development-impact.svg
2024	5250	UZurich	Best Wiki	special		nominee	overgrad	https://static.igem.org/websites/common/2023/icons/awards/best-wiki.svg
2024	5250	UZurich	Gold	medal	gold	winner		https://static.igem.org/websites/common/2023/icons/medal-flat.svg
2024	5333	UiOslo-Norway	Gold	medal	gold	winner		https://static.igem.org/websites/common/2023/icons/medal-flat.svg
2024	5520	Ulink-SZ	Best Sustainable Development Impact	special	specialisation	nominee	high-school	https://static.igem.org/websites/common/2023/icons/awards/best-sustainable-development-impact.svg
2024	5520	Ulink-SZ	Gold	medal	gold	winner		https://static.igem.org/websites/common/2023/icons/medal-flat.svg
2024	5520	Ulink-SZ	Top 10	grand-prize	top	winner	high-school	https://static.igem.org/websites/common/2022/icons/awards/top10-color.svg
2024	5109	Uni-Padua-IT	Best Bioremediation Project	village		nominee	undergrad	https://static.igem.org/websites/common/2022/icons/village/bioremediation.svg
2024	5109	Uni-Padua-IT	Best Entrepreneurship	special	specialisation	winner	undergrad	https://static.igem.org/websites/common/2023/icons/awards/best-entrepreneurship.svg
2024	5109	Uni-Padua-IT	Silver	medal	silver	winner		https://static.igem.org/websites/common/2023/icons/medal-silver-flat.svg
2024	5164	UniMuenster	Best Model	special	general-biology	nominee	overgrad	https://static.igem.org/websites/common/2023/icons/awards/best-model.svg
2024	5164	UniMuenster	Best Plant Synthetic Biology	special	specialisation	nominee	overgrad	https://static.igem.org/websites/common/2023/icons/awards/best-plant-synthetic-biology.svg
2024	5164	UniMuenster	Best Software Tool	special	specialisation	winner	overgrad	https://static.igem.org/websites/common/2023/icons/awards/best-software-tool.svg
2024	5164	UniMuenster	Gold	medal	gold	winner		https://static.igem.org/websites/common/2023/icons/medal-flat.svg
2024	5143	UnivLyon1-INSALyon	Gold	medal	gold	winner		https://static.igem.org/websites/common/2023/icons/medal-flat.svg
2024	5527	UppsalaUniversity	Best Measurement	special	general-biology	nominee	overgrad	https://static.igem.org/websites/common/2023/icons/awards/best-measurement.svg
2024	5527	UppsalaUniversity	Gold	medal	gold	winner		https://static.igem.org/websites/common/2023/icons/medal-flat.svg
2024	5467	VIT-V	Silver	medal	silver	winner		https://static.igem.org/websites/common/2023/icons/medal-silver-flat.svg
2024	5246	Vilnius-Lithuania	Best Biomanufacturing Project	village		winner	underover	https://static.igem.org/websites/common/2022/icons/village/biomanufacturing.svg
2024	5246	Vilnius-Lithuania	Best Part Collection	special	general-biology	nominee	undergrad	https://static.igem.org/websites/common/2023/icons/awards/best-part-collection.svg
2024	5246	Vilnius-Lithuania	Best Software Tool	special	specialisation	winner	undergrad	https://static.igem.org/websites/common/2023/icons/awards/best-software-tool.svg
2024	5246	Vilnius-Lithuania	Best Wiki	special		nominee	undergrad	https://static.igem.org/websites/common/2023/icons/awards/best-wiki.svg
2024	5246	Vilnius-Lithuania	Gold	medal	gold	winner		https://static.igem.org/websites/common/2023/icons/medal-flat.svg
2024	5246	Vilnius-Lithuania	Top 10	grand-prize	top	winner	undergrad	https://static.igem.org/websites/common/2022/icons/awards/top10-color.svg
2024	5178	Virginia	Gold	medal	gold	winner		https://static.igem.org/websites/common/2023/icons/medal-flat.svg
2024	5484	WENHUA-CHINA						
2024	5070	WFL-HangzhouBay	Best New Improved Part	special	general-biology	nominee	high-school	https://static.igem.org/websites/common/2023/icons/awards/best-new-improved-part.svg
2024	5070	WFL-HangzhouBay	Gold	medal	gold	winner		https://static.igem.org/websites/common/2023/icons/medal-flat.svg
2024	5448	WHHS-China						
2024	5449	WHHS-Pro-China						
2024	5048	WHU-China	Gold	medal	gold	winner		https://static.igem.org/websites/common/2023/icons/medal-flat.svg
2024	5501	WLSA-ShanghaiAcademy	Silver	medal	silver	winner		https://static.igem.org/websites/common/2023/icons/medal-silver-flat.svg
2024	5474	WUXI-DSAS	Gold	medal	gold	winner		https://static.igem.org/websites/common/2023/icons/medal-flat.svg
2024	5106	WageningenUR	Best Diagnostics Project	village		winner	underover	https://static.igem.org/websites/common/2025/icons/villages/diagnostics.svg
2024	5106	WageningenUR	Best Model	special	general-biology	nominee	overgrad	https://static.igem.org/websites/common/2023/icons/awards/best-model.svg
2024	5106	WageningenUR	Best Part Collection	special	general-biology	nominee	overgrad	https://static.igem.org/websites/common/2023/icons/awards/best-part-collection.svg
2024	5106	WageningenUR	Best Presentation	special		nominee	overgrad	https://static.igem.org/websites/common/2023/icons/awards/best-presentation.svg
2024	5106	WageningenUR	Best Wiki	special		nominee	overgrad	https://static.igem.org/websites/common/2023/icons/awards/best-wiki.svg
2024	5106	WageningenUR	Gold	medal	gold	winner		https://static.igem.org/websites/common/2023/icons/medal-flat.svg
2024	5106	WageningenUR	Top 10	grand-prize	top	winner	overgrad	https://static.igem.org/websites/common/2022/icons/awards/top10-color.svg
2024	5277	Warwick	Gold	medal	gold	winner		https://static.igem.org/websites/common/2023/icons/medal-flat.svg
2024	5436	Waseda-Tokyo	Best Bioremediation Project	village		winner	undergrad	https://static.igem.org/websites/common/2022/icons/village/bioremediation.svg
2024	5436	Waseda-Tokyo	Best Model	special	general-biology	nominee	undergrad	https://static.igem.org/websites/common/2023/icons/awards/best-model.svg
2024	5436	Waseda-Tokyo	Best New Composite Part	special	general-biology	winner	undergrad	https://static.igem.org/websites/common/2023/icons/awards/best-new-composite-part.svg
2024	5436	Waseda-Tokyo	Best Wiki	special		nominee	undergrad	https://static.igem.org/websites/common/2023/icons/awards/best-wiki.svg
2024	5436	Waseda-Tokyo	Gold	medal	gold	winner		https://static.igem.org/websites/common/2023/icons/medal-flat.svg
2024	5436	Waseda-Tokyo	Top 10	grand-prize	top	winner	undergrad	https://static.igem.org/websites/common/2022/icons/awards/top10-color.svg
2024	5126	Washington	Gold	medal	gold	winner		https://static.igem.org/websites/common/2023/icons/medal-flat.svg
2024	5118	Waterloo						
2024	5494	WegoTaipei						
2024	5381	Wentworth						
2024	5363	Westlake	Silver	medal	silver	winner		https://static.igem.org/websites/common/2023/icons/medal-silver-flat.svg
2024	5338	Westview-SanDiego	Bronze	medal	bronze	winner		https://static.igem.org/websites/common/2023/icons/medal-bronze-flat.svg
2024	5179	William-and-Mary	Best Foundational Advance Project	village		nominee	underover	https://static.igem.org/websites/common/2022/icons/village/foundational-advance.svg
2024	5179	William-and-Mary	Best Software Tool	special	specialisation	nominee	undergrad	https://static.igem.org/websites/common/2023/icons/awards/best-software-tool.svg
2024	5179	William-and-Mary	Gold	medal	gold	winner		https://static.igem.org/websites/common/2023/icons/medal-flat.svg
2024	5179	William-and-Mary	Top 10	grand-prize	top	winner	undergrad	https://static.igem.org/websites/common/2022/icons/awards/top10-color.svg
2024	5255	XJTLU-CHINA	Bronze	medal	bronze	winner		https://static.igem.org/websites/common/2023/icons/medal-bronze-flat.svg
2024	5256	XJTLU-Software	Gold	medal	gold	winner		https://static.igem.org/websites/common/2023/icons/medal-flat.svg
2024	5268	XJU-China	Silver	medal	silver	winner		https://static.igem.org/websites/common/2023/icons/medal-silver-flat.svg
2024	5136	XMU-China	Best Climate Crisis Project	village		winner	underover	https://static.igem.org/websites/common/2022/icons/village/climate-crisis.svg
2024	5136	XMU-China	Best Presentation	special		nominee	undergrad	https://static.igem.org/websites/common/2023/icons/awards/best-presentation.svg
2024	5136	XMU-China	Best Wiki	special		nominee	undergrad	https://static.igem.org/websites/common/2023/icons/awards/best-wiki.svg
2024	5136	XMU-China	Gold	medal	gold	winner		https://static.igem.org/websites/common/2023/icons/medal-flat.svg
2024	5082	YiYe-China	Silver	medal	silver	winner		https://static.igem.org/websites/common/2023/icons/medal-silver-flat.svg
2024	5407	YiYe-Wuhan	Silver	medal	silver	winner		https://static.igem.org/websites/common/2023/icons/medal-silver-flat.svg
2024	5319	ZJU-China	Gold	medal	gold	winner		https://static.igem.org/websites/common/2023/icons/medal-flat.svg
2024	5377	ZJUT-China	Gold	medal	gold	winner		https://static.igem.org/websites/common/2023/icons/medal-flat.svg
2024	5101	ZQT-Nanjing	Best New Basic Part	special	general-biology	nominee	high-school	https://static.igem.org/websites/common/2023/icons/awards/best-new-basic-part.svg
2024	5101	ZQT-Nanjing	Gold	medal	gold	winner		https://static.igem.org/websites/common/2023/icons/medal-flat.svg
2024	5101	ZQT-Nanjing	Top 10	grand-prize	top	winner	high-school	https://static.igem.org/websites/common/2022/icons/awards/top10-color.svg
2024	5067	Zhejiang-United	Silver	medal	silver	winner		https://static.igem.org/websites/common/2023/icons/medal-silver-flat.svg
2024	5371	iZJU-China	Best Fashion & Cosmetics Project	village		nominee	underover	https://static.igem.org/websites/competition/2024/icons/villages/village-fashionandcosmetics.svg
2024	5371	iZJU-China	Gold	medal	gold	winner		https://static.igem.org/websites/common/2023/icons/medal-flat.svg
2024	5498	jky-wuhan-china	Bronze	medal	bronze	winner		https://static.igem.org/websites/common/2023/icons/medal-bronze-flat.svg
2024	5310	thessaloniki	Silver	medal	silver	winner		https://static.igem.org/websites/common/2023/icons/medal-silver-flat.svg
2024	5293	uOttawa	Best Biomanufacturing Project	village		nominee	underover	https://static.igem.org/websites/common/2022/icons/village/biomanufacturing.svg
2024	5293	uOttawa	Best Plant Synthetic Biology	special	specialisation	nominee	undergrad	https://static.igem.org/websites/common/2023/icons/awards/best-plant-synthetic-biology.svg
2024	5293	uOttawa	Gold	medal	gold	winner		https://static.igem.org/websites/common/2023/icons/medal-flat.svg
2024	5357	ucl	Gold	medal	gold	winner		https://static.igem.org/websites/common/2023/icons/medal-flat.svg
2025	5794	ABOA	Gold	medal	gold	winner		https://static.igem.org/websites/common/2023/icons/medal-flat.svg
2025	5999	AEGIS						
2025	5744	AEI Prep-Taiwan	Bronze	medal	bronze	winner		https://static.igem.org/websites/common/2023/icons/medal-bronze-flat.svg
2025	5545	AFCM-Egypt	Best Sustainable Development Impact	special	specialisation	nominee	undergrad	https://static.igem.org/websites/common/2023/icons/awards/best-sustainable-development-impact.svg
2025	5545	AFCM-Egypt	Gold	medal	gold	winner		https://static.igem.org/websites/common/2023/icons/medal-flat.svg
2025	5968	AFMU-China	Gold	medal	gold	winner		https://static.igem.org/websites/common/2023/icons/medal-flat.svg
2025	5993	AGORA-KOR						
2025	5715	AIS-China	Best Model	special	general-biology	nominee	high-school	https://static.igem.org/websites/common/2023/icons/awards/best-model.svg
2025	5715	AIS-China	Best New Improved Part	special	general-biology	winner	high-school	https://static.igem.org/websites/common/2023/icons/awards/best-new-improved-part.svg
2025	5715	AIS-China	Best Sustainable Development Impact	special	specialisation	winner	high-school	https://static.igem.org/websites/common/2023/icons/awards/best-sustainable-development-impact.svg
2025	5715	AIS-China	Best Village Project	special		winner	high-school	
2025	5715	AIS-China	Gold	medal	gold	winner		https://static.igem.org/websites/common/2023/icons/medal-flat.svg
2025	5715	AIS-China	Top 10	grand-prize	top	winner	high-school	https://static.igem.org/websites/common/2022/icons/awards/top10-color.svg
2025	5620	ASIJ-Tokyo						
2025	5679	ASU	Gold	medal	gold	winner		https://static.igem.org/websites/common/2023/icons/medal-flat.svg
2025	5587	Aachen	Best Agriculture Project	village		nominee	underover	https://static.igem.org/websites/common/2024/icons/village/village-agriculture.svg
2025	5587	Aachen	Best Integrated Human Practices	special	specialisation	nominee	overgrad	https://static.igem.org/websites/common/2023/icons/awards/best-integrated-human-practices.svg
2025	5587	Aachen	Best Wiki	special		nominee	overgrad	https://static.igem.org/websites/common/2023/icons/awards/best-wiki.svg
2025	5587	Aachen	Gold	medal	gold	winner		https://static.igem.org/websites/common/2023/icons/medal-flat.svg
2025	5936	Aalto-Helsinki	Best Measurement	special	general-biology	winner	overgrad	https://static.igem.org/websites/common/2023/icons/awards/best-measurement.svg
2025	5936	Aalto-Helsinki	Best Sustainable Development Impact	special	specialisation	winner	overgrad	https://static.igem.org/websites/common/2023/icons/awards/best-sustainable-development-impact.svg
2025	5936	Aalto-Helsinki	Best Therapeutics Project	village		nominee	overgrad	https://static.igem.org/websites/common/2024/icons/village/village-therapeutics.svg
2025	5936	Aalto-Helsinki	Gold	medal	gold	winner		https://static.igem.org/websites/common/2023/icons/medal-flat.svg
2025	5932	Aix-Marseille						
2025	5648	Alma	Silver	medal	silver	winner		https://static.igem.org/websites/common/2023/icons/medal-silver-flat.svg
2025	5868	Anatolia College-GR	Bronze	medal	bronze	winner		https://static.igem.org/websites/common/2023/icons/medal-bronze-flat.svg
2025	5831	AshesiGhana	Best Bioremediation Project	village		nominee	underover	https://static.igem.org/websites/common/2024/icons/village/village-bioremediation.svg
2025	5831	AshesiGhana	Best Education	special	specialisation	nominee	overgrad	https://static.igem.org/websites/common/2023/icons/awards/best-education.svg
2025	5831	AshesiGhana	Best Measurement	special	general-biology	nominee	overgrad	https://static.igem.org/websites/common/2023/icons/awards/best-measurement.svg
2025	5831	AshesiGhana	Best Wiki	special		nominee	overgrad	https://static.igem.org/websites/common/2023/icons/awards/best-wiki.svg
2025	5831	AshesiGhana	Silver	medal	silver	winner		https://static.igem.org/websites/common/2023/icons/medal-silver-flat.svg
2025	5930	Athens	Gold	medal	gold	winner		https://static.igem.org/websites/common/2023/icons/medal-flat.svg
2025	5584	Austin-UTexas	Best New Composite Part	special	general-biology	nominee	overgrad	https://static.igem.org/websites/common/2023/icons/awards/best-new-composite-part.svg
2025	5584	Austin-UTexas	Gold	medal	gold	winner		https://static.igem.org/websites/common/2023/icons/medal-flat.svg
2025	5625	BAID-China	Gold	medal	gold	winner		https://static.igem.org/websites/common/2023/icons/medal-flat.svg
2025	5743	BANZ-SZA	Best Entrepreneurship	special	specialisation	nominee	high-school	https://static.igem.org/websites/common/2023/icons/awards/best-entrepreneurship.svg
2025	5743	BANZ-SZA	Gold	medal	gold	winner		https://static.igem.org/websites/common/2023/icons/medal-flat.svg
2025	5610	BASIS-China	Silver	medal	silver	winner		https://static.igem.org/websites/common/2023/icons/medal-silver-flat.svg
2025	6034	BBS-Kuwait						
2025	5623	BIT	Gold	medal	gold	winner		https://static.igem.org/websites/common/2023/icons/medal-flat.svg
2025	5866	BIT-China	Best Fashion & Cosmetics Project	village		nominee	underover	https://static.igem.org/websites/common/2024/icons/village/village-fashionandcosmetics.svg
2025	5866	BIT-China	Best Hardware	special	specialisation	nominee	undergrad	https://static.igem.org/websites/common/2023/icons/awards/best-hardware.svg
2025	5866	BIT-China	Best Software Tool	special	specialisation	winner	undergrad	https://static.igem.org/websites/common/2023/icons/awards/best-software-tool.svg
2025	5866	BIT-China	Gold	medal	gold	winner		https://static.igem.org/websites/common/2023/icons/medal-flat.svg
2025	5984	BIT-LLM	Silver	medal	silver	winner		https://static.igem.org/websites/common/2023/icons/medal-silver-flat.svg
2025	5838	BJWZ-China	Silver	medal	silver	winner		https://static.igem.org/websites/common/2023/icons/medal-silver-flat.svg
2025	5605	BNDS-China	Best Measurement	special	general-biology	winner	high-school	https://static.igem.org/websites/common/2023/icons/awards/best-measurement.svg
2025	5605	BNDS-China	Best Part Collection	special	general-biology	winner	high-school	https://static.igem.org/websites/common/2023/icons/awards/best-part-collection.svg
2025	5605	BNDS-China	Best Presentation	special		nominee	high-school	https://static.igem.org/websites/common/2023/icons/awards/best-presentation.svg
2025	5605	BNDS-China	Best Village Project	special		nominee	high-school	
2025	5605	BNDS-China	Best Wiki	special		nominee	high-school	https://static.igem.org/websites/common/2023/icons/awards/best-wiki.svg
2025	5605	BNDS-China	Gold	medal	gold	winner		https://static.igem.org/websites/common/2023/icons/medal-flat.svg
2025	5605	BNDS-China	Top 10	grand-prize	top	winner	high-school	https://static.igem.org/websites/common/2022/icons/awards/top10-color.svg
2025	5872	BNU-China	Best Biomanufacturing Project	village		winner	undergrad	https://static.igem.org/websites/common/2024/icons/village/village-biomanufacturing.svg
2025	5872	BNU-China	Best Education	special	specialisation	nominee	undergrad	https://static.igem.org/websites/common/2023/icons/awards/best-education.svg
2025	5872	BNU-China	Best Part Collection	special	general-biology	nominee	undergrad	https://static.igem.org/websites/common/2023/icons/awards/best-part-collection.svg
2025	5872	BNU-China	Gold	medal	gold	winner		https://static.igem.org/websites/common/2023/icons/medal-flat.svg
2025	5858	BNUZH-China						
2025	6029	BSDFZ-CHINA	Gold	medal	gold	winner		https://static.igem.org/websites/common/2023/icons/medal-flat.svg
2025	5575	BUAP-Puebla	Gold	medal	gold	winner		https://static.igem.org/websites/common/2023/icons/medal-flat.svg
2025	5566	BUCT	Best Bioremediation Project	village		nominee	underover	https://static.igem.org/websites/common/2024/icons/village/village-bioremediation.svg
2025	5566	BUCT	Best Education	special	specialisation	nominee	undergrad	https://static.igem.org/websites/common/2023/icons/awards/best-education.svg
2025	5566	BUCT	Gold	medal	gold	winner		https://static.igem.org/websites/common/2023/icons/medal-flat.svg
2025	5851	BUCT-China	Best Measurement	special	general-biology	nominee	undergrad	https://static.igem.org/websites/common/2023/icons/awards/best-measurement.svg
2025	5851	BUCT-China	Best New Basic Part	special	general-biology	nominee	undergrad	https://static.igem.org/websites/common/2023/icons/awards/best-new-basic-part.svg
2025	5851	BUCT-China	Gold	medal	gold	winner		https://static.igem.org/websites/common/2023/icons/medal-flat.svg
2025	5927	BWYA	Gold	medal	gold	winner		https://static.igem.org/websites/common/2023/icons/medal-flat.svg
2025	5705	BYU-Provo	Silver	medal	silver	winner		https://static.igem.org/websites/common/2023/icons/medal-silver-flat.svg
2025	5816	Baltimore-BioCrew	Gold	medal	gold	winner		https://static.igem.org/websites/common/2023/icons/medal-flat.svg
2025	5622	Barcelona-UB	Best Foundational Advance Project	village		nominee	underover	https://static.igem.org/websites/common/2024/icons/village/village-foundationaladvance.svg
2025	5622	Barcelona-UB	Best New Composite Part	special	general-biology	nominee	undergrad	https://static.igem.org/websites/common/2023/icons/awards/best-new-composite-part.svg
2025	5622	Barcelona-UB	Best Presentation	special		nominee	undergrad	https://static.igem.org/websites/common/2023/icons/awards/best-presentation.svg
2025	5622	Barcelona-UB	Best Software Tool	special	specialisation	nominee	undergrad	https://static.igem.org/websites/common/2023/icons/awards/best-software-tool.svg
2025	5622	Barcelona-UB	Best Wiki	special		nominee	undergrad	https://static.igem.org/websites/common/2023/icons/awards/best-wiki.svg
2025	5622	Barcelona-UB	Gold	medal	gold	winner		https://static.igem.org/websites/common/2023/icons/medal-flat.svg
2025	5622	Barcelona-UB	Top 10	grand-prize	top	winner	undergrad	https://static.igem.org/websites/common/2022/icons/awards/top10-color.svg
2025	5754	Barcelona-UIC	Bronze	medal	bronze	winner		https://static.igem.org/websites/common/2023/icons/medal-bronze-flat.svg
2025	5734	Beijing-HS	Bronze	medal	bronze	winner		https://static.igem.org/websites/common/2023/icons/medal-bronze-flat.svg
2025	5871	Benenden Guangzhou	Silver	medal	silver	winner		https://static.igem.org/websites/common/2023/icons/medal-silver-flat.svg
2025	5833	Bielefeld-CeBiTec	Silver	medal	silver	winner		https://static.igem.org/websites/common/2023/icons/medal-silver-flat.svg
2025	5733	Bioplus-China	Gold	medal	gold	winner		https://static.igem.org/websites/common/2023/icons/medal-flat.svg
2025	5762	Bioplus-Shanghai	Best New Composite Part	special	general-biology	nominee	high-school	https://static.igem.org/websites/common/2023/icons/awards/best-new-composite-part.svg
2025	5762	Bioplus-Shanghai	Gold	medal	gold	winner		https://static.igem.org/websites/common/2023/icons/medal-flat.svg
2025	5943	Biotech XJUH						
2025	5904	BohemiaBio	Best Measurement	special	general-biology	nominee	overgrad	https://static.igem.org/websites/common/2023/icons/awards/best-measurement.svg
2025	5904	BohemiaBio	Gold	medal	gold	winner		https://static.igem.org/websites/common/2023/icons/medal-flat.svg
2025	5716	Bologna	Gold	medal	gold	winner		https://static.igem.org/websites/common/2023/icons/medal-flat.svg
2025	5696	Boston-BOSLab	Best Part Collection	special	general-biology	nominee	high-school	https://static.igem.org/websites/common/2023/icons/awards/best-part-collection.svg
2025	5696	Boston-BOSLab	Best Presentation	special		winner	high-school	https://static.igem.org/websites/common/2023/icons/awards/best-presentation.svg
2025	5696	Boston-BOSLab	Best Sustainable Development Impact	special	specialisation	nominee	high-school	https://static.igem.org/websites/common/2023/icons/awards/best-sustainable-development-impact.svg
2025	5696	Boston-BOSLab	Best Village Project	special		nominee	high-school	
2025	5696	Boston-BOSLab	Gold	medal	gold	winner		https://static.igem.org/websites/common/2023/icons/medal-flat.svg
2025	5875	BostonU	Gold	medal	gold	winner		https://static.igem.org/websites/common/2023/icons/medal-flat.svg
2025	5642	Brno Czech Republic	Best Agriculture Project	village		winner	underover	https://static.igem.org/websites/common/2024/icons/village/village-agriculture.svg
2025	5642	Brno Czech Republic	Best Hardware	special	specialisation	nominee	overgrad	https://static.igem.org/websites/common/2023/icons/awards/best-hardware.svg
2025	5642	Brno Czech Republic	Best Plant Synthetic Biology	special	specialisation	winner	overgrad	https://static.igem.org/websites/common/2023/icons/awards/best-plant-synthetic-biology.svg
2025	5642	Brno Czech Republic	Best Presentation	special		winner	overgrad	https://static.igem.org/websites/common/2023/icons/awards/best-presentation.svg
2025	5642	Brno Czech Republic	Best Wiki	special		nominee	overgrad	https://static.igem.org/websites/common/2023/icons/awards/best-wiki.svg
2025	5642	Brno Czech Republic	Finalist	finalist		winner	overgrad	
2025	5642	Brno Czech Republic	Gold	medal	gold	winner		https://static.igem.org/websites/common/2023/icons/medal-flat.svg
2025	5642	Brno Czech Republic	Grand Prize Winner	grand-prize	winner	winner	overgrad	
2025	5642	Brno Czech Republic	Top 10	grand-prize	top	winner	overgrad	https://static.igem.org/websites/common/2022/icons/awards/top10-color.svg
2025	5920	CAFA-Beijing						
2025	5846	CAU-China	Best Agriculture Project	village		nominee	underover	https://static.igem.org/websites/common/2024/icons/village/village-agriculture.svg
2025	5846	CAU-China	Gold	medal	gold	winner		https://static.igem.org/websites/common/2023/icons/medal-flat.svg
2025	5678	CCA-San-Diego	Silver	medal	silver	winner		https://static.igem.org/websites/common/2023/icons/medal-silver-flat.svg
2025	5854	CCU-Taiwan	Gold	medal	gold	winner		https://static.igem.org/websites/common/2023/icons/medal-flat.svg
2025	5804	CFLS	Gold	medal	gold	winner		https://static.igem.org/websites/common/2023/icons/medal-flat.svg
2025	5890	CHINA-XJTU	Silver	medal	silver	winner		https://static.igem.org/websites/common/2023/icons/medal-silver-flat.svg
2025	5542	CJUH-JLU-China	Best Diagnostics Project	village		nominee	underover	https://static.igem.org/websites/common/2024/icons/village/village-diagnostics.svg
2025	5542	CJUH-JLU-China	Best Integrated Human Practices	special	specialisation	nominee	undergrad	https://static.igem.org/websites/common/2023/icons/awards/best-integrated-human-practices.svg
2025	5542	CJUH-JLU-China	Gold	medal	gold	winner		https://static.igem.org/websites/common/2023/icons/medal-flat.svg
2025	5542	CJUH-JLU-China	Top 10	grand-prize	top	winner	undergrad	https://static.igem.org/websites/common/2022/icons/awards/top10-color.svg
2025	6024	CMUQ						
2025	5898	CSMU-Taiwan	Silver	medal	silver	winner		https://static.igem.org/websites/common/2023/icons/medal-silver-flat.svg
2025	5731	CSU-CHINA	Silver	medal	silver	winner		https://static.igem.org/websites/common/2023/icons/medal-silver-flat.svg
2025	5978	CSW-UD	Gold	medal	gold	winner		https://static.igem.org/websites/common/2023/icons/medal-flat.svg
2025	5665	CUG-China	Silver	medal	silver	winner		https://static.igem.org/websites/common/2023/icons/medal-silver-flat.svg
2025	5926	CUHK-Shenzhen	Gold	medal	gold	winner		https://static.igem.org/websites/common/2023/icons/medal-flat.svg
2025	6031	CalUCSF						
2025	5799	Cambridge	Gold	medal	gold	winner		https://static.igem.org/websites/common/2023/icons/medal-flat.svg
2025	5796	Chalmers-Gothenburg	Gold	medal	gold	winner		https://static.igem.org/websites/common/2023/icons/medal-flat.svg
2025	5602	City-of-London-UK	Gold	medal	gold	winner		https://static.igem.org/websites/common/2023/icons/medal-flat.svg
2025	5785	Concordia-Montreal	Silver	medal	silver	winner		https://static.igem.org/websites/common/2023/icons/medal-silver-flat.svg
2025	5594	Concordia-Shanghai	Best Village Project	special		nominee	high-school	
2025	5594	Concordia-Shanghai	Gold	medal	gold	winner		https://static.igem.org/websites/common/2023/icons/medal-flat.svg
2025	5717	Cornell	Best Hardware	special	specialisation	winner	undergrad	https://static.igem.org/websites/common/2023/icons/awards/best-hardware.svg
2025	5717	Cornell	Best Space Project	village		winner	underover	https://static.igem.org/websites/common/2024/icons/village/village-space.svg
2025	5717	Cornell	Gold	medal	gold	winner		https://static.igem.org/websites/common/2023/icons/medal-flat.svg
2025	5659	DBHS-CA	Gold	medal	gold	winner		https://static.igem.org/websites/common/2023/icons/medal-flat.svg
2025	5659	DBHS-CA	Inclusivity Award	special	specialisation	winner	high-school	https://static.igem.org/websites/common/2023/icons/awards/inclusivity-award.svg
2025	5790	DEPU	Gold	medal	gold	winner		https://static.igem.org/websites/common/2023/icons/medal-flat.svg
2025	5652	DKU	Silver	medal	silver	winner		https://static.igem.org/websites/common/2023/icons/medal-silver-flat.svg
2025	5697	DNHS-SanDiego-Ca	Gold	medal	gold	winner		https://static.igem.org/websites/common/2023/icons/medal-flat.svg
2025	5568	DTU-Denmark	Best Fashion & Cosmetics Project	village		winner	underover	https://static.igem.org/websites/common/2024/icons/village/village-fashionandcosmetics.svg
2025	5568	DTU-Denmark	Best Model	special	general-biology	nominee	overgrad	https://static.igem.org/websites/common/2023/icons/awards/best-model.svg
2025	5568	DTU-Denmark	Best Presentation	special		nominee	overgrad	https://static.igem.org/websites/common/2023/icons/awards/best-presentation.svg
2025	5568	DTU-Denmark	Best Wiki	special		nominee	overgrad	https://static.igem.org/websites/common/2023/icons/awards/best-wiki.svg
2025	5568	DTU-Denmark	Gold	medal	gold	winner		https://static.igem.org/websites/common/2023/icons/medal-flat.svg
2025	5568	DTU-Denmark	Top 10	grand-prize	top	winner	overgrad	https://static.igem.org/websites/common/2022/icons/awards/top10-color.svg
2025	5676	DUESSELDORF	Best Biomanufacturing Project	village		nominee	overgrad	https://static.igem.org/websites/common/2024/icons/village/village-biomanufacturing.svg
2025	5676	DUESSELDORF	Gold	medal	gold	winner		https://static.igem.org/websites/common/2023/icons/medal-flat.svg
2025	5844	DUT-China	Gold	medal	gold	winner		https://static.igem.org/websites/common/2023/icons/medal-flat.svg
2025	6013	DelNorte-SD	Bronze	medal	bronze	winner		https://static.igem.org/websites/common/2023/icons/medal-bronze-flat.svg
2025	5719	Duke	Best Software Tool	special	specialisation	nominee	undergrad	https://static.igem.org/websites/common/2023/icons/awards/best-software-tool.svg
2025	5719	Duke	Gold	medal	gold	winner		https://static.igem.org/websites/common/2023/icons/medal-flat.svg
2025	5972	ECUST-China	Gold	medal	gold	winner		https://static.igem.org/websites/common/2023/icons/medal-flat.svg
2025	5752	EHSBNU	Bronze	medal	bronze	winner		https://static.igem.org/websites/common/2023/icons/medal-bronze-flat.svg
2025	5590	EPFL	Best Climate Crisis Project	village		winner	underover	https://static.igem.org/websites/common/2024/icons/village/village-climatecrisis.svg
2025	5590	EPFL	Best Measurement	special	general-biology	winner	undergrad	https://static.igem.org/websites/common/2023/icons/awards/best-measurement.svg
2025	5590	EPFL	Best Presentation	special		winner	undergrad	https://static.igem.org/websites/common/2023/icons/awards/best-presentation.svg
2025	5590	EPFL	Best Software Tool	special	specialisation	winner	undergrad	https://static.igem.org/websites/common/2023/icons/awards/best-software-tool.svg
2025	5590	EPFL	Best Sustainable Development Impact	special	specialisation	winner	undergrad	https://static.igem.org/websites/common/2023/icons/awards/best-sustainable-development-impact.svg
2025	5590	EPFL	Best Wiki	special		winner	undergrad	https://static.igem.org/websites/common/2023/icons/awards/best-wiki.svg
2025	5590	EPFL	Finalist	finalist		winner	undergrad	
2025	5590	EPFL	First Runner Up	grand-prize	first-runner-up	winner	undergrad	
2025	5590	EPFL	Gold	medal	gold	winner		https://static.igem.org/websites/common/2023/icons/medal-flat.svg
2025	5590	EPFL	Top 10	grand-prize	top	winner	undergrad	https://static.igem.org/websites/common/2022/icons/awards/top10-color.svg
2025	6019	ESSENTIAL KOREA	Gold	medal	gold	winner		https://static.igem.org/websites/common/2023/icons/medal-flat.svg
2025	6022	ETH-Zurich	Best Hardware	special	specialisation	nominee	overgrad	https://static.igem.org/websites/common/2023/icons/awards/best-hardware.svg
2025	6022	ETH-Zurich	Silver	medal	silver	winner		https://static.igem.org/websites/common/2023/icons/medal-silver-flat.svg
2025	5693	ETSU						
2025	5783	Ecuador	Best Presentation	special		nominee	undergrad	https://static.igem.org/websites/common/2023/icons/awards/best-presentation.svg
2025	5783	Ecuador	Best Therapeutics Project	village		nominee	undergrad	https://static.igem.org/websites/common/2024/icons/village/village-therapeutics.svg
2025	5783	Ecuador	Gold	medal	gold	winner		https://static.igem.org/websites/common/2023/icons/medal-flat.svg
2025	5944	Estonia-TUBI	Best Climate Crisis Project	village		nominee	underover	https://static.igem.org/websites/common/2024/icons/village/village-climatecrisis.svg
2025	5944	Estonia-TUBI	Best Hardware	special	specialisation	nominee	undergrad	https://static.igem.org/websites/common/2023/icons/awards/best-hardware.svg
2025	5944	Estonia-TUBI	Gold	medal	gold	winner		https://static.igem.org/websites/common/2023/icons/medal-flat.svg
2025	5617	Evry-Paris-Saclay	Best New Basic Part	special	general-biology	nominee	overgrad	https://static.igem.org/websites/common/2023/icons/awards/best-new-basic-part.svg
2025	5617	Evry-Paris-Saclay	Gold	medal	gold	winner		https://static.igem.org/websites/common/2023/icons/medal-flat.svg
2025	5539	Example						
2025	5701	FHNW	Silver	medal	silver	winner		https://static.igem.org/websites/common/2023/icons/medal-silver-flat.svg
2025	5595	FHS-NB-ZJ-China	Bronze	medal	bronze	winner		https://static.igem.org/websites/common/2023/icons/medal-bronze-flat.svg
2025	5886	FSU	Gold	medal	gold	winner		https://static.igem.org/websites/common/2023/icons/medal-flat.svg
2025	5672	Freiburg	Best Foundational Advance Project	village		winner	underover	https://static.igem.org/websites/common/2024/icons/village/village-foundationaladvance.svg
2025	5672	Freiburg	Best New Basic Part	special	general-biology	winner	overgrad	https://static.igem.org/websites/common/2023/icons/awards/best-new-basic-part.svg
2025	5672	Freiburg	Best Presentation	special		nominee	overgrad	https://static.igem.org/websites/common/2023/icons/awards/best-presentation.svg
2025	5672	Freiburg	Best Wiki	special		nominee	overgrad	https://static.igem.org/websites/common/2023/icons/awards/best-wiki.svg
2025	5672	Freiburg	Gold	medal	gold	winner		https://static.igem.org/websites/common/2023/icons/medal-flat.svg
2025	5672	Freiburg	Top 10	grand-prize	top	winner	overgrad	https://static.igem.org/websites/common/2022/icons/awards/top10-color.svg
2025	5643	Fudan	Gold	medal	gold	winner		https://static.igem.org/websites/common/2023/icons/medal-flat.svg
2025	5643	Fudan	Inclusivity Award	special	specialisation	nominee	undergrad	https://static.igem.org/websites/common/2023/icons/awards/inclusivity-award.svg
2025	5746	GCGS	Best Presentation	special		nominee	high-school	https://static.igem.org/websites/common/2023/icons/awards/best-presentation.svg
2025	5746	GCGS	Best Village Project	special		nominee	high-school	
2025	5746	GCGS	Best Wiki	special		nominee	high-school	https://static.igem.org/websites/common/2023/icons/awards/best-wiki.svg
2025	5746	GCGS	Gold	medal	gold	winner		https://static.igem.org/websites/common/2023/icons/medal-flat.svg
2025	5877	GEC-Guangzhou	Best Hardware	special	specialisation	nominee	high-school	https://static.igem.org/websites/common/2023/icons/awards/best-hardware.svg
2025	5877	GEC-Guangzhou	Best New Basic Part	special	general-biology	winner	high-school	https://static.igem.org/websites/common/2023/icons/awards/best-new-basic-part.svg
2025	5877	GEC-Guangzhou	Gold	medal	gold	winner		https://static.igem.org/websites/common/2023/icons/medal-flat.svg
2025	5729	GEMS-Taiwan	Best Education	special	specialisation	nominee	high-school	https://static.igem.org/websites/common/2023/icons/awards/best-education.svg
2025	5729	GEMS-Taiwan	Best Measurement	special	general-biology	nominee	high-school	https://static.igem.org/websites/common/2023/icons/awards/best-measurement.svg
2025	5729	GEMS-Taiwan	Best Model	special	general-biology	nominee	high-school	https://static.igem.org/websites/common/2023/icons/awards/best-model.svg
2025	5729	GEMS-Taiwan	Best Village Project	special		nominee	high-school	
2025	5729	GEMS-Taiwan	Best Wiki	special		nominee	high-school	https://static.igem.org/websites/common/2023/icons/awards/best-wiki.svg
2025	5729	GEMS-Taiwan	Gold	medal	gold	winner		https://static.igem.org/websites/common/2023/icons/medal-flat.svg
2025	5729	GEMS-Taiwan	Top 10	grand-prize	top	winner	high-school	https://static.igem.org/websites/common/2022/icons/awards/top10-color.svg
2025	5967	GHCIS	Best New Basic Part	special	general-biology	nominee	high-school	https://static.igem.org/websites/common/2023/icons/awards/best-new-basic-part.svg
2025	5967	GHCIS	Gold	medal	gold	winner		https://static.igem.org/websites/common/2023/icons/medal-flat.svg
2025	5628	GU-Frankfurt	Best Agriculture Project	village		nominee	underover	https://static.igem.org/websites/common/2024/icons/village/village-agriculture.svg
2025	5628	GU-Frankfurt	Gold	medal	gold	winner		https://static.igem.org/websites/common/2023/icons/medal-flat.svg
2025	5628	GU-Frankfurt	Safety and Security Award	special	specialisation	winner	overgrad	https://static.igem.org/websites/common/2023/icons/awards/safety-and-security-award.svg
2025	5628	GU-Frankfurt	Top 10	grand-prize	top	winner	overgrad	https://static.igem.org/websites/common/2022/icons/awards/top10-color.svg
2025	5845	GXU-China	Silver	medal	silver	winner		https://static.igem.org/websites/common/2023/icons/medal-silver-flat.svg
2025	6018	GYHS	Gold	medal	gold	winner		https://static.igem.org/websites/common/2023/icons/medal-flat.svg
2025	6018	GYHS	Safety and Security Award	special	specialisation	nominee	high-school	https://static.igem.org/websites/common/2023/icons/awards/safety-and-security-award.svg
2025	5892	GeorgiaState-SWJTU						
2025	5614	GreatBay-SCIE	Best Education	special	specialisation	winner	high-school	https://static.igem.org/websites/common/2023/icons/awards/best-education.svg
2025	5614	GreatBay-SCIE	Best Integrated Human Practices	special	specialisation	winner	high-school	https://static.igem.org/websites/common/2023/icons/awards/best-integrated-human-practices.svg
2025	5614	GreatBay-SCIE	Best Model	special	general-biology	winner	high-school	https://static.igem.org/websites/common/2023/icons/awards/best-model.svg
2025	5614	GreatBay-SCIE	Best Presentation	special		nominee	high-school	https://static.igem.org/websites/common/2023/icons/awards/best-presentation.svg
2025	5614	GreatBay-SCIE	Best Village Project	special		winner	high-school	
2025	5614	GreatBay-SCIE	Best Wiki	special		winner	high-school	https://static.igem.org/websites/common/2023/icons/awards/best-wiki.svg
2025	5614	GreatBay-SCIE	Finalist	finalist		winner	high-school	
2025	5614	GreatBay-SCIE	Gold	medal	gold	winner		https://static.igem.org/websites/common/2023/icons/medal-flat.svg
2025	5614	GreatBay-SCIE	Grand Prize Winner	grand-prize	winner	winner	high-school	
2025	5614	GreatBay-SCIE	Top 10	grand-prize	top	winner	high-school	https://static.igem.org/websites/common/2022/icons/awards/top10-color.svg
2025	5689	Groningen	Best Diagnostics Project	village		nominee	underover	https://static.igem.org/websites/common/2024/icons/village/village-diagnostics.svg
2025	5689	Groningen	Best Measurement	special	general-biology	nominee	overgrad	https://static.igem.org/websites/common/2023/icons/awards/best-measurement.svg
2025	5689	Groningen	Best New Composite Part	special	general-biology	nominee	overgrad	https://static.igem.org/websites/common/2023/icons/awards/best-new-composite-part.svg
2025	5689	Groningen	Gold	medal	gold	winner		https://static.igem.org/websites/common/2023/icons/medal-flat.svg
2025	5991	Guanghua-ShanghaiU	Gold	medal	gold	winner		https://static.igem.org/websites/common/2023/icons/medal-flat.svg
2025	5611	Guelph	Gold	medal	gold	winner		https://static.igem.org/websites/common/2023/icons/medal-flat.svg
2025	6020	Gzhmu-China						
2025	5694	HAOLVE-Nanjing	Bronze	medal	bronze	winner		https://static.igem.org/websites/common/2023/icons/medal-bronze-flat.svg
2025	5726	HBUT-China	Silver	medal	silver	winner		https://static.igem.org/websites/common/2023/icons/medal-silver-flat.svg
2025	5763	HDKWA	Silver	medal	silver	winner		https://static.igem.org/websites/common/2023/icons/medal-silver-flat.svg
2025	5919	HG-Tokyo	Best Integrated Human Practices	special	specialisation	nominee	high-school	https://static.igem.org/websites/common/2023/icons/awards/best-integrated-human-practices.svg
2025	5919	HG-Tokyo	Best Presentation	special		nominee	high-school	https://static.igem.org/websites/common/2023/icons/awards/best-presentation.svg
2025	5919	HG-Tokyo	Best Village Project	special		nominee	high-school	
2025	5919	HG-Tokyo	Gold	medal	gold	winner		https://static.igem.org/websites/common/2023/icons/medal-flat.svg
2025	5669	HIA-Taiwan	Gold	medal	gold	winner		https://static.igem.org/websites/common/2023/icons/medal-flat.svg
2025	5641	HK-HCY-PCMS	Gold	medal	gold	winner		https://static.igem.org/websites/common/2023/icons/medal-flat.svg
2025	5627	HK-Joint-School	Best Model	special	general-biology	nominee	high-school	https://static.igem.org/websites/common/2023/icons/awards/best-model.svg
2025	5627	HK-Joint-School	Best Software Tool	special	specialisation	nominee	high-school	https://static.igem.org/websites/common/2023/icons/awards/best-software-tool.svg
2025	5627	HK-Joint-School	Best Village Project	special		nominee	high-school	
2025	5627	HK-Joint-School	Gold	medal	gold	winner		https://static.igem.org/websites/common/2023/icons/medal-flat.svg
2025	5627	HK-Joint-School	Top 10	grand-prize	top	winner	high-school	https://static.igem.org/websites/common/2022/icons/awards/top10-color.svg
2025	5884	HK-PLKNPLC	Bronze	medal	bronze	winner		https://static.igem.org/websites/common/2023/icons/medal-bronze-flat.svg
2025	5815	HKGTC	Gold	medal	gold	winner		https://static.igem.org/websites/common/2023/icons/medal-flat.svg
2025	5613	HKSSC	Best Entrepreneurship	special	specialisation	nominee	high-school	https://static.igem.org/websites/common/2023/icons/awards/best-entrepreneurship.svg
2025	5613	HKSSC	Best New Basic Part	special	general-biology	nominee	high-school	https://static.igem.org/websites/common/2023/icons/awards/best-new-basic-part.svg
2025	5613	HKSSC	Gold	medal	gold	winner		https://static.igem.org/websites/common/2023/icons/medal-flat.svg
2025	5885	HKU-HongKong	Gold	medal	gold	winner		https://static.igem.org/websites/common/2023/icons/medal-flat.svg
2025	5546	HKUST	Silver	medal	silver	winner		https://static.igem.org/websites/common/2023/icons/medal-silver-flat.svg
2025	5573	HKUST-GZ	Gold	medal	gold	winner		https://static.igem.org/websites/common/2023/icons/medal-flat.svg
2025	5883	HNU-China	Silver	medal	silver	winner		https://static.igem.org/websites/common/2023/icons/medal-silver-flat.svg
2025	6011	HPI-Potsdam	Best Model	special	general-biology	nominee	overgrad	https://static.igem.org/websites/common/2023/icons/awards/best-model.svg
2025	6011	HPI-Potsdam	Best Presentation	special		nominee	overgrad	https://static.igem.org/websites/common/2023/icons/awards/best-presentation.svg
2025	6011	HPI-Potsdam	Best Software & AI Project	village		nominee	underover	https://static.igem.org/websites/common/2025/icons/villages/village-softwareandai.svg
2025	6011	HPI-Potsdam	Gold	medal	gold	winner		https://static.igem.org/websites/common/2023/icons/medal-flat.svg
2025	6011	HPI-Potsdam	Safety and Security Award	special	specialisation	winner	overgrad	https://static.igem.org/websites/common/2023/icons/awards/safety-and-security-award.svg
2025	5820	HS-Alpha	Gold	medal	gold	winner		https://static.igem.org/websites/common/2023/icons/medal-flat.svg
2025	5821	HS-Beta	Bronze	medal	bronze	winner		https://static.igem.org/websites/common/2023/icons/medal-bronze-flat.svg
2025	5782	HS-KY	Gold	medal	gold	winner		https://static.igem.org/websites/common/2023/icons/medal-flat.svg
2025	5577	HUBU-China	Gold	medal	gold	winner		https://static.igem.org/websites/common/2023/icons/medal-flat.svg
2025	5621	HUBU-WuHan	Gold	medal	gold	winner		https://static.igem.org/websites/common/2023/icons/medal-flat.svg
2025	5569	HUST-China	Gold	medal	gold	winner		https://static.igem.org/websites/common/2023/icons/medal-flat.svg
2025	5569	HUST-China	iGEMers Prize	special	community	winner	underover	https://static.igem.org/websites/common/2023/icons/awards/igemers-prize.svg
2025	5730	HUST-UEVE-UPSaclay	Gold	medal	gold	winner		https://static.igem.org/websites/common/2023/icons/medal-flat.svg
2025	5748	HWFLA-Beijing	Best Part Collection	special	general-biology	nominee	high-school	https://static.igem.org/websites/common/2023/icons/awards/best-part-collection.svg
2025	5748	HWFLA-Beijing	Silver	medal	silver	winner		https://static.igem.org/websites/common/2023/icons/medal-silver-flat.svg
2025	5918	HZAU-China	Best New Basic Part	special	general-biology	nominee	undergrad	https://static.igem.org/websites/common/2023/icons/awards/best-new-basic-part.svg
2025	5918	HZAU-China	Best Therapeutics Project	village		nominee	undergrad	https://static.igem.org/websites/common/2024/icons/village/village-therapeutics.svg
2025	5918	HZAU-China	Gold	medal	gold	winner		https://static.igem.org/websites/common/2023/icons/medal-flat.svg
2025	5911	HainanU-China	Gold	medal	gold	winner		https://static.igem.org/websites/common/2023/icons/medal-flat.svg
2025	5561	Hamburg	Best Therapeutics Project	village		nominee	overgrad	https://static.igem.org/websites/common/2024/icons/village/village-therapeutics.svg
2025	5561	Hamburg	Gold	medal	gold	winner		https://static.igem.org/websites/common/2023/icons/medal-flat.svg
2025	5750	Hangzhou-BioX	Gold	medal	gold	winner		https://static.igem.org/websites/common/2023/icons/medal-flat.svg
2025	5989	Hangzhou-MedX	Best New Composite Part	special	general-biology	nominee	high-school	https://static.igem.org/websites/common/2023/icons/awards/best-new-composite-part.svg
2025	5989	Hangzhou-MedX	Gold	medal	gold	winner		https://static.igem.org/websites/common/2023/icons/medal-flat.svg
2025	6027	Hangzhou-PET	Best Measurement	special	general-biology	nominee	high-school	https://static.igem.org/websites/common/2023/icons/awards/best-measurement.svg
2025	6027	Hangzhou-PET	Best Village Project	special		nominee	high-school	
2025	6027	Hangzhou-PET	Gold	medal	gold	winner		https://static.igem.org/websites/common/2023/icons/medal-flat.svg
2025	5990	Hangzhou-SDG	Gold	medal	gold	winner		https://static.igem.org/websites/common/2023/icons/medal-flat.svg
2025	5775	Heidelberg	Best Education	special	specialisation	winner	overgrad	https://static.igem.org/websites/common/2023/icons/awards/best-education.svg
2025	5775	Heidelberg	Best Model	special	general-biology	winner	overgrad	https://static.igem.org/websites/common/2023/icons/awards/best-model.svg
2025	5775	Heidelberg	Best Oncology Project	village		winner	underover	https://static.igem.org/websites/common/2024/icons/village/village-oncology.svg
2025	5775	Heidelberg	Best Part Collection	special	general-biology	winner	overgrad	https://static.igem.org/websites/common/2023/icons/awards/best-part-collection.svg
2025	5775	Heidelberg	Best Presentation	special		nominee	overgrad	https://static.igem.org/websites/common/2023/icons/awards/best-presentation.svg
2025	5775	Heidelberg	Best Wiki	special		nominee	overgrad	https://static.igem.org/websites/common/2023/icons/awards/best-wiki.svg
2025	5775	Heidelberg	Finalist	finalist		winner	overgrad	
2025	5775	Heidelberg	First Runner Up	grand-prize	first-runner-up	winner	overgrad	
2025	5775	Heidelberg	Gold	medal	gold	winner		https://static.igem.org/websites/common/2023/icons/medal-flat.svg
2025	5775	Heidelberg	Top 10	grand-prize	top	winner	overgrad	https://static.igem.org/websites/common/2022/icons/awards/top10-color.svg
2025	5828	HiZJU-China	Gold	medal	gold	winner		https://static.igem.org/websites/common/2023/icons/medal-flat.svg
2025	5828	HiZJU-China	Safety and Security Award	special	specialisation	nominee	undergrad	https://static.igem.org/websites/common/2023/icons/awards/safety-and-security-award.svg
2025	5681	HongKong-CUHK						
2025	5600	HongKong-HS	Gold	medal	gold	winner		https://static.igem.org/websites/common/2023/icons/medal-flat.svg
2025	5760	HongKong-JSS	Best Hardware	special	specialisation	nominee	high-school	https://static.igem.org/websites/common/2023/icons/awards/best-hardware.svg
2025	5760	HongKong-JSS	Gold	medal	gold	winner		https://static.igem.org/websites/common/2023/icons/medal-flat.svg
2025	5703	HongKong-UCCKE	Silver	medal	silver	winner		https://static.igem.org/websites/common/2023/icons/medal-silver-flat.svg
2025	5935	Hongwen School	Best New Composite Part	special	general-biology	winner	high-school	https://static.igem.org/websites/common/2023/icons/awards/best-new-composite-part.svg
2025	5935	Hongwen School	Best Sustainable Development Impact	special	specialisation	nominee	high-school	https://static.igem.org/websites/common/2023/icons/awards/best-sustainable-development-impact.svg
2025	5935	Hongwen School	Gold	medal	gold	winner		https://static.igem.org/websites/common/2023/icons/medal-flat.svg
2025	5914	Hopkins	Silver	medal	silver	winner		https://static.igem.org/websites/common/2023/icons/medal-silver-flat.svg
2025	6016	HsinchuTaichung-TWN	Silver	medal	silver	winner		https://static.igem.org/websites/common/2023/icons/medal-silver-flat.svg
2025	5772	HunanU	Silver	medal	silver	winner		https://static.igem.org/websites/common/2023/icons/medal-silver-flat.svg
2025	5654	ICJFLS	Gold	medal	gold	winner		https://static.igem.org/websites/common/2023/icons/medal-flat.svg
2025	5893	ICT-Mumbai	Gold	medal	gold	winner		https://static.igem.org/websites/common/2023/icons/medal-flat.svg
2025	5957	IISER-Berhampur	Silver	medal	silver	winner		https://static.igem.org/websites/common/2023/icons/medal-silver-flat.svg
2025	5941	IISER-Kolkata	Gold	medal	gold	winner		https://static.igem.org/websites/common/2023/icons/medal-flat.svg
2025	6006	IISc-Bengaluru	Best Sustainable Development Impact	special	specialisation	nominee	undergrad	https://static.igem.org/websites/common/2023/icons/awards/best-sustainable-development-impact.svg
2025	6006	IISc-Bengaluru	Gold	medal	gold	winner		https://static.igem.org/websites/common/2023/icons/medal-flat.svg
2025	5633	IIT-Bombay	Silver	medal	silver	winner		https://static.igem.org/websites/common/2023/icons/medal-silver-flat.svg
2025	5859	IIT-D	Silver	medal	silver	winner		https://static.igem.org/websites/common/2023/icons/medal-silver-flat.svg
2025	5657	IIT-Madras	Silver	medal	silver	winner		https://static.igem.org/websites/common/2023/icons/medal-silver-flat.svg
2025	6026	IIT-ROORKEE						
2025	5862	IITChicago	Silver	medal	silver	winner		https://static.igem.org/websites/common/2023/icons/medal-silver-flat.svg
2025	6033	IITKharagpur						
2025	5684	IOANNINA	Gold	medal	gold	winner		https://static.igem.org/websites/common/2023/icons/medal-flat.svg
2025	5683	ISBICSKIS-BKK	Bronze	medal	bronze	winner		https://static.igem.org/websites/common/2023/icons/medal-bronze-flat.svg
2025	5683	ISBICSKIS-BKK	Inclusivity Award	special	specialisation	nominee	high-school	https://static.igem.org/websites/common/2023/icons/awards/inclusivity-award.svg
2025	5913	IZJU-China	Best Infectious Diseases Project	village		winner	underover	https://static.igem.org/websites/common/2024/icons/village/village-infectiousdiseases.svg
2025	5913	IZJU-China	Best Model	special	general-biology	nominee	undergrad	https://static.igem.org/websites/common/2023/icons/awards/best-model.svg
2025	5913	IZJU-China	Best Part Collection	special	general-biology	winner	undergrad	https://static.igem.org/websites/common/2023/icons/awards/best-part-collection.svg
2025	5913	IZJU-China	Finalist	finalist		winner	undergrad	
2025	5913	IZJU-China	Gold	medal	gold	winner		https://static.igem.org/websites/common/2023/icons/medal-flat.svg
2025	5913	IZJU-China	Second Runner Up	grand-prize	second-runner-up	winner	undergrad	
2025	5913	IZJU-China	Top 10	grand-prize	top	winner	undergrad	https://static.igem.org/websites/common/2022/icons/awards/top10-color.svg
2025	5916	Imperial	Gold	medal	gold	winner		https://static.igem.org/websites/common/2023/icons/medal-flat.svg
2025	5601	Institut-Le-Rosey-CH	Silver	medal	silver	winner		https://static.igem.org/websites/common/2023/icons/medal-silver-flat.svg
2025	5692	Ionis-Paris	Gold	medal	gold	winner		https://static.igem.org/websites/common/2023/icons/medal-flat.svg
2025	5673	JGU-Mainz	Silver	medal	silver	winner		https://static.igem.org/websites/common/2023/icons/medal-silver-flat.svg
2025	5567	JLU-CP	Best Education	special	specialisation	nominee	undergrad	https://static.igem.org/websites/common/2023/icons/awards/best-education.svg
2025	5567	JLU-CP	Best New Basic Part	special	general-biology	nominee	undergrad	https://static.igem.org/websites/common/2023/icons/awards/best-new-basic-part.svg
2025	5567	JLU-CP	Gold	medal	gold	winner		https://static.igem.org/websites/common/2023/icons/medal-flat.svg
2025	5564	JLU-NBBMS	Best Biomanufacturing Project	village		nominee	undergrad	https://static.igem.org/websites/common/2024/icons/village/village-biomanufacturing.svg
2025	5564	JLU-NBBMS	Best Integrated Human Practices	special	specialisation	nominee	undergrad	https://static.igem.org/websites/common/2023/icons/awards/best-integrated-human-practices.svg
2025	5564	JLU-NBBMS	Gold	medal	gold	winner		https://static.igem.org/websites/common/2023/icons/medal-flat.svg
2025	5931	JPIS						
2025	5702	Japan scinet	Gold	medal	gold	winner		https://static.igem.org/websites/common/2023/icons/medal-flat.svg
2025	5607	Jiangnan-China	Gold	medal	gold	winner		https://static.igem.org/websites/common/2023/icons/medal-flat.svg
2025	5983	Jiashu-China	Best Village Project	special		nominee	high-school	
2025	5983	Jiashu-China	Gold	medal	gold	winner		https://static.igem.org/websites/common/2023/icons/medal-flat.svg
2025	6032	Jilin-AI	Silver	medal	silver	winner		https://static.igem.org/websites/common/2023/icons/medal-silver-flat.svg
2025	5917	Jilin-China	Gold	medal	gold	winner		https://static.igem.org/websites/common/2023/icons/medal-flat.svg
2025	5624	KCIS-Xiugang-Taipei	Gold	medal	gold	winner		https://static.igem.org/websites/common/2023/icons/medal-flat.svg
2025	5626	KCISLK-Taiwan	Silver	medal	silver	winner		https://static.igem.org/websites/common/2023/icons/medal-silver-flat.svg
2025	5962	KCL-UK	Gold	medal	gold	winner		https://static.igem.org/websites/common/2023/icons/medal-flat.svg
2025	5691	KULeuven	Gold	medal	gold	winner		https://static.igem.org/websites/common/2023/icons/medal-flat.svg
2025	5739	Keystone	Best Entrepreneurship	special	specialisation	nominee	high-school	https://static.igem.org/websites/common/2023/icons/awards/best-entrepreneurship.svg
2025	5739	Keystone	Silver	medal	silver	winner		https://static.igem.org/websites/common/2023/icons/medal-silver-flat.svg
2025	5761	KhanLab-BayArea	Best Village Project	special		nominee	high-school	
2025	5761	KhanLab-BayArea	Gold	medal	gold	winner		https://static.igem.org/websites/common/2023/icons/medal-flat.svg
2025	5925	Korea-CX	Silver	medal	silver	winner		https://static.igem.org/websites/common/2023/icons/medal-silver-flat.svg
2025	5773	Korea-HS	Gold	medal	gold	winner		https://static.igem.org/websites/common/2023/icons/medal-flat.svg
2025	5910	Kyoto	Gold	medal	gold	winner		https://static.igem.org/websites/common/2023/icons/medal-flat.svg
2025	5714	LINKS-China	Best Entrepreneurship	special	specialisation	nominee	high-school	https://static.igem.org/websites/common/2023/icons/awards/best-entrepreneurship.svg
2025	5714	LINKS-China	Best Part Collection	special	general-biology	nominee	high-school	https://static.igem.org/websites/common/2023/icons/awards/best-part-collection.svg
2025	5714	LINKS-China	Gold	medal	gold	winner		https://static.igem.org/websites/common/2023/icons/medal-flat.svg
2025	5551	LYON	Best Bioremediation Project	village		nominee	underover	https://static.igem.org/websites/common/2024/icons/village/village-bioremediation.svg
2025	5551	LYON	Best Entrepreneurship	special	specialisation	nominee	overgrad	https://static.igem.org/websites/common/2023/icons/awards/best-entrepreneurship.svg
2025	5551	LYON	Best New Composite Part	special	general-biology	nominee	overgrad	https://static.igem.org/websites/common/2023/icons/awards/best-new-composite-part.svg
2025	5551	LYON	Gold	medal	gold	winner		https://static.igem.org/websites/common/2023/icons/medal-flat.svg
2025	5550	LZU	Silver	medal	silver	winner		https://static.igem.org/websites/common/2023/icons/medal-silver-flat.svg
2025	5547	LZU-China						
2025	5812	LZU-GANSU	Gold	medal	gold	winner		https://static.igem.org/websites/common/2023/icons/medal-flat.svg
2025	5562	LZU-MEDICINE-CHINA	Gold	medal	gold	winner		https://static.igem.org/websites/common/2023/icons/medal-flat.svg
2025	5612	Lambert-GA	Best Education	special	specialisation	nominee	high-school	https://static.igem.org/websites/common/2023/icons/awards/best-education.svg
2025	5612	Lambert-GA	Best Model	special	general-biology	nominee	high-school	https://static.igem.org/websites/common/2023/icons/awards/best-model.svg
2025	5612	Lambert-GA	Best Software Tool	special	specialisation	winner	high-school	https://static.igem.org/websites/common/2023/icons/awards/best-software-tool.svg
2025	5612	Lambert-GA	Best Village Project	special		nominee	high-school	
2025	5612	Lambert-GA	Best Wiki	special		nominee	high-school	https://static.igem.org/websites/common/2023/icons/awards/best-wiki.svg
2025	5612	Lambert-GA	Gold	medal	gold	winner		https://static.igem.org/websites/common/2023/icons/medal-flat.svg
2025	5612	Lambert-GA	Top 10	grand-prize	top	winner	high-school	https://static.igem.org/websites/common/2022/icons/awards/top10-color.svg
2025	5728	Latvia-Riga	Silver	medal	silver	winner		https://static.igem.org/websites/common/2023/icons/medal-silver-flat.svg
2025	5591	Leiden	Best Education	special	specialisation	nominee	overgrad	https://static.igem.org/websites/common/2023/icons/awards/best-education.svg
2025	5591	Leiden	Silver	medal	silver	winner		https://static.igem.org/websites/common/2023/icons/medal-silver-flat.svg
2025	5677	LethbridgeHS	Silver	medal	silver	winner		https://static.igem.org/websites/common/2023/icons/medal-silver-flat.svg
2025	5651	Lund	Best Fashion & Cosmetics Project	village		nominee	underover	https://static.igem.org/websites/common/2024/icons/village/village-fashionandcosmetics.svg
2025	5651	Lund	Best Sustainable Development Impact	special	specialisation	nominee	overgrad	https://static.igem.org/websites/common/2023/icons/awards/best-sustainable-development-impact.svg
2025	5651	Lund	Gold	medal	gold	winner		https://static.igem.org/websites/common/2023/icons/medal-flat.svg
2025	5994	MBG-DUTh	Best Bioremediation Project	village		nominee	underover	https://static.igem.org/websites/common/2024/icons/village/village-bioremediation.svg
2025	5994	MBG-DUTh	Gold	medal	gold	winner		https://static.igem.org/websites/common/2023/icons/medal-flat.svg
2025	5766	MCA	Silver	medal	silver	winner		https://static.igem.org/websites/common/2023/icons/medal-silver-flat.svg
2025	5645	MIT-MAHE	Best Agriculture Project	village		nominee	underover	https://static.igem.org/websites/common/2024/icons/village/village-agriculture.svg
2025	5645	MIT-MAHE	Gold	medal	gold	winner		https://static.igem.org/websites/common/2023/icons/medal-flat.svg
2025	5882	MITWPU-BHARAT	Silver	medal	silver	winner		https://static.igem.org/websites/common/2023/icons/medal-silver-flat.svg
2025	5964	MPA-USA	Best New Composite Part	special	general-biology	nominee	high-school	https://static.igem.org/websites/common/2023/icons/awards/best-new-composite-part.svg
2025	5964	MPA-USA	Best Wiki	special		nominee	high-school	https://static.igem.org/websites/common/2023/icons/awards/best-wiki.svg
2025	5964	MPA-USA	Gold	medal	gold	winner		https://static.igem.org/websites/common/2023/icons/medal-flat.svg
2025	5817	MSP-Maastricht	Best Climate Crisis Project	village		nominee	underover	https://static.igem.org/websites/common/2024/icons/village/village-climatecrisis.svg
2025	5817	MSP-Maastricht	Best Presentation	special		nominee	undergrad	https://static.igem.org/websites/common/2023/icons/awards/best-presentation.svg
2025	5817	MSP-Maastricht	Best Wiki	special		winner	undergrad	https://static.igem.org/websites/common/2023/icons/awards/best-wiki.svg
2025	5817	MSP-Maastricht	Gold	medal	gold	winner		https://static.igem.org/websites/common/2023/icons/medal-flat.svg
2025	6012	MUST-Macau						
2025	5787	Macquarie-Australia	Gold	medal	gold	winner		https://static.igem.org/websites/common/2023/icons/medal-flat.svg
2025	5770	Makerere-Uganda						
2025	5778	MammothEdu-DTD-East	Gold	medal	gold	winner		https://static.igem.org/websites/common/2023/icons/medal-flat.svg
2025	5777	MammothEdu-North						
2025	5776	MammothEdu-South	Silver	medal	silver	winner		https://static.igem.org/websites/common/2023/icons/medal-silver-flat.svg
2025	5667	Marburg	Best Part Collection	special	general-biology	nominee	overgrad	https://static.igem.org/websites/common/2023/icons/awards/best-part-collection.svg
2025	5667	Marburg	Best Presentation	special		nominee	overgrad	https://static.igem.org/websites/common/2023/icons/awards/best-presentation.svg
2025	5667	Marburg	Best Software Tool	special	specialisation	nominee	overgrad	https://static.igem.org/websites/common/2023/icons/awards/best-software-tool.svg
2025	5667	Marburg	Best Wiki	special		nominee	overgrad	https://static.igem.org/websites/common/2023/icons/awards/best-wiki.svg
2025	5667	Marburg	Gold	medal	gold	winner		https://static.igem.org/websites/common/2023/icons/medal-flat.svg
2025	5556	McGill	Best Foundational Advance Project	village		nominee	underover	https://static.igem.org/websites/common/2024/icons/village/village-foundationaladvance.svg
2025	5556	McGill	Best Part Collection	special	general-biology	nominee	undergrad	https://static.igem.org/websites/common/2023/icons/awards/best-part-collection.svg
2025	5556	McGill	Best Wiki	special		nominee	undergrad	https://static.igem.org/websites/common/2023/icons/awards/best-wiki.svg
2025	5556	McGill	Finalist	finalist		winner	undergrad	
2025	5556	McGill	Gold	medal	gold	winner		https://static.igem.org/websites/common/2023/icons/medal-flat.svg
2025	5556	McGill	Grand Prize Winner	grand-prize	winner	winner	undergrad	
2025	5556	McGill	Top 10	grand-prize	top	winner	undergrad	https://static.igem.org/websites/common/2022/icons/awards/top10-color.svg
2025	5856	McMaster-Canada	Best Diagnostics Project	village		nominee	underover	https://static.igem.org/websites/common/2024/icons/village/village-diagnostics.svg
2025	5856	McMaster-Canada	Best Measurement	special	general-biology	nominee	undergrad	https://static.igem.org/websites/common/2023/icons/awards/best-measurement.svg
2025	5856	McMaster-Canada	Gold	medal	gold	winner		https://static.igem.org/websites/common/2023/icons/medal-flat.svg
2025	5688	McMasterU						
2025	5786	Michigan	Gold	medal	gold	winner		https://static.igem.org/websites/common/2023/icons/medal-flat.svg
2025	5604	Mingdao	Silver	medal	silver	winner		https://static.igem.org/websites/common/2023/icons/medal-silver-flat.svg
2025	5759	Missouri-Miners	Silver	medal	silver	winner		https://static.igem.org/websites/common/2023/icons/medal-silver-flat.svg
2025	5544	Munich	Best Diagnostics Project	village		winner	underover	https://static.igem.org/websites/common/2024/icons/village/village-diagnostics.svg
2025	5544	Munich	Best Integrated Human Practices	special	specialisation	nominee	overgrad	https://static.igem.org/websites/common/2023/icons/awards/best-integrated-human-practices.svg
2025	5544	Munich	Best Model	special	general-biology	nominee	overgrad	https://static.igem.org/websites/common/2023/icons/awards/best-model.svg
2025	5544	Munich	Best Presentation	special		nominee	overgrad	https://static.igem.org/websites/common/2023/icons/awards/best-presentation.svg
2025	5544	Munich	Best Software Tool	special	specialisation	winner	overgrad	https://static.igem.org/websites/common/2023/icons/awards/best-software-tool.svg
2025	5544	Munich	Best Wiki	special		winner	overgrad	https://static.igem.org/websites/common/2023/icons/awards/best-wiki.svg
2025	5544	Munich	Gold	medal	gold	winner		https://static.igem.org/websites/common/2023/icons/medal-flat.svg
2025	5544	Munich	Top 10	grand-prize	top	winner	overgrad	https://static.igem.org/websites/common/2022/icons/awards/top10-color.svg
2025	5753	NACIS SHANGHAI	Gold	medal	gold	winner		https://static.igem.org/websites/common/2023/icons/medal-flat.svg
2025	5961	NAIS	Best Plant Synthetic Biology	special	specialisation	winner	high-school	https://static.igem.org/websites/common/2023/icons/awards/best-plant-synthetic-biology.svg
2025	5961	NAIS	Gold	medal	gold	winner		https://static.igem.org/websites/common/2023/icons/medal-flat.svg
2025	5855	NAU-CHINA	Gold	medal	gold	winner		https://static.igem.org/websites/common/2023/icons/medal-flat.svg
2025	5880	NAWI Graz Austria	Bronze	medal	bronze	winner		https://static.igem.org/websites/common/2023/icons/medal-bronze-flat.svg
2025	5901	NCHU	Bronze	medal	bronze	winner		https://static.igem.org/websites/common/2023/icons/medal-bronze-flat.svg
2025	6003	NCKU-Tainan	Gold	medal	gold	winner		https://static.igem.org/websites/common/2023/icons/medal-flat.svg
2025	5709	NCState	Gold	medal	gold	winner		https://static.igem.org/websites/common/2023/icons/medal-flat.svg
2025	6008	NEBS-VCA	Gold	medal	gold	winner		https://static.igem.org/websites/common/2023/icons/medal-flat.svg
2025	5974	NEFU-China	Silver	medal	silver	winner		https://static.igem.org/websites/common/2023/icons/medal-silver-flat.svg
2025	5582	NENU-China	Bronze	medal	bronze	winner		https://static.igem.org/websites/common/2023/icons/medal-bronze-flat.svg
2025	5585	NENU-China-I						
2025	5908	NFLSHS-CHINA	Gold	medal	gold	winner		https://static.igem.org/websites/common/2023/icons/medal-flat.svg
2025	6025	NIS-Kazakhstan	Silver	medal	silver	winner		https://static.igem.org/websites/common/2023/icons/medal-silver-flat.svg
2025	5809	NJTECH-CHINA-A	Best New Basic Part	special	general-biology	winner	undergrad	https://static.igem.org/websites/common/2023/icons/awards/best-new-basic-part.svg
2025	5809	NJTECH-CHINA-A	Gold	medal	gold	winner		https://static.igem.org/websites/common/2023/icons/medal-flat.svg
2025	5881	NJTech-China	Best Biomanufacturing Project	village		nominee	undergrad	https://static.igem.org/websites/common/2024/icons/village/village-biomanufacturing.svg
2025	5881	NJTech-China	Best New Improved Part	special	general-biology	winner	undergrad	https://static.igem.org/websites/common/2023/icons/awards/best-new-improved-part.svg
2025	5881	NJTech-China	Gold	medal	gold	winner		https://static.igem.org/websites/common/2023/icons/medal-flat.svg
2025	5832	NJU-China	Best Model	special	general-biology	nominee	undergrad	https://static.igem.org/websites/common/2023/icons/awards/best-model.svg
2025	5832	NJU-China	Best Software & AI Project	village		winner	underover	https://static.igem.org/websites/common/2025/icons/villages/village-softwareandai.svg
2025	5832	NJU-China	Gold	medal	gold	winner		https://static.igem.org/websites/common/2023/icons/medal-flat.svg
2025	5712	NKU-China	Gold	medal	gold	winner		https://static.igem.org/websites/common/2023/icons/medal-flat.svg
2025	5847	NMU-China	Gold	medal	gold	winner		https://static.igem.org/websites/common/2023/icons/medal-flat.svg
2025	5902	NNU-CHINA						
2025	5710	NPU-CHINA	Silver	medal	silver	winner		https://static.igem.org/websites/common/2023/icons/medal-silver-flat.svg
2025	5928	NTHU-Taiwan						
2025	5906	NTU-Singapore	Gold	medal	gold	winner		https://static.igem.org/websites/common/2023/icons/medal-flat.svg
2025	5823	NU Boston	Best Conservation Project	village		winner	underover	https://static.igem.org/websites/common/2024/icons/village/village-conservation.svg
2025	5823	NU Boston	Silver	medal	silver	winner		https://static.igem.org/websites/common/2023/icons/medal-silver-flat.svg
2025	5896	NU-Kazakhstan	Best Entrepreneurship	special	specialisation	nominee	undergrad	https://static.igem.org/websites/common/2023/icons/awards/best-entrepreneurship.svg
2025	5896	NU-Kazakhstan	Best Measurement	special	general-biology	nominee	undergrad	https://static.igem.org/websites/common/2023/icons/awards/best-measurement.svg
2025	5896	NU-Kazakhstan	Gold	medal	gold	winner		https://static.igem.org/websites/common/2023/icons/medal-flat.svg
2025	5819	NUDT-CHINA	Best Education	special	specialisation	nominee	undergrad	https://static.igem.org/websites/common/2023/icons/awards/best-education.svg
2025	5819	NUDT-CHINA	Best Hardware	special	specialisation	nominee	undergrad	https://static.igem.org/websites/common/2023/icons/awards/best-hardware.svg
2025	5819	NUDT-CHINA	Gold	medal	gold	winner		https://static.igem.org/websites/common/2023/icons/medal-flat.svg
2025	5860	NUS-SPS	Silver	medal	silver	winner		https://static.igem.org/websites/common/2023/icons/medal-silver-flat.svg
2025	5771	NUS-Singapore	Best Food & Nutrition Project	village		nominee	underover	https://static.igem.org/websites/common/2024/icons/village/village-foodandnutrition.svg
2025	5771	NUS-Singapore	Best New Composite Part	special	general-biology	nominee	undergrad	https://static.igem.org/websites/common/2023/icons/awards/best-new-composite-part.svg
2025	5771	NUS-Singapore	Best Part Collection	special	general-biology	nominee	undergrad	https://static.igem.org/websites/common/2023/icons/awards/best-part-collection.svg
2025	5771	NUS-Singapore	Gold	medal	gold	winner		https://static.igem.org/websites/common/2023/icons/medal-flat.svg
2025	5644	NWU-CHINA-C	Gold	medal	gold	winner		https://static.igem.org/websites/common/2023/icons/medal-flat.svg
2025	5814	NYC-Empire-State	Gold	medal	gold	winner		https://static.igem.org/websites/common/2023/icons/medal-flat.svg
2025	5797	NYCU-Formosa	Best Foundational Advance Project	village		nominee	underover	https://static.igem.org/websites/common/2024/icons/village/village-foundationaladvance.svg
2025	5797	NYCU-Formosa	Best Part Collection	special	general-biology	nominee	undergrad	https://static.igem.org/websites/common/2023/icons/awards/best-part-collection.svg
2025	5797	NYCU-Formosa	Gold	medal	gold	winner		https://static.igem.org/websites/common/2023/icons/medal-flat.svg
2025	5671	NYU-Abu-Dhabi	Best Integrated Human Practices	special	specialisation	winner	undergrad	https://static.igem.org/websites/common/2023/icons/awards/best-integrated-human-practices.svg
2025	5671	NYU-Abu-Dhabi	Gold	medal	gold	winner		https://static.igem.org/websites/common/2023/icons/medal-flat.svg
2025	5992	Nanjing-BioX	Gold	medal	gold	winner		https://static.igem.org/websites/common/2023/icons/medal-flat.svg
2025	5650	Nanjing-China	Gold	medal	gold	winner		https://static.igem.org/websites/common/2023/icons/medal-flat.svg
2025	6036	NotreDame	Gold	medal	gold	winner		https://static.igem.org/websites/common/2023/icons/medal-flat.svg
2025	5725	OTIA-Hangzhou	Gold	medal	gold	winner		https://static.igem.org/websites/common/2023/icons/medal-flat.svg
2025	5570	OUC-China	Gold	medal	gold	winner		https://static.igem.org/websites/common/2023/icons/medal-flat.svg
2025	5541	OUC-Haide	Silver	medal	silver	winner		https://static.igem.org/websites/common/2023/icons/medal-silver-flat.svg
2025	6000	Ohio State	Silver	medal	silver	winner		https://static.igem.org/websites/common/2023/icons/medal-silver-flat.svg
2025	5863	Okinawa no Daigaku	Gold	medal	gold	winner		https://static.igem.org/websites/common/2023/icons/medal-flat.svg
2025	5663	Outaouais	Silver	medal	silver	winner		https://static.igem.org/websites/common/2023/icons/medal-silver-flat.svg
2025	5554	Oxford	Silver	medal	silver	winner		https://static.igem.org/websites/common/2023/icons/medal-silver-flat.svg
2025	5995	PCA Korea	Best Integrated Human Practices	special	specialisation	nominee	high-school	https://static.igem.org/websites/common/2023/icons/awards/best-integrated-human-practices.svg
2025	5995	PCA Korea	Best Measurement	special	general-biology	nominee	high-school	https://static.igem.org/websites/common/2023/icons/awards/best-measurement.svg
2025	5995	PCA Korea	Best Presentation	special		nominee	high-school	https://static.igem.org/websites/common/2023/icons/awards/best-presentation.svg
2025	5995	PCA Korea	Best Village Project	special		winner	high-school	
2025	5995	PCA Korea	Best Wiki	special		nominee	high-school	https://static.igem.org/websites/common/2023/icons/awards/best-wiki.svg
2025	5995	PCA Korea	Gold	medal	gold	winner		https://static.igem.org/websites/common/2023/icons/medal-flat.svg
2025	5995	PCA Korea	Top 10	grand-prize	top	winner	high-school	https://static.igem.org/websites/common/2022/icons/awards/top10-color.svg
2025	5751	PXL-BELGIUM						
2025	5836	Patras	Gold	medal	gold	winner		https://static.igem.org/websites/common/2023/icons/medal-flat.svg
2025	5998	Patras-Med	Best New Composite Part	special	general-biology	nominee	undergrad	https://static.igem.org/websites/common/2023/icons/awards/best-new-composite-part.svg
2025	5998	Patras-Med	Best Presentation	special		nominee	undergrad	https://static.igem.org/websites/common/2023/icons/awards/best-presentation.svg
2025	5998	Patras-Med	Best Sustainable Development Impact	special	specialisation	nominee	undergrad	https://static.igem.org/websites/common/2023/icons/awards/best-sustainable-development-impact.svg
2025	5998	Patras-Med	Best Therapeutics Project	village		winner	undergrad	https://static.igem.org/websites/common/2024/icons/village/village-therapeutics.svg
2025	5998	Patras-Med	Best Wiki	special		nominee	undergrad	https://static.igem.org/websites/common/2023/icons/awards/best-wiki.svg
2025	5998	Patras-Med	Gold	medal	gold	winner		https://static.igem.org/websites/common/2023/icons/medal-flat.svg
2025	5998	Patras-Med	Top 10	grand-prize	top	winner	undergrad	https://static.igem.org/websites/common/2022/icons/awards/top10-color.svg
2025	5870	Peking	Best Infectious Diseases Project	village		nominee	underover	https://static.igem.org/websites/common/2024/icons/village/village-infectiousdiseases.svg
2025	5870	Peking	Best Integrated Human Practices	special	specialisation	nominee	undergrad	https://static.igem.org/websites/common/2023/icons/awards/best-integrated-human-practices.svg
2025	5870	Peking	Best Model	special	general-biology	winner	undergrad	https://static.igem.org/websites/common/2023/icons/awards/best-model.svg
2025	5870	Peking	Gold	medal	gold	winner		https://static.igem.org/websites/common/2023/icons/medal-flat.svg
2025	5870	Peking	Top 10	grand-prize	top	winner	undergrad	https://static.igem.org/websites/common/2022/icons/awards/top10-color.svg
2025	5789	PekingHSC	Best Model	special	general-biology	nominee	undergrad	https://static.igem.org/websites/common/2023/icons/awards/best-model.svg
2025	5789	PekingHSC	Best Therapeutics Project	village		nominee	undergrad	https://static.igem.org/websites/common/2024/icons/village/village-therapeutics.svg
2025	5789	PekingHSC	Best Wiki	special		nominee	undergrad	https://static.igem.org/websites/common/2023/icons/awards/best-wiki.svg
2025	5789	PekingHSC	Gold	medal	gold	winner		https://static.igem.org/websites/common/2023/icons/medal-flat.svg
2025	5789	PekingHSC	Inclusivity Award	special	specialisation	nominee	undergrad	https://static.igem.org/websites/common/2023/icons/awards/inclusivity-award.svg
2025	5658	PennState	Silver	medal	silver	winner		https://static.igem.org/websites/common/2023/icons/medal-silver-flat.svg
2025	5971	Profuture-BJ	Silver	medal	silver	winner		https://static.igem.org/websites/common/2023/icons/medal-silver-flat.svg
2025	5685	PuiChing-Macau	Best New Basic Part	special	general-biology	nominee	high-school	https://static.igem.org/websites/common/2023/icons/awards/best-new-basic-part.svg
2025	5685	PuiChing-Macau	Gold	medal	gold	winner		https://static.igem.org/websites/common/2023/icons/medal-flat.svg
2025	6009	QYZX-China	Bronze	medal	bronze	winner		https://static.igem.org/websites/common/2023/icons/medal-bronze-flat.svg
2025	5801	Queens-Canada	Best Education	special	specialisation	winner	undergrad	https://static.igem.org/websites/common/2023/icons/awards/best-education.svg
2025	5801	Queens-Canada	Best Therapeutics Project	village		nominee	undergrad	https://static.igem.org/websites/common/2024/icons/village/village-therapeutics.svg
2025	5801	Queens-Canada	Gold	medal	gold	winner		https://static.igem.org/websites/common/2023/icons/medal-flat.svg
2025	5922	RDFZ-CHINA	Best New Basic Part	special	general-biology	nominee	high-school	https://static.igem.org/websites/common/2023/icons/awards/best-new-basic-part.svg
2025	5922	RDFZ-CHINA	Gold	medal	gold	winner		https://static.igem.org/websites/common/2023/icons/medal-flat.svg
2025	5839	REC-CHENNAI	Best Food & Nutrition Project	village		nominee	underover	https://static.igem.org/websites/common/2024/icons/village/village-foodandnutrition.svg
2025	5839	REC-CHENNAI	Gold	medal	gold	winner		https://static.igem.org/websites/common/2023/icons/medal-flat.svg
2025	5758	RPTU-Kaiserslautern	Silver	medal	silver	winner		https://static.igem.org/websites/common/2023/icons/medal-silver-flat.svg
2025	5583	RUBochum	Silver	medal	silver	winner		https://static.igem.org/websites/common/2023/icons/medal-silver-flat.svg
2025	5905	RUM-UPRM	Gold	medal	gold	winner		https://static.igem.org/websites/common/2023/icons/medal-flat.svg
2025	5905	RUM-UPRM	Safety and Security Award	special	specialisation	nominee	undergrad	https://static.igem.org/websites/common/2023/icons/awards/safety-and-security-award.svg
2025	6002	Rains-ECO	Silver	medal	silver	winner		https://static.igem.org/websites/common/2023/icons/medal-silver-flat.svg
2025	5813	Rio-UFRJ-Brazil	Gold	medal	gold	winner		https://static.igem.org/websites/common/2023/icons/medal-flat.svg
2025	5571	Rochester	Best Entrepreneurship	special	specialisation	nominee	undergrad	https://static.igem.org/websites/common/2023/icons/awards/best-entrepreneurship.svg
2025	5571	Rochester	Best Hardware	special	specialisation	nominee	undergrad	https://static.igem.org/websites/common/2023/icons/awards/best-hardware.svg
2025	5571	Rochester	Best Space Project	village		nominee	underover	https://static.igem.org/websites/common/2024/icons/village/village-space.svg
2025	5571	Rochester	Best Wiki	special		nominee	undergrad	https://static.igem.org/websites/common/2023/icons/awards/best-wiki.svg
2025	5571	Rochester	Gold	medal	gold	winner		https://static.igem.org/websites/common/2023/icons/medal-flat.svg
2025	5818	SCAU Guangzhou	Gold	medal	gold	winner		https://static.igem.org/websites/common/2023/icons/medal-flat.svg
2025	5976	SCAU-China	Gold	medal	gold	winner		https://static.igem.org/websites/common/2023/icons/medal-flat.svg
2025	5808	SCU-BSE-China	Silver	medal	silver	winner		https://static.igem.org/websites/common/2023/icons/medal-silver-flat.svg
2025	5810	SCU-China	Best Bioremediation Project	village		winner	underover	https://static.igem.org/websites/common/2024/icons/village/village-bioremediation.svg
2025	5810	SCU-China	Best New Composite Part	special	general-biology	nominee	undergrad	https://static.igem.org/websites/common/2023/icons/awards/best-new-composite-part.svg
2025	5810	SCU-China	Gold	medal	gold	winner		https://static.igem.org/websites/common/2023/icons/medal-flat.svg
2025	5810	SCU-China	Top 10	grand-prize	top	winner	undergrad	https://static.igem.org/websites/common/2022/icons/awards/top10-color.svg
2025	5781	SCUT-China	Silver	medal	silver	winner		https://static.igem.org/websites/common/2023/icons/medal-silver-flat.svg
2025	5843	SCUT-China-L	Gold	medal	gold	winner		https://static.igem.org/websites/common/2023/icons/medal-flat.svg
2025	5970	SFLS-Shenzhen	Bronze	medal	bronze	winner		https://static.igem.org/websites/common/2023/icons/medal-bronze-flat.svg
2025	5639	SHSBNU-China	Best Hardware	special	specialisation	nominee	high-school	https://static.igem.org/websites/common/2023/icons/awards/best-hardware.svg
2025	5639	SHSBNU-China	Best Village Project	special		nominee	high-school	
2025	5639	SHSBNU-China	Gold	medal	gold	winner		https://static.igem.org/websites/common/2023/icons/medal-flat.svg
2025	5732	SHSD	Silver	medal	silver	winner		https://static.igem.org/websites/common/2023/icons/medal-silver-flat.svg
2025	5737	SHSID	Best Education	special	specialisation	nominee	high-school	https://static.igem.org/websites/common/2023/icons/awards/best-education.svg
2025	5737	SHSID	Best Hardware	special	specialisation	winner	high-school	https://static.igem.org/websites/common/2023/icons/awards/best-hardware.svg
2025	5737	SHSID	Best Part Collection	special	general-biology	nominee	high-school	https://static.igem.org/websites/common/2023/icons/awards/best-part-collection.svg
2025	5737	SHSID	Best Presentation	special		nominee	high-school	https://static.igem.org/websites/common/2023/icons/awards/best-presentation.svg
2025	5737	SHSID	Best Village Project	special		nominee	high-school	
2025	5737	SHSID	Gold	medal	gold	winner		https://static.igem.org/websites/common/2023/icons/medal-flat.svg
2025	5737	SHSID	Top 10	grand-prize	top	winner	high-school	https://static.igem.org/websites/common/2022/icons/awards/top10-color.svg
2025	5615	SJTU-BioX-Shanghai	Gold	medal	gold	winner		https://static.igem.org/websites/common/2023/icons/medal-flat.svg
2025	5711	SJTU-Software	Gold	medal	gold	winner		https://static.igem.org/websites/common/2023/icons/medal-flat.svg
2025	5973	SKLBE-China	Gold	medal	gold	winner		https://static.igem.org/websites/common/2023/icons/medal-flat.svg
2025	5861	SMBU	Silver	medal	silver	winner		https://static.igem.org/websites/common/2023/icons/medal-silver-flat.svg
2025	5606	SMS-Shenzhen	Best Presentation	special		nominee	high-school	https://static.igem.org/websites/common/2023/icons/awards/best-presentation.svg
2025	5606	SMS-Shenzhen	Gold	medal	gold	winner		https://static.igem.org/websites/common/2023/icons/medal-flat.svg
2025	5840	SMU-Union-China	Best Infectious Diseases Project	village		nominee	underover	https://static.igem.org/websites/common/2024/icons/village/village-infectiousdiseases.svg
2025	5840	SMU-Union-China	Best New Basic Part	special	general-biology	nominee	undergrad	https://static.igem.org/websites/common/2023/icons/awards/best-new-basic-part.svg
2025	5840	SMU-Union-China	Gold	medal	gold	winner		https://static.igem.org/websites/common/2023/icons/medal-flat.svg
2025	5840	SMU-Union-China	Inclusivity Award	special	specialisation	nominee	undergrad	https://static.igem.org/websites/common/2023/icons/awards/inclusivity-award.svg
2025	5593	SPC	Bronze	medal	bronze	winner		https://static.igem.org/websites/common/2023/icons/medal-bronze-flat.svg
2025	5986	SR-China	Best Entrepreneurship	special	specialisation	nominee	high-school	https://static.igem.org/websites/common/2023/icons/awards/best-entrepreneurship.svg
2025	5986	SR-China	Best Village Project	special		nominee	high-school	
2025	5986	SR-China	Gold	medal	gold	winner		https://static.igem.org/websites/common/2023/icons/medal-flat.svg
2025	5985	SR-Shenzhen	Best Project Promotion Video	special	community	winner	high-school	https://static.igem.org/websites/common/2023/icons/awards/best-project-promotion-video.svg
2025	5985	SR-Shenzhen	Gold	medal	gold	winner		https://static.igem.org/websites/common/2023/icons/medal-flat.svg
2025	5738	SUIS-PINGHE	Best Entrepreneurship	special	specialisation	winner	high-school	https://static.igem.org/websites/common/2023/icons/awards/best-entrepreneurship.svg
2025	5738	SUIS-PINGHE	Gold	medal	gold	winner		https://static.igem.org/websites/common/2023/icons/medal-flat.svg
2025	5873	SUSTech-BIO	Best Entrepreneurship	special	specialisation	winner	undergrad	https://static.igem.org/websites/common/2023/icons/awards/best-entrepreneurship.svg
2025	5873	SUSTech-BIO	Best Infectious Diseases Project	village		nominee	underover	https://static.igem.org/websites/common/2024/icons/village/village-infectiousdiseases.svg
2025	5873	SUSTech-BIO	Best Model	special	general-biology	nominee	undergrad	https://static.igem.org/websites/common/2023/icons/awards/best-model.svg
2025	5873	SUSTech-BIO	Best Presentation	special		nominee	undergrad	https://static.igem.org/websites/common/2023/icons/awards/best-presentation.svg
2025	5873	SUSTech-BIO	Best Wiki	special		nominee	undergrad	https://static.igem.org/websites/common/2023/icons/awards/best-wiki.svg
2025	5873	SUSTech-BIO	Gold	medal	gold	winner		https://static.igem.org/websites/common/2023/icons/medal-flat.svg
2025	5873	SUSTech-BIO	Inclusivity Award	special	specialisation	winner	undergrad	https://static.igem.org/websites/common/2023/icons/awards/inclusivity-award.svg
2025	5873	SUSTech-BIO	Top 10	grand-prize	top	winner	undergrad	https://static.igem.org/websites/common/2022/icons/awards/top10-color.svg
2025	5576	SUSTechOCEAN	Bronze	medal	bronze	winner		https://static.igem.org/websites/common/2023/icons/medal-bronze-flat.svg
2025	5895	SYPHU-CHINA	Silver	medal	silver	winner		https://static.igem.org/websites/common/2023/icons/medal-silver-flat.svg
2025	5848	SZ-SHD	Silver	medal	silver	winner		https://static.igem.org/websites/common/2023/icons/medal-silver-flat.svg
2025	5954	SZSAIS-BaoAn	Gold	medal	gold	winner		https://static.igem.org/websites/common/2023/icons/medal-flat.svg
2025	5588	SZU-China	Best Conservation Project	village		nominee	underover	https://static.igem.org/websites/common/2024/icons/village/village-conservation.svg
2025	5588	SZU-China	Best Project Promotion Video	special	community	winner	underover	https://static.igem.org/websites/common/2023/icons/awards/best-project-promotion-video.svg
2025	5588	SZU-China	Silver	medal	silver	winner		https://static.igem.org/websites/common/2023/icons/medal-silver-flat.svg
2025	5704	Saint-Joseph	Gold	medal	gold	winner		https://static.igem.org/websites/common/2023/icons/medal-flat.svg
2025	5955	SaltLakeCommColl11	Bronze	medal	bronze	winner		https://static.igem.org/websites/common/2023/icons/medal-bronze-flat.svg
2025	5631	Science Tokyo	Gold	medal	gold	winner		https://static.igem.org/websites/common/2023/icons/medal-flat.svg
2025	5889	Shanghai-Explore	Silver	medal	silver	winner		https://static.igem.org/websites/common/2023/icons/medal-silver-flat.svg
2025	5923	Shanghai-HS	Silver	medal	silver	winner		https://static.igem.org/websites/common/2023/icons/medal-silver-flat.svg
2025	5988	Shanghai-SDG	Best Part Collection	special	general-biology	nominee	high-school	https://static.igem.org/websites/common/2023/icons/awards/best-part-collection.svg
2025	5988	Shanghai-SDG	Best Sustainable Development Impact	special	specialisation	nominee	high-school	https://static.igem.org/websites/common/2023/icons/awards/best-sustainable-development-impact.svg
2025	5988	Shanghai-SDG	Best Village Project	special		nominee	high-school	
2025	5988	Shanghai-SDG	Gold	medal	gold	winner		https://static.igem.org/websites/common/2023/icons/medal-flat.svg
2025	6004	Shanghai-city	Silver	medal	silver	winner		https://static.igem.org/websites/common/2023/icons/medal-silver-flat.svg
2025	5553	Shanghaitech-China	Best Foundational Advance Project	village		nominee	underover	https://static.igem.org/websites/common/2024/icons/village/village-foundationaladvance.svg
2025	5553	Shanghaitech-China	Best Measurement	special	general-biology	nominee	undergrad	https://static.igem.org/websites/common/2023/icons/awards/best-measurement.svg
2025	5553	Shanghaitech-China	Best Presentation	special		nominee	undergrad	https://static.igem.org/websites/common/2023/icons/awards/best-presentation.svg
2025	5553	Shanghaitech-China	Gold	medal	gold	winner		https://static.igem.org/websites/common/2023/icons/medal-flat.svg
2025	5997	Shenfan-China	Bronze	medal	bronze	winner		https://static.igem.org/websites/common/2023/icons/medal-bronze-flat.svg
2025	5635	Sorbonne University	Bronze	medal	bronze	winner		https://static.igem.org/websites/common/2023/icons/medal-bronze-flat.svg
2025	5878	Squirrel-Beijing	Gold	medal	gold	winner		https://static.igem.org/websites/common/2023/icons/medal-flat.svg
2025	5879	Squirrel-SouthEast	Silver	medal	silver	winner		https://static.igem.org/websites/common/2023/icons/medal-silver-flat.svg
2025	5802	Stanford	Best Oncology Project	village		nominee	underover	https://static.igem.org/websites/common/2024/icons/village/village-oncology.svg
2025	5802	Stanford	Gold	medal	gold	winner		https://static.igem.org/websites/common/2023/icons/medal-flat.svg
2025	5757	Stockholm						
2025	5540	Stony-Brook	Gold	medal	gold	winner		https://static.igem.org/websites/common/2023/icons/medal-flat.svg
2025	5829	Stuttgart	Best Measurement	special	general-biology	nominee	overgrad	https://static.igem.org/websites/common/2023/icons/awards/best-measurement.svg
2025	5829	Stuttgart	Gold	medal	gold	winner		https://static.igem.org/websites/common/2023/icons/medal-flat.svg
2025	5721	SubCat-China	Silver	medal	silver	winner		https://static.igem.org/websites/common/2023/icons/medal-silver-flat.svg
2025	5736	SubCat-Greatbay	Best New Composite Part	special	general-biology	nominee	high-school	https://static.igem.org/websites/common/2023/icons/awards/best-new-composite-part.svg
2025	5736	SubCat-Greatbay	Best Wiki	special		nominee	high-school	https://static.igem.org/websites/common/2023/icons/awards/best-wiki.svg
2025	5736	SubCat-Greatbay	Gold	medal	gold	winner		https://static.igem.org/websites/common/2023/icons/medal-flat.svg
2025	5735	SubCat-HS	Silver	medal	silver	winner		https://static.igem.org/websites/common/2023/icons/medal-silver-flat.svg
2025	5742	SubCat-Peking	Silver	medal	silver	winner		https://static.igem.org/websites/common/2023/icons/medal-silver-flat.svg
2025	5740	SubCat-Shanghai	Gold	medal	gold	winner		https://static.igem.org/websites/common/2023/icons/medal-flat.svg
2025	5741	SubCat-Union	Silver	medal	silver	winner		https://static.igem.org/websites/common/2023/icons/medal-silver-flat.svg
2025	6005	SubCat-United	Gold	medal	gold	winner		https://static.igem.org/websites/common/2023/icons/medal-flat.svg
2025	5963	Summit City Bio						
2025	5638	Sustech-Med	Silver	medal	silver	winner		https://static.igem.org/websites/common/2023/icons/medal-silver-flat.svg
2025	5661	TAU-Israel	Best Model	special	general-biology	nominee	overgrad	https://static.igem.org/websites/common/2023/icons/awards/best-model.svg
2025	5661	TAU-Israel	Best Oncology Project	village		nominee	underover	https://static.igem.org/websites/common/2024/icons/village/village-oncology.svg
2025	5661	TAU-Israel	Best Wiki	special		nominee	overgrad	https://static.igem.org/websites/common/2023/icons/awards/best-wiki.svg
2025	5661	TAU-Israel	Gold	medal	gold	winner		https://static.igem.org/websites/common/2023/icons/medal-flat.svg
2025	5909	TJI-Seoul	Silver	medal	silver	winner		https://static.igem.org/websites/common/2023/icons/medal-silver-flat.svg
2025	5806	TJUSLS-China	Gold	medal	gold	winner		https://static.igem.org/websites/common/2023/icons/medal-flat.svg
2025	5724	TJUSX	Gold	medal	gold	winner		https://static.igem.org/websites/common/2023/icons/medal-flat.svg
2025	5649	TU-Delft	Gold	medal	gold	winner		https://static.igem.org/websites/common/2023/icons/medal-flat.svg
2025	5690	TU-Dresden	Best Software Tool	special	specialisation	nominee	overgrad	https://static.igem.org/websites/common/2023/icons/awards/best-software-tool.svg
2025	5690	TU-Dresden	Gold	medal	gold	winner		https://static.igem.org/websites/common/2023/icons/medal-flat.svg
2025	5792	TU-Eindhoven	Best Diagnostics Project	village		nominee	underover	https://static.igem.org/websites/common/2024/icons/village/village-diagnostics.svg
2025	5792	TU-Eindhoven	Best Entrepreneurship	special	specialisation	nominee	undergrad	https://static.igem.org/websites/common/2023/icons/awards/best-entrepreneurship.svg
2025	5792	TU-Eindhoven	Best Integrated Human Practices	special	specialisation	nominee	undergrad	https://static.igem.org/websites/common/2023/icons/awards/best-integrated-human-practices.svg
2025	5792	TU-Eindhoven	Best Presentation	special		winner	undergrad	https://static.igem.org/websites/common/2023/icons/awards/best-presentation.svg
2025	5792	TU-Eindhoven	Best Wiki	special		nominee	undergrad	https://static.igem.org/websites/common/2023/icons/awards/best-wiki.svg
2025	5792	TU-Eindhoven	Gold	medal	gold	winner		https://static.igem.org/websites/common/2023/icons/medal-flat.svg
2025	5634	TUDarmstadt	Best Hardware	special	specialisation	winner	overgrad	https://static.igem.org/websites/common/2023/icons/awards/best-hardware.svg
2025	5634	TUDarmstadt	Best New Basic Part	special	general-biology	nominee	overgrad	https://static.igem.org/websites/common/2023/icons/awards/best-new-basic-part.svg
2025	5634	TUDarmstadt	Best New Composite Part	special	general-biology	nominee	overgrad	https://static.igem.org/websites/common/2023/icons/awards/best-new-composite-part.svg
2025	5634	TUDarmstadt	Best Presentation	special		nominee	overgrad	https://static.igem.org/websites/common/2023/icons/awards/best-presentation.svg
2025	5634	TUDarmstadt	Best Space Project	village		nominee	underover	https://static.igem.org/websites/common/2024/icons/village/village-space.svg
2025	5634	TUDarmstadt	Gold	medal	gold	winner		https://static.igem.org/websites/common/2023/icons/medal-flat.svg
2025	5921	Tabor						
2025	5598	Taipei-KCISLK-V3	Best Presentation	special		nominee	high-school	https://static.igem.org/websites/common/2023/icons/awards/best-presentation.svg
2025	5598	Taipei-KCISLK-V3	Best Wiki	special		nominee	high-school	https://static.igem.org/websites/common/2023/icons/awards/best-wiki.svg
2025	5598	Taipei-KCISLK-V3	Gold	medal	gold	winner		https://static.igem.org/websites/common/2023/icons/medal-flat.svg
2025	5718	Tec-Chihuahua	Gold	medal	gold	winner		https://static.igem.org/websites/common/2023/icons/medal-flat.svg
2025	5830	Technion-Israel	Gold	medal	gold	winner		https://static.igem.org/websites/common/2023/icons/medal-flat.svg
2025	5830	Technion-Israel	Inclusivity Award	special	specialisation	nominee	overgrad	https://static.igem.org/websites/common/2023/icons/awards/inclusivity-award.svg
2025	5619	Thailand-RIS	Best Education	special	specialisation	nominee	high-school	https://static.igem.org/websites/common/2023/icons/awards/best-education.svg
2025	5619	Thailand-RIS	Best Sustainable Development Impact	special	specialisation	nominee	high-school	https://static.igem.org/websites/common/2023/icons/awards/best-sustainable-development-impact.svg
2025	5619	Thailand-RIS	Gold	medal	gold	winner		https://static.igem.org/websites/common/2023/icons/medal-flat.svg
2025	5891	Thessaloniki	Best Integrated Human Practices	special	specialisation	nominee	undergrad	https://static.igem.org/websites/common/2023/icons/awards/best-integrated-human-practices.svg
2025	5891	Thessaloniki	Best Oncology Project	village		nominee	underover	https://static.igem.org/websites/common/2024/icons/village/village-oncology.svg
2025	5891	Thessaloniki	Gold	medal	gold	winner		https://static.igem.org/websites/common/2023/icons/medal-flat.svg
2025	5891	Thessaloniki	Inclusivity Award	special	specialisation	nominee	undergrad	https://static.igem.org/websites/common/2023/icons/awards/inclusivity-award.svg
2025	5618	Thessaly	Best Entrepreneurship	special	specialisation	nominee	undergrad	https://static.igem.org/websites/common/2023/icons/awards/best-entrepreneurship.svg
2025	5618	Thessaly	Gold	medal	gold	winner		https://static.igem.org/websites/common/2023/icons/medal-flat.svg
2025	5894	Tianjin	Best New Composite Part	special	general-biology	winner	overgrad	https://static.igem.org/websites/common/2023/icons/awards/best-new-composite-part.svg
2025	5699	Tongji-China	Silver	medal	silver	winner		https://static.igem.org/websites/common/2023/icons/medal-silver-flat.svg
2025	5708	Toronto	Best Model	special	general-biology	nominee	overgrad	https://static.igem.org/websites/common/2023/icons/awards/best-model.svg
2025	5708	Toronto	Best Therapeutics Project	village		winner	overgrad	https://static.igem.org/websites/common/2024/icons/village/village-therapeutics.svg
2025	5708	Toronto	Gold	medal	gold	winner		https://static.igem.org/websites/common/2023/icons/medal-flat.svg
2025	5708	Toronto	Top 10	grand-prize	top	winner	overgrad	https://static.igem.org/websites/common/2022/icons/awards/top10-color.svg
2025	5755	Toulouse-INSA-UT	Gold	medal	gold	winner		https://static.igem.org/websites/common/2023/icons/medal-flat.svg
2025	5670	Tsinghua	Best Sustainable Development Impact	special	specialisation	nominee	undergrad	https://static.igem.org/websites/common/2023/icons/awards/best-sustainable-development-impact.svg
2025	5670	Tsinghua	Gold	medal	gold	winner		https://static.igem.org/websites/common/2023/icons/medal-flat.svg
2025	5589	Tsinghua-A						
2025	5805	Tsinghua-M	Gold	medal	gold	winner		https://static.igem.org/websites/common/2023/icons/medal-flat.svg
2025	5747	Tsinglan	Gold	medal	gold	winner		https://static.igem.org/websites/common/2023/icons/medal-flat.svg
2025	5680	Tsukuba	Gold	medal	gold	winner		https://static.igem.org/websites/common/2023/icons/medal-flat.svg
2025	5680	Tsukuba	Safety and Security Award	special	specialisation	nominee	undergrad	https://static.igem.org/websites/common/2023/icons/awards/safety-and-security-award.svg
2025	5609	UAM	Silver	medal	silver	winner		https://static.igem.org/websites/common/2023/icons/medal-silver-flat.svg
2025	5798	UAlberta	Gold	medal	gold	winner		https://static.igem.org/websites/common/2023/icons/medal-flat.svg
2025	5784	UBC-Vancouver	Best Software Tool	special	specialisation	nominee	undergrad	https://static.igem.org/websites/common/2023/icons/awards/best-software-tool.svg
2025	5784	UBC-Vancouver	Best Space Project	village		nominee	underover	https://static.igem.org/websites/common/2024/icons/village/village-space.svg
2025	5784	UBC-Vancouver	Gold	medal	gold	winner		https://static.igem.org/websites/common/2023/icons/medal-flat.svg
2025	5647	UCAS-China	Gold	medal	gold	winner		https://static.igem.org/websites/common/2023/icons/medal-flat.svg
2025	5897	UCLouvain	Gold	medal	gold	winner		https://static.igem.org/websites/common/2023/icons/medal-flat.svg
2025	5765	UCS-A	Best Hardware	special	specialisation	nominee	high-school	https://static.igem.org/websites/common/2023/icons/awards/best-hardware.svg
2025	5765	UCS-A	Gold	medal	gold	winner		https://static.igem.org/websites/common/2023/icons/medal-flat.svg
2025	5764	UCS-X	Silver	medal	silver	winner		https://static.igem.org/websites/common/2023/icons/medal-silver-flat.svg
2025	5662	UCSC	Silver	medal	silver	winner		https://static.igem.org/websites/common/2023/icons/medal-silver-flat.svg
2025	5980	UCalgary	Gold	medal	gold	winner		https://static.igem.org/websites/common/2023/icons/medal-flat.svg
2025	5980	UCalgary	Safety and Security Award	special	specialisation	winner	undergrad	https://static.igem.org/websites/common/2023/icons/awards/safety-and-security-award.svg
2025	5695	UChicago	Gold	medal	gold	winner		https://static.igem.org/websites/common/2023/icons/medal-flat.svg
2025	5979	UESTC-China	Silver	medal	silver	winner		https://static.igem.org/websites/common/2023/icons/medal-silver-flat.svg
2025	5969	UFlorida	Silver	medal	silver	winner		https://static.igem.org/websites/common/2023/icons/medal-silver-flat.svg
2025	5825	UGA	Silver	medal	silver	winner		https://static.igem.org/websites/common/2023/icons/medal-silver-flat.svg
2025	5811	UGM-Indonesia	Gold	medal	gold	winner		https://static.igem.org/websites/common/2023/icons/medal-flat.svg
2025	5653	ULaval	Gold	medal	gold	winner		https://static.igem.org/websites/common/2023/icons/medal-flat.svg
2025	5563	ULethbridge	Silver	medal	silver	winner		https://static.igem.org/websites/common/2023/icons/medal-silver-flat.svg
2025	5698	UM-Macau	Gold	medal	gold	winner		https://static.igem.org/websites/common/2023/icons/medal-flat.svg
2025	5720	UManitoba	Silver	medal	silver	winner		https://static.igem.org/websites/common/2023/icons/medal-silver-flat.svg
2025	5586	UMaryland	Silver	medal	silver	winner		https://static.igem.org/websites/common/2023/icons/medal-silver-flat.svg
2025	5950	UMass Amherst	Silver	medal	silver	winner		https://static.igem.org/websites/common/2023/icons/medal-silver-flat.svg
2025	5788	UNC-ChapelHill	Gold	medal	gold	winner		https://static.igem.org/websites/common/2023/icons/medal-flat.svg
2025	5560	UNICAMP-Brazil	Best Entrepreneurship	special	specialisation	nominee	overgrad	https://static.igem.org/websites/common/2023/icons/awards/best-entrepreneurship.svg
2025	5560	UNICAMP-Brazil	Best Food & Nutrition Project	village		winner	underover	https://static.igem.org/websites/common/2024/icons/village/village-foodandnutrition.svg
2025	5560	UNICAMP-Brazil	Best Integrated Human Practices	special	specialisation	nominee	overgrad	https://static.igem.org/websites/common/2023/icons/awards/best-integrated-human-practices.svg
2025	5560	UNICAMP-Brazil	Best Presentation	special		nominee	overgrad	https://static.igem.org/websites/common/2023/icons/awards/best-presentation.svg
2025	5560	UNICAMP-Brazil	Gold	medal	gold	winner		https://static.igem.org/websites/common/2023/icons/medal-flat.svg
2025	5560	UNICAMP-Brazil	Top 10	grand-prize	top	winner	overgrad	https://static.igem.org/websites/common/2022/icons/awards/top10-color.svg
2025	5965	UNILA-LatAm						
2025	5603	UNILausanne	Best Biomanufacturing Project	village		nominee	overgrad	https://static.igem.org/websites/common/2024/icons/village/village-biomanufacturing.svg
2025	5603	UNILausanne	Best Education	special	specialisation	nominee	overgrad	https://static.igem.org/websites/common/2023/icons/awards/best-education.svg
2025	5603	UNILausanne	Best Entrepreneurship	special	specialisation	winner	overgrad	https://static.igem.org/websites/common/2023/icons/awards/best-entrepreneurship.svg
2025	5603	UNILausanne	Best Wiki	special		nominee	overgrad	https://static.igem.org/websites/common/2023/icons/awards/best-wiki.svg
2025	5603	UNILausanne	Gold	medal	gold	winner		https://static.igem.org/websites/common/2023/icons/medal-flat.svg
2025	5603	UNILausanne	Top 10	grand-prize	top	winner	overgrad	https://static.igem.org/websites/common/2022/icons/awards/top10-color.svg
2025	5867	UOregon	Gold	medal	gold	winner		https://static.igem.org/websites/common/2023/icons/medal-flat.svg
2025	5707	UOttawa	Best Infectious Diseases Project	village		nominee	underover	https://static.igem.org/websites/common/2024/icons/village/village-infectiousdiseases.svg
2025	5707	UOttawa	Best Presentation	special		nominee	undergrad	https://static.igem.org/websites/common/2023/icons/awards/best-presentation.svg
2025	5707	UOttawa	Best Wiki	special		nominee	undergrad	https://static.igem.org/websites/common/2023/icons/awards/best-wiki.svg
2025	5707	UOttawa	Gold	medal	gold	winner		https://static.igem.org/websites/common/2023/icons/medal-flat.svg
2025	5548	USP-Brazil	Best Biomanufacturing Project	village		nominee	overgrad	https://static.igem.org/websites/common/2024/icons/village/village-biomanufacturing.svg
2025	5548	USP-Brazil	Gold	medal	gold	winner		https://static.igem.org/websites/common/2023/icons/medal-flat.svg
2025	5548	USP-Brazil	Inclusivity Award	special	specialisation	winner	overgrad	https://static.igem.org/websites/common/2023/icons/awards/inclusivity-award.svg
2025	5924	USTC	Gold	medal	gold	winner		https://static.igem.org/websites/common/2023/icons/medal-flat.svg
2025	5756	USherbrooke	Best Presentation	special		nominee	undergrad	https://static.igem.org/websites/common/2023/icons/awards/best-presentation.svg
2025	5756	USherbrooke	Bronze	medal	bronze	winner		https://static.igem.org/websites/common/2023/icons/medal-bronze-flat.svg
2025	5774	UTDallas	Best Biomanufacturing Project	village		nominee	undergrad	https://static.igem.org/websites/common/2024/icons/village/village-biomanufacturing.svg
2025	5774	UTDallas	Gold	medal	gold	winner		https://static.igem.org/websites/common/2023/icons/medal-flat.svg
2025	5807	UTokyo	Gold	medal	gold	winner		https://static.igem.org/websites/common/2023/icons/medal-flat.svg
2025	5686	UZurich	Gold	medal	gold	winner		https://static.igem.org/websites/common/2023/icons/medal-flat.svg
2025	5849	UiOslo-Norway	Best New Basic Part	special	general-biology	nominee	overgrad	https://static.igem.org/websites/common/2023/icons/awards/best-new-basic-part.svg
2025	5849	UiOslo-Norway	Best Wiki	special		nominee	overgrad	https://static.igem.org/websites/common/2023/icons/awards/best-wiki.svg
2025	5849	UiOslo-Norway	Gold	medal	gold	winner		https://static.igem.org/websites/common/2023/icons/medal-flat.svg
2025	6017	Ulink-SZ	Gold	medal	gold	winner		https://static.igem.org/websites/common/2023/icons/medal-flat.svg
2025	5700	Uni-Padua-IT	Gold	medal	gold	winner		https://static.igem.org/websites/common/2023/icons/medal-flat.svg
2025	5946	UniMuenster	Best Education	special	specialisation	nominee	overgrad	https://static.igem.org/websites/common/2023/icons/awards/best-education.svg
2025	5946	UniMuenster	Best Integrated Human Practices	special	specialisation	nominee	overgrad	https://static.igem.org/websites/common/2023/icons/awards/best-integrated-human-practices.svg
2025	5946	UniMuenster	Gold	medal	gold	winner		https://static.igem.org/websites/common/2023/icons/medal-flat.svg
2025	5749	UppsalaUniversity	Silver	medal	silver	winner		https://static.igem.org/websites/common/2023/icons/medal-silver-flat.svg
2025	5937	Uprize-I	Best Integrated Human Practices	special	specialisation	nominee	high-school	https://static.igem.org/websites/common/2023/icons/awards/best-integrated-human-practices.svg
2025	5937	Uprize-I	Best Measurement	special	general-biology	nominee	high-school	https://static.igem.org/websites/common/2023/icons/awards/best-measurement.svg
2025	5937	Uprize-I	Best Presentation	special		nominee	high-school	https://static.igem.org/websites/common/2023/icons/awards/best-presentation.svg
2025	5937	Uprize-I	Best Village Project	special		winner	high-school	
2025	5937	Uprize-I	Best Wiki	special		nominee	high-school	https://static.igem.org/websites/common/2023/icons/awards/best-wiki.svg
2025	5937	Uprize-I	Finalist	finalist		winner	high-school	
2025	5937	Uprize-I	First Runner Up	grand-prize	first-runner-up	winner	high-school	
2025	5937	Uprize-I	Gold	medal	gold	winner		https://static.igem.org/websites/common/2023/icons/medal-flat.svg
2025	5937	Uprize-I	Safety and Security Award	special	specialisation	winner	high-school	https://static.igem.org/websites/common/2023/icons/awards/safety-and-security-award.svg
2025	5937	Uprize-I	Top 10	grand-prize	top	winner	high-school	https://static.igem.org/websites/common/2022/icons/awards/top10-color.svg
2025	5937	Uprize-I	iGEMers Prize	special	community	winner	high-school	https://static.igem.org/websites/common/2023/icons/awards/igemers-prize.svg
2025	5938	Uprize-II	Silver	medal	silver	winner		https://static.igem.org/websites/common/2023/icons/medal-silver-flat.svg
2025	5795	Utrecht	Gold	medal	gold	winner		https://static.igem.org/websites/common/2023/icons/medal-flat.svg
2025	6007	VERITAS-Prudens	Gold	medal	gold	winner		https://static.igem.org/websites/common/2023/icons/medal-flat.svg
2025	5912	VIS-Romania	Silver	medal	silver	winner		https://static.igem.org/websites/common/2023/icons/medal-silver-flat.svg
2025	5864	VIT-Vellore	Silver	medal	silver	winner		https://static.igem.org/websites/common/2023/icons/medal-silver-flat.svg
2025	5780	Vilnius-Lithuania	Gold	medal	gold	winner		https://static.igem.org/websites/common/2023/icons/medal-flat.svg
2025	5664	Virginia	Silver	medal	silver	winner		https://static.igem.org/websites/common/2023/icons/medal-silver-flat.svg
2025	5646	WHU-China	Gold	medal	gold	winner		https://static.igem.org/websites/common/2023/icons/medal-flat.svg
2025	5779	WIST	Silver	medal	silver	winner		https://static.igem.org/websites/common/2023/icons/medal-silver-flat.svg
2025	5996	WLSA-China						
2025	6015	WLSA-ShanghaiAcademy	Best Integrated Human Practices	special	specialisation	nominee	high-school	https://static.igem.org/websites/common/2023/icons/awards/best-integrated-human-practices.svg
2025	6015	WLSA-ShanghaiAcademy	Best New Composite Part	special	general-biology	nominee	high-school	https://static.igem.org/websites/common/2023/icons/awards/best-new-composite-part.svg
2025	6015	WLSA-ShanghaiAcademy	Best Village Project	special		nominee	high-school	
2025	6015	WLSA-ShanghaiAcademy	Gold	medal	gold	winner		https://static.igem.org/websites/common/2023/icons/medal-flat.svg
2025	6015	WLSA-ShanghaiAcademy	Top 10	grand-prize	top	winner	high-school	https://static.igem.org/websites/common/2022/icons/awards/top10-color.svg
2025	5723	WUXI-DSAS	Silver	medal	silver	winner		https://static.igem.org/websites/common/2023/icons/medal-silver-flat.svg
2025	5713	WageningenUR	Best Biomanufacturing Project	village		winner	overgrad	https://static.igem.org/websites/common/2024/icons/village/village-biomanufacturing.svg
2025	5713	WageningenUR	Best Entrepreneurship	special	specialisation	winner	overgrad	https://static.igem.org/websites/common/2023/icons/awards/best-entrepreneurship.svg
2025	5713	WageningenUR	Best Integrated Human Practices	special	specialisation	winner	overgrad	https://static.igem.org/websites/common/2023/icons/awards/best-integrated-human-practices.svg
2025	5713	WageningenUR	Best Part Collection	special	general-biology	nominee	overgrad	https://static.igem.org/websites/common/2023/icons/awards/best-part-collection.svg
2025	5713	WageningenUR	Best Presentation	special		nominee	overgrad	https://static.igem.org/websites/common/2023/icons/awards/best-presentation.svg
2025	5713	WageningenUR	Best Wiki	special		nominee	overgrad	https://static.igem.org/websites/common/2023/icons/awards/best-wiki.svg
2025	5713	WageningenUR	Gold	medal	gold	winner		https://static.igem.org/websites/common/2023/icons/medal-flat.svg
2025	5713	WageningenUR	Top 10	grand-prize	top	winner	overgrad	https://static.igem.org/websites/common/2022/icons/awards/top10-color.svg
2025	5865	Warsaw	Silver	medal	silver	winner		https://static.igem.org/websites/common/2023/icons/medal-silver-flat.svg
2025	5660	Washington	Silver	medal	silver	winner		https://static.igem.org/websites/common/2023/icons/medal-silver-flat.svg
2025	5572	Waterloo	Silver	medal	silver	winner		https://static.igem.org/websites/common/2023/icons/medal-silver-flat.svg
2025	5682	Wellington Shanghai						
2025	6014	Westlake	Silver	medal	silver	winner		https://static.igem.org/websites/common/2023/icons/medal-silver-flat.svg
2025	5934	Westview-SanDiego	Silver	medal	silver	winner		https://static.igem.org/websites/common/2023/icons/medal-silver-flat.svg
2025	5687	William-and-Mary	Gold	medal	gold	winner		https://static.igem.org/websites/common/2023/icons/medal-flat.svg
2025	5580	XJTLU-AI-China	Silver	medal	silver	winner		https://static.igem.org/websites/common/2023/icons/medal-silver-flat.svg
2025	5578	XJTLU-CHINA	Best Conservation Project	village		nominee	underover	https://static.igem.org/websites/common/2024/icons/village/village-conservation.svg
2025	5578	XJTLU-CHINA	Gold	medal	gold	winner		https://static.igem.org/websites/common/2023/icons/medal-flat.svg
2025	5636	XJTLU-Science-China	Best New Composite Part	special	general-biology	winner	undergrad	https://static.igem.org/websites/common/2023/icons/awards/best-new-composite-part.svg
2025	5636	XJTLU-Science-China	Best Oncology Project	village		nominee	underover	https://static.igem.org/websites/common/2024/icons/village/village-oncology.svg
2025	5636	XJTLU-Science-China	Best Wiki	special		nominee	undergrad	https://static.igem.org/websites/common/2023/icons/awards/best-wiki.svg
2025	5636	XJTLU-Science-China	Gold	medal	gold	winner		https://static.igem.org/websites/common/2023/icons/medal-flat.svg
2025	5636	XJTLU-Science-China	Top 10	grand-prize	top	winner	undergrad	https://static.igem.org/websites/common/2022/icons/awards/top10-color.svg
2025	5579	XJTLU-Software	Best Software & AI Project	village		nominee	underover	https://static.igem.org/websites/common/2025/icons/villages/village-softwareandai.svg
2025	5579	XJTLU-Software	Silver	medal	silver	winner		https://static.igem.org/websites/common/2023/icons/medal-silver-flat.svg
2025	5543	XJU-China	Silver	medal	silver	winner		https://static.igem.org/websites/common/2023/icons/medal-silver-flat.svg
2025	5549	XMU-China	Best Food & Nutrition Project	village		nominee	underover	https://static.igem.org/websites/common/2024/icons/village/village-foodandnutrition.svg
2025	5549	XMU-China	Best Presentation	special		nominee	undergrad	https://static.igem.org/websites/common/2023/icons/awards/best-presentation.svg
2025	5549	XMU-China	Gold	medal	gold	winner		https://static.igem.org/websites/common/2023/icons/medal-flat.svg
2025	5853	YAU-China	Gold	medal	gold	winner		https://static.igem.org/websites/common/2023/icons/medal-flat.svg
2025	5769	YK Pao	Gold	medal	gold	winner		https://static.igem.org/websites/common/2023/icons/medal-flat.svg
2025	5915	YNNU-China	Gold	medal	gold	winner		https://static.igem.org/websites/common/2023/icons/medal-flat.svg
2025	5977	Yale	Gold	medal	gold	winner		https://static.igem.org/websites/common/2023/icons/medal-flat.svg
2025	5722	YiYe-china	Silver	medal	silver	winner		https://static.igem.org/websites/common/2023/icons/medal-silver-flat.svg
2025	5987	ZEOLYM	Gold	medal	gold	winner		https://static.igem.org/websites/common/2023/icons/medal-flat.svg
2025	5869	ZJU-China	Silver	medal	silver	winner		https://static.igem.org/websites/common/2023/icons/medal-silver-flat.svg
2025	5945	ZJUT-China	Silver	medal	silver	winner		https://static.igem.org/websites/common/2023/icons/medal-silver-flat.svg
2025	5887	ZQT-China	Gold	medal	gold	winner		https://static.igem.org/websites/common/2023/icons/medal-flat.svg
2025	5791	ZQT-Nanjing	Gold	medal	gold	winner		https://static.igem.org/websites/common/2023/icons/medal-flat.svg
2025	5822	ZZU-China	Gold	medal	gold	winner		https://static.igem.org/websites/common/2023/icons/medal-flat.svg
